TEMP,DO,pH,NITRATE_N_NITRITE_N
18.0,7.5,6.9,4.92
21.0,6.4213022120000005,7.785798526000001,2.55485258
28.3,4.2,7.0,1.04
10.56322016,4.0,7.056322016,4.436779842
25.0,5.3,7.7,0.38
22.0,6.493520454,7.7,2.574081815
21.76266216,6.535194598,7.854935134,1.0
23.0,7.0,7.4,0.9
28.0,6.9,7.7,0.57
27.0,6.8,6.0,0.53
19.37474623,7.0,7.168737311,2.278258229
23.0,7.9,7.8,0.0
17.5,5.2,7.3,1.4
24.3,4.0,6.7,0.4
23.0,6.8,7.0,0.645
28.0,7.0,6.8,0.32
28.6,6.9,7.7,0.46
29.0,5.4,7.3,0.06
28.0,3.0,7.1,1.87
11.43049133,7.0,7.120696699,3.854709176
27.0,6.8,7.0,0.149
28.5,7.4,6.9,0.56
30.0,6.6,7.8,0.01
22.0,6.7,7.8,1.02
25.3,7.2,7.5,0.3
19.187,4.0,7.86,0.24
10.70098183,3.0,7.105147274,5.7710800110000005
18.74521362,3.0,7.137260681,2.608762848
27.0,7.1,7.6,0.19
28.0,4.1,7.9,0.1
18.2,6.2,7.0,5.1
28.0,5.6,7.65,1.995
19.04533186,6.0,7.152266592999999,2.451200773
21.3,6.8,7.0,2.33
29.1,4.3,7.2,0.4
10.843723,6.0,7.0843723,4.156277002
18.0,6.1,6.0,2.73
22.8,6.0,7.6,0.51
20.8,6.6,7.5,0.0
23.3,5.3,7.2,4.0
10.24351384,3.0,7.0365270760000005,5.267865227
18.2,6.2,7.0,5.1
26.8,7.0,7.8,1.9
29.3,6.7,6.9,0.22
30.7,4.8,7.6,0.0
26.999,6.863,6.0,6.0
29.0,7.1,6.0,0.585
18.99603006,7.0,7.149801503,2.47708422
18.8,7.7,7.2,3.0
18.20484561,4.0,7.1102422810000006,2.892456054
25.1,6.7,7.6,0.2
28.0,6.8,7.0,0.32
26.0,6.7,6.2,0.4
20.5,5.1,7.6,6.6
28.7,7.0,6.9,0.3
27.9,6.7,7.0,0.29
17.2,7.0,7.7,0.0
18.83684154,7.028946727,7.811842212,0.551158356
28.25,7.675,6.875,3.367
28.5,6.9,8.0,2.1
27.5,6.3,7.6,1.86
23.0,7.8,7.4,0.1
28.7,7.0,6.9,0.3
21.0,5.9,7.775628498,3.458568447
23.4,7.8,7.9,0.0
26.0,6.4,6.7,0.34
20.0,7.58,7.03,2.65
10.50903932,7.0,7.050903932000001,4.490960682
27.0,4.0,6.6,0.39
28.0,5.9,6.7,0.5
25.0,7.1,7.0,0.1669999999999999
28.0,5.5,6.6,0.4
30.0,6.1,7.0,0.58
19.50013514,3.0,7.175006757,2.21242905
27.0,6.6,7.1,0.26
28.0,6.6,7.4,4.143
22.0,6.0,7.3,2.1
22.5,4.4,7.7,12.0
28.1,6.9,7.3,1.7
25.725,5.5,6.58,3.497
25.1,6.6,7.8,0.2
27.2,7.2,6.8,0.09
26.5,7.3,8.0,2.26
29.0,6.6,7.1,1.329
19.45791263,4.0,7.172895631,2.23459587
20.0,5.8,7.4,0.73
27.0,4.8,7.8,3.75
28.0,6.8,6.9,0.25
23.8,4.0,7.6,0.5
10.19257114,5.0,7.019257114,4.807428863999999
18.00072653,7.0,7.100036327000001,2.99961857
18.7775699,6.962266139,7.822955642999999,0.59916838
27.0,7.3,7.0,0.66
28.0,7.1,8.1,0.56
10.52398168,4.0,7.052398168,4.476018324
27.0,5.8,7.3,0.88
26.0,7.1,6.1,0.5
27.0,6.4,7.0,0.7
22.1,3.0,8.1,0.0
21.0,6.0,7.8,3.0
18.0,6.0,7.1,3.0
29.6,6.4,6.7,0.2
24.825,4.325,7.045,0.25
29.0,4.0,6.6,0.6
22.7,6.1,8.2,1.8
23.3,5.7,7.3,13.75
23.5,4.8,7.2,4.0
27.0,7.6,7.7,0.34
24.1,5.7,8.2,0.9
27.0,6.7,6.4,3.6
29.0,6.3,7.6,0.1
26.0,8.0,7.6,2.216
10.2372108,5.0,7.02372108,4.7627892
28.2,6.4,7.6,0.4
18.69026173,3.0,7.134513086,2.637612594
30.0,4.0,6.0,1.028
22.0,4.9,7.7,7.7
24.3,5.0,7.3,6.2
11.13387361,4.0,7.170081041,6.247260969
19.09612413,5.0,7.154806206,2.424534832
21.0,6.22298995,7.62298995,2.264484925
20.0,5.9,7.2,2.05
31.0,7.3,7.0,0.138
23.0,6.4,7.4,1.262
26.0,7.6,8.1,1.43
28.0,6.4,7.0,1.837
10.59284053,5.0,7.059284053,4.40715947
28.0,5.8,7.5,0.25
22.0,6.6,7.2,0.83
10.12477072,3.0,7.012477072,4.875229281
27.3,6.7,7.4,0.3
28.0,6.2,7.7,0.2
28.8,6.0,7.8,0.2
29.0,6.7,6.9,0.2
21.0,6.21133605,7.61133605,2.247004075
25.5,7.2,7.5,0.0
25.5,7.3,6.5,0.6
25.0,3.1,7.6,3.7
18.57250106,4.0,7.128625053,2.699436946
29.1,6.2,8.2,2.3
18.8,7.6,7.2,2.0
23.1,7.2,7.2,4.5
24.975,6.5,7.33,0.33
30.0,6.0,7.6,1.654
28.0,7.4,7.0,0.614
28.0,4.4,7.1,1.17
29.9,5.7,6.9,0.14
26.9,5.8,7.1,1.6
26.0,6.6,6.3,1.07
24.0,6.5,7.2,0.17
29.0,5.6,6.9,1.72
28.0,6.9,7.4,6.0
24.0,7.7,6.0,0.386
10.20950278,7.0,7.020950278,4.790497217
26.8,5.0,8.2,2.0
29.0,6.7,7.35,0.973
23.0,6.9,7.2,2.318
10.04416707,4.0,7.00662506,5.048583775
29.3,6.5,6.7,1.25
28.0,7.0,6.8,0.66
22.0,7.984423607999999,8.299096525,0.659932524
20.6,6.5,7.1,3.56
28.0,6.4,8.0,0.5
27.4,5.9,7.4,0.4
27.8,6.0,7.9,0.4
30.8,6.3,7.0,1.0
28.0,5.5,8.4,0.0
19.67526075,4.0,7.183763037,2.120488108
10.5513971,5.0,7.05513971,4.448602903
18.809171600000003,3.0,7.14045858,2.575184909
27.0,7.3,6.9,0.09
25.0,7.0,7.38,3.55
23.7,7.4,7.7,0.3
17.4,7.9,7.3,1.5
30.0,6.0,7.3,0.475
22.0,6.5,8.2,0.05
30.0,4.3,7.4,0.687
19.86076758,3.0,7.193038379,2.023097019
29.5,7.1,8.2,0.2
28.0,5.5,7.5,2.297
19.21306595,7.0,7.1606532970000005,2.363140377
21.0,4.8,7.4,4.6
20.35388177,6.958447292000001,7.912329062,0.594794874
23.0,7.7,8.1,4.8
29.2,6.2,8.3,0.5
29.0,5.3,7.37,0.2019999999999999
18.41956642,3.0,7.120978321,2.779727631
19.08859833,7.0,7.154429917000001,2.428485875
21.25,5.87,7.84,1.927
30.0,4.7,8.3,0.5
29.5,6.4,8.2,2.0
25.5,4.0,7.7,2.8
28.0,5.8,6.5,0.37
11.29767152,6.0,7.114311131,3.899535863
26.0,6.5,6.4,0.13
26.8,6.1,7.7,1.0
25.0,5.8,7.7,12.0
27.0,4.2,7.6,0.18
26.0,5.0,7.6,0.0
29.3,5.9,8.3,0.4
29.0,4.0,7.8,1.45
28.667,7.1,7.507000000000001,0.21
10.17150124,7.0,7.025725186,5.188651366
10.65702271,5.0,7.065702271,4.34297729
25.0,6.4,7.1,0.47
28.0,7.2,7.2,0.14
30.2,7.4,6.9,0.0
22.1,6.9,7.5,2.0
27.0,6.7,7.6,0.76
14.16117673,6.312823712999999,7.867105861000001,17.16344787
25.0,5.6,6.8,0.06
24.5,3.0,8.1,0.0
23.0,6.2,7.0,1.416
19.912,6.2,6.63,0.444
10.14682157,7.0,7.022023235,5.161503727
22.0,5.5,6.0,1.12
24.0,4.88,7.94,2.378
28.8,7.3,7.3,2.43
28.7,7.0,6.8,0.8
10.42676171,7.0,7.042676171,4.57323829
26.6,6.9,7.1,0.18
28.8,7.6,6.2,0.38
17.38866205,5.788713091,7.861108276,1.282982572
19.5,4.9,7.7,4.2
21.0,6.691944387,8.033555509,2.290605603
11.0400815,6.0,7.156012225,6.144089649
18.861652,4.0,7.1430826000000005,2.547632701
23.7,5.0,7.3,0.0
21.0,6.29118923,7.69118923,2.366783844
28.1,4.8,6.8,0.8
27.0,7.3,6.1,0.2
28.0,6.5,6.3,0.22
26.8,6.6,7.8,1.8
28.0,7.1,7.0,0.71
25.0,7.7,6.6,0.15
27.0,7.3,6.0,0.603
24.6,3.0,7.5,0.9
19.36156038,7.0,7.168078019,2.2851807980000003
29.8,7.5,7.2,0.1
16.5,5.1,7.85,1.65
26.0,7.5,7.2,0.648
24.5,7.6,8.1,0.6
25.3,5.8,7.8,0.24
25.0,5.0,7.6,6.1
29.4,7.2,8.3,0.2
26.0,3.0,7.4,0.47
10.51643262,5.0,7.051643262000001,4.483567382
27.0,3.9,7.0,0.512
18.36745811,7.0,7.118372905,2.807084493
27.3,6.5,6.5,0.4
28.0,7.2,6.7,0.28
28.0,6.4,6.7,0.1
27.0,7.1,7.4,0.72
27.0,6.233,6.9,1.267
28.0,6.7,6.6,0.22
28.7,4.1,7.9,2.0
28.0,6.8,7.12,0.198
20.09500594,5.504994062000001,8.004994062,7.004994062000001
16.0,7.6,7.0,3.01
30.2,5.8,7.8,2.61
23.6,5.0,6.8,0.0
29.9,7.2,7.9,0.2
27.8,7.1,5.9,0.28
27.8,3.0,7.2,0.0
28.2,7.2,7.7,1.0
29.0,7.0,6.2,0.45
26.6,5.8,6.9,2.4
20.8,7.3,7.0,0.69
27.0,7.8,6.4,0.851
29.0,6.8,6.5,0.15
27.0,6.9,7.0,0.1639999999999999
26.6,6.1,7.4,1.98
30.1,6.6,7.4,3.6
24.0,5.5,7.4,6.8
19.44309877,6.0,7.172154939,2.242373146
27.0,7.6,6.6,0.25
28.0,6.5,7.9,3.8
29.0,6.8,7.5,0.6
24.6,5.8,7.4,0.8
28.3,7.3,7.1,1.17
30.0,7.5,7.35,0.745
29.0,6.5,7.5,0.4
29.0,5.0,8.4,0.0
10.08733154,7.0,7.008733154,4.9126684560000005
18.15055125,7.0,7.1075275620000005,2.920960596
24.9,7.9,8.0,0.0
30.0,6.7,6.9,19.4
19.6,7.7,7.2,2.0
20.42540472,6.92983811,7.955242835,0.646291401
20.743,6.869,6.9,0.0
21.94508039,6.745080392,7.709839217000001,0.914347256
21.0,6.1,7.8,2.9
18.23439791,5.0,7.111719896,2.876941095
23.0,6.9,7.5,3.93
28.3,5.9,6.6,0.18
28.0,6.9,7.0,0.21
15.27768868,6.72974842,7.181803147999999,1.120331763
29.0,4.0,7.5,1.093
26.5,6.4,7.4,2.89
22.33,6.7,8.12,0.15
28.2,6.6,6.5,0.14
21.0,7.4,6.0,0.64
24.5,6.0,8.0,2.0
22.0,7.878153475,7.9,0.271846525
23.4,3.0,7.6,0.0
24.5,6.6,6.4,0.2
28.5,6.6,7.9,0.8
24.0,6.0,8.3,0.43
23.775,6.7,7.6,0.183
16.0,8.0,7.0,1.6
26.6,7.3,7.1,0.41
25.0,7.7,6.3,3.88
23.0,6.4,8.0,3.91
11.26515198,6.0,7.112747691,3.910511208
27.0,7.2,7.9,1.2
10.71178122,4.0,7.071178122,4.288218781
23.0,7.3,7.8,1.647
18.178,4.2,7.0,0.0
28.8,5.2,7.9,1.1
10.20123768,5.0,7.020123768,4.7987623180000005
23.9,7.8,7.3,2.99
14.64268833,7.0,7.275129247000001,2.770592688
24.0,3.0,7.9,4.408
26.3,4.7,8.4,11.5
27.6,6.6,6.9,0.37
19.38807867,7.0,7.169403934,2.271258696
10.89281872,6.0,7.089281872000001,4.107181276
19.94437312,7.0,7.530017937999999,0.981274072
20.0,7.3,7.3,3.0
29.3,7.4,6.8,0.4
18.02246837,4.0,7.101123417999999,2.9882041060000004
32.0,7.8,7.0,2.703
18.78144849,6.0,7.139072425,2.589739541
10.16711511,4.0,7.0167115110000005,4.832884893999999
25.1,6.6,7.8,0.2
21.97725658,6.777256584,7.645486833,0.853212491
24.5,7.6,7.5,0.0
17.8,7.9,7.3,1.0
29.0,7.8,6.69,0.348
24.5,7.1,7.3,0.1
29.0,6.8,6.0,0.342
22.666,6.7,6.93,0.77
24.312,7.1,6.98,0.152
18.5829909,4.0,7.129149545,2.693929777
27.0,6.7,7.56,0.447
29.0,7.0,7.6,1.898
24.7,7.8,7.9,0.0
10.55006622,4.0,7.0550066220000005,4.449933779
19.53652631,7.0,7.176826315,2.193323689
29.5,5.3,6.8,0.3
10.88117693,3.0,7.088117692999999,4.118823066
22.77,7.5,6.0,0.568
29.0,6.1,8.33,1.975
21.7,5.2,7.0,1.5
10.60546871,3.0,7.060546871000001,4.394531291
25.3,4.7,7.8,0.0
21.0,7.6,7.9,1.4
19.0,5.8,7.8,0.85
15.61853767,4.0,7.32204508,2.441243535
11.09628282,5.0,7.164442423,6.205911102999999
10.5097844,6.0,7.076467661000001,5.560762844
24.7,5.3,8.2,0.7
21.9,7.0,7.6,0.4
18.66374883,7.0,7.1331874410000005,2.651531867
29.3,7.6,6.8,0.31
26.0,6.5,7.8,1.99
21.0,6.294964467000001,7.694964467,2.372446701
10.75636901,4.0,7.075636901,4.243630994
27.6,6.9,8.1,2.26
23.3,7.0,7.4,0.0
23.0,7.0,7.7,0.93
18.2,7.2,7.0,3.7
23.3,6.0,6.7,0.0
26.0,4.4,7.3,0.15
23.299,5.4,6.85,0.457
25.3,7.2,7.0,0.0
18.59613399,6.758150735,7.856974877000001,0.746131471
18.98485594,4.0,7.149242797,2.4829506340000003
29.3,6.2,7.2,0.39
30.8,6.8,7.8,0.67
28.5,6.9,7.0,0.08
24.4,5.4,8.1,2.7
33.3,4.8,8.3,6.0
24.8,7.4,7.0,0.05
26.75,6.9670000000000005,6.933,0.4
26.7,6.4,6.4,1.0
29.0,7.4,7.1,0.713
20.03539314,5.0,7.534393901,0.950554814
18.9,7.1,7.8,0.5
21.0,5.9,7.773288135,3.45458983
24.8,6.5,7.3,0.55
10.55192758,5.0,7.055192758,4.448072422
27.0,4.8,7.2,2.08
24.0,3.0,6.95,2.6
18.5,6.65,7.875,0.8240000000000001
23.0,7.6,7.5,1.754
30.0,6.2,7.4,3.2
28.0,4.2,6.5,0.39
11.93836902,7.0,7.290755353,7.132205923
29.3,6.8,7.7,4.57
26.8,5.9,8.1,0.2
30.7,6.9,6.8,0.2
29.0,7.0,6.0,0.163
28.667,6.8,7.042999999999999,0.153
29.4,5.4,7.6,0.1
22.6,7.0,7.9,0.0
26.0,6.6,6.7,0.32
27.0,7.0,6.6,0.37
18.333,4.033,7.667000000000001,1.767
28.0,6.9,6.44,0.231
28.6,6.3,8.0,0.3
21.0,5.5,7.4,5.08
10.12900214,7.0,7.019350321,5.141902354
10.30370624,4.0,7.030370624,4.696293762
23.8,7.1,6.8,0.22
23.7,5.6,7.9,0.8
28.0,7.0,6.9,0.17
26.3,7.4,7.0,0.26
19.66951679,7.0,7.18347584,2.123503683
29.0,7.0,7.3,0.18
30.2,6.9,6.5,0.6
20.5,6.9,8.0,0.7
25.0,7.0,7.7,0.08
10.18516103,6.0,7.018516103,4.814838965
28.0,5.5,7.7,0.72
30.8,5.5,7.1,0.09
28.0,7.3,6.6,0.41
21.6,7.5,8.1,0.4
22.0,6.7129801460000005,7.762596029,2.106105956
28.1,5.0,6.9,0.4
18.08191697,5.0,7.104095847999999,2.956993593
28.0,5.5,8.1,1.0
25.8,7.2,7.9,0.3
20.5,4.7,6.7,7.7
27.2,6.9,7.5,0.54
10.90905266,6.0,7.136357899,5.9999579270000005
22.0,6.440909711000001,7.7,2.363638845
15.65076975,6.304769074,7.619523093,13.30999951
19.73412209,3.0,7.186706104,2.089585904
18.19255223,3.0,7.1096276110000005,2.89891008
21.0,4.4,7.2,3.75
11.95392007,4.0,7.29308801,7.149312077
27.6,6.8,8.2,0.87
26.5,7.2,7.1,0.15
10.571927699999998,3.0,7.05719277,4.428072304
15.0,7.1,7.03,1.0
26.0,5.1,6.3,3.1
10.92213737,3.0,7.092213737000001,4.077862632
29.0,7.3,6.9,0.2
20.7,6.3,8.3,1.58
23.0,7.0,8.0,0.0
23.0,7.7,8.1,0.3
29.0,7.2,6.0,0.366
28.0,6.9,7.8,0.86
27.0,4.1,7.57,0.302
30.0,7.7,8.1,0.9
26.4,6.9,8.0,0.8
19.60499567,3.0,7.180249784,2.1573772730000003
26.0,6.9,6.6,1.4
28.0,6.7,6.8,0.4
27.0,6.2,7.4,0.2
28.5,5.9,7.9,3.0
25.0,7.1,7.0,0.411
25.0,7.4,7.6,1.706
18.9,3.0,7.1,1.644
25.0,7.7,7.3,1.953
26.5,7.3,7.9,2.23
28.0,7.5,7.0,2.729
24.8,6.7,7.5,1.0
10.66484044,7.0,7.099726066000001,5.731324484
16.18358704,3.0,7.349210915,2.250539374
18.01525258,5.0,7.100762629,2.991992396
29.0,5.4,7.6,0.07
18.74098723,6.0,7.137049362000001,2.610981702
29.0,6.9,7.7,0.37
28.7,7.0,7.6,1.0
18.7,7.7,8.2,0.0
26.5,7.4,7.9,0.8
19.333,6.7,7.44,0.65
22.0,8.0,8.31,0.655
10.78616573,6.0,7.078616573,4.213834267
26.2,6.6,7.3,0.39
22.547,7.661,7.2,0.0
26.8,7.5,8.0,1.89
26.4,6.8,7.7,0.43
18.61626065,7.0,7.130813032000001,2.676463159
29.0,4.9,6.6,0.76
27.4,7.0,8.0,0.49
27.6,6.6,8.1,0.3
25.8,6.0,7.6,1.1
20.2,7.3,7.2,3.3
27.0,6.2,7.7,1.56
14.46150302,6.523052114,7.843079757999999,16.74689531
28.8,6.6,7.0,0.3
28.7,6.7,6.6,0.22
30.4,5.5,7.7,0.08
31.0,3.6,7.0,0.09
26.9,6.6,7.4,0.74
27.0,7.0,7.2,0.46
28.0,7.0,6.3,0.31
22.0,4.3,7.5,7.65
22.3,7.3,7.9,2.0
27.3,6.3,8.1,0.4
12.73740697,6.0,7.183529181,3.413625149
27.8,5.3,6.4,0.11
22.3,7.9,7.8,0.0
28.0,7.0,7.2,0.3
27.4,6.6,7.8,0.9
26.0,7.6,7.3,0.03
10.86307282,6.0,7.086307282000001,4.136927182
10.73221686,4.0,7.073221686,4.267783135
19.474,7.0,7.315,2.369
26.2,7.2,7.5,0.9
30.1,6.0,7.6,0.17
21.86401619,6.656819429,7.814393524,1.0
30.3,5.3,7.3,0.08
27.0,5.9,7.4,0.4
10.84899027,4.0,7.0848990270000005,4.151009731
27.9,6.7,6.4,0.1
26.0,7.0,7.7,0.13
29.0,5.2,7.0,0.35
26.0,7.0,7.0,0.3
23.2,4.4,8.1,1.0
18.03382211,4.0,7.1016911060000005,2.98224339
21.0,5.9,7.8,3.5
19.82020736,7.0,7.191010368,2.044391135
23.9,6.2,8.1,0.7
18.27613374,3.0,7.113806687,2.855029785
27.0,7.3,8.0,0.69
30.6,6.7,7.5,0.1
28.6,6.6,7.6,0.7
18.83423296,6.081803967000001,7.824865056,0.841380114
30.0,7.9,7.9,0.21
28.0,6.0,6.2,0.48
28.5,6.3,8.4,0.9
19.95499462,3.0,7.197749731,1.973627822
19.90966095,5.6632373320000005,8.095483048,7.442384982
25.7,7.2,7.9,0.3
17.0,3.0,8.0,0.0
21.5,7.5,5.7,2.21
27.9,6.7,6.8,0.53
24.5,6.7,7.7,3.0
24.519,7.323,7.76,5.657
27.0,6.8,6.6,0.2
18.6758813,7.0,7.133794065,2.64516232
28.0,6.6,7.5,0.25
14.46341004,6.524387025,7.842927197000001,16.74425028
29.0,6.0,6.7,0.29
28.7,6.9,7.4,0.27
24.0,7.1,7.4,0.07
28.0,7.3,7.3,0.08
27.6,7.1,7.3,0.84
10.15863708,7.0,7.015863708,4.841362922
18.0,4.9,7.4,4.77
11.52235928,3.0,7.1251134270000005,3.823703744
17.0,7.7,7.1,2.89
23.3,7.7,7.7,0.3
15.0,7.1,7.03,1.0
10.69447024,3.0,7.069447024,4.305529764
11.19999701,5.0,7.179999552000001,6.319996716
22.0,7.743067217999999,8.130147052,0.7363620479999999
29.5,7.1,8.0,0.4
10.29495682,5.0,7.029495682,4.705043178
25.2,7.8,7.2,1.77
20.749,7.263,7.29,2.761
25.0,7.5,7.53,0.5670000000000001
22.5,4.6,7.4,4.0
25.0,6.5,7.4,1.9
28.4,3.5,8.1,0.0
28.0,7.1,8.0,0.02
21.82771567,6.613258804,7.828913732,1.0
26.2,6.9,7.2,0.18
29.4,5.4,7.6,0.1
20.0,4.8,7.4,4.7
25.2,7.5,7.3,2.8
10.49750272,5.0,7.049750272000001,4.50249728
29.0,3.0,7.6,1.31
27.3,6.8,8.5,0.11
26.427,4.2,7.0,4.0
21.90696019,5.419779857999999,7.779158317,0.921061825
27.5,5.6,6.9,0.4
19.02498676,7.0,7.151249338,2.461881953
19.47168666,3.0,7.173584332999999,2.227364503
26.8,7.1,7.4,0.5
21.0,6.047449993,7.8,2.952550007
28.0,6.8,6.0,0.307
18.60268235,6.0,7.130134118,2.683591765
20.88917097,6.678341931,8.236943011000001,1.920507738
15.084,6.6,7.75,0.505
15.529,6.3,7.15,0.223
10.42259424,7.0,7.042259424,4.577405763
15.71983819,6.284048543,7.621595146000001,13.44903427
27.3,5.3,8.0,2.9
10.60850535,6.0,7.060850535,4.391494645
24.7,7.7,7.9,0.8
22.0,7.773547641,8.151483349,0.7267099140000001
29.6,6.9,7.9,0.4
27.0,6.7,7.4,0.22
23.0,7.3,7.4,0.58
10.88347404,4.0,7.088347403999999,4.116525959
29.0,6.5,6.6,0.37
18.56291928,5.0,7.128145964,2.70446738
28.9,6.4,7.2,0.4
27.0,6.9,6.9,0.23
28.0,5.2,6.1,0.14
28.0,4.0,7.5,2.059
10.20401963,4.0,7.030602945,5.224421596
15.030783,6.0,7.293787644,2.639610737
24.3,6.3,7.1,0.57
22.0,6.6,7.2,0.83
28.5,6.433,6.667000000000001,0.292
24.0,3.8,7.8,0.66
27.0,6.8,6.0,0.475
18.0,4.2,7.733,1.4
26.0,5.1,7.2,2.083
10.95972728,7.0,7.143959092,6.055700009
29.3,5.6,7.3,0.4
10.68419744,4.0,7.102629617000001,5.752617189
27.3,6.8,8.4,0.3
30.0,5.5,7.4,0.1
18.7,7.4,7.2,3.0
30.0,6.1,7.8,0.06
21.0,6.22452191,7.62452191,2.266782865
22.7,7.4,7.4,0.4
28.3,7.3,5.9,0.22
23.3,6.8,7.1,0.11
27.0,6.8,7.8,0.56
28.0,7.1,7.0,0.1
18.0,5.533,7.3,1.567
22.0,7.9,7.9,0.25
10.87539281,7.0,7.087539281000001,4.124607188
29.0,4.7,6.6,0.26
10.06260226,6.0,7.006260226,4.937397739
27.0,3.5,7.3,0.62
18.55799278,6.0,7.127899639,2.707053789
28.0,5.1,7.43,2.3
22.5,5.7,6.9,1.435
29.0,4.0,7.1,1.108
28.0,7.1,6.0,0.367
25.7,7.3,6.2,0.33
29.0,6.3,7.5,0.06
12.65748938,6.0,7.179686989,3.440597334
22.3,7.0,8.1,0.0
21.0,6.081003608,7.8,2.918996392
27.8,6.2,6.6,0.21
10.22250653,6.0,7.022250653,4.7774934710000005
28.5,6.867000000000001,7.067,0.285
18.14912388,4.0,7.107456194,2.92170996
21.0,5.3,7.5,5.08
29.0,7.4,7.0,0.1
24.5,7.0,8.1,0.0
28.0,7.2,8.2,1.7
10.84033876,4.0,7.126050814,5.924372633
17.3,6.0,7.0,3.715
19.45882119,7.0,7.172941058999999,2.234118877
23.0,5.5,7.3,5.0
26.3,7.4,6.2,0.41
28.0,4.9,8.3,0.0
21.9,6.7,7.8,1.0
20.0,7.0,7.0,3.03
28.8,6.7,7.9,0.56
28.3,6.6,7.2,0.13
25.0,6.0,7.4,7.222
26.225,5.0,7.5,9.0
25.8,3.2,7.6,19.2
25.156,7.4,7.2,0.23
21.0,6.234942549,7.7,3.2881321810000004
27.6,3.0,7.0,1.49
27.3,6.0,7.9,0.7
19.53613227,5.0,7.176806614,2.193530558
18.06220309,4.0,7.103110154,2.967343379
24.0,7.4,7.8,1.0
10.09727579,7.0,7.009727579,4.902724209
21.0,6.027010688,7.8,2.972989312
19.45046018,5.0,7.172523009,2.238508406
26.0,6.7,6.2,1.0
18.71930798,4.0,7.135965399,2.6223633090000003
29.0,7.3,7.4,4.1
28.0,5.4,5.9,0.1
11.66937919,5.0,7.250406879,6.836317112000001
18.71081519,7.0,7.135540759,2.626822026
30.0,5.7,8.0,0.5
26.1,7.7,7.2,0.28
23.9,6.7,7.1,0.34
25.8,5.7,8.0,0.5
26.4,6.7,7.7,2.04
29.5,7.1,6.6,0.13
25.0,3.0,7.3,1.62
25.9,5.6,8.0,0.5
19.30955248,5.0,7.165477623999999,2.312484945
21.0,7.5,6.0,1.824
29.3,3.0,7.6,0.4
10.91797516,4.0,7.091797516000001,4.082024836
22.329,7.1,6.83,0.835
20.7,7.1,7.5,0.0
28.4,6.2,7.8,0.26
19.7,6.5,8.2,0.0
18.0,8.0,7.2,2.47
24.4,7.0,7.7,0.3
19.0,7.2,7.1,2.86
10.55549737,4.0,7.055549737000001,4.444502632
24.4,7.2,7.3,0.1
18.72021562,6.0,7.136010781,2.621886797
19.7377389,5.0,7.186886945,2.087687078
29.3,6.3,6.9,0.99
19.11766424,3.0,7.155883212000001,2.413226272
26.8,3.4,7.8,1.5
25.0,5.6,7.9,1.9
20.0,5.7,7.4,3.1
29.0,6.3,6.4,1.4
19.54568546,5.918020178,8.077284273,8.821852104
27.0,7.6,6.3,0.2
28.5,7.0,7.132999999999999,0.168
24.658,5.1,7.45,1.81
14.53043818,6.571306722999999,7.837564946,16.65128225
28.6,5.6,6.4,0.4
25.7,6.6,6.7,0.2
29.0,5.9,7.1,0.903
19.88329204,4.0,7.194164602000001,2.011271681
27.2,7.0,8.0,1.0
20.0,4.5,6.6,4.1
29.8,5.7,7.2,0.2
26.0,6.0,7.3,6.8
22.0,7.782420997000001,8.157694698,0.7239000179999999
26.9,6.0,5.9,0.31
21.0,5.9,7.772237867,3.452804374
28.1,5.9,8.1,1.2
28.6,5.4,8.2,2.6
27.9,6.9,7.3,1.6
25.0,7.4,7.5,0.0
24.4,5.0,8.0,2.0
28.5,5.7,7.4,1.47
24.8,7.4,7.9,0.6
28.9,7.2,7.9,0.42
26.0,7.4,7.0,0.4529999999999999
19.82589753,3.0,7.191294876000001,2.041403798
10.13769309,3.0,7.013769309,4.862306915
28.1,4.6,8.0,6.88
27.8,6.0,8.0,6.22
18.3,7.0,7.2,20.3
28.0,6.5,7.6,2.41
23.0,5.8,7.4,7.662
18.68229228,7.0,7.134114614,2.641796551
10.26974512,6.0,7.040461767999999,5.296719631
23.0,7.0,8.1,0.0
21.0,6.654850927000001,8.003880741,2.32102224
24.0,6.1,7.5,0.34
24.0,7.7,7.8,0.0
26.0,7.3,7.2,0.19
26.0,6.8,6.2,0.18
25.5,6.9,7.5,0.55
26.0,6.1,7.5,0.25
10.61678331,6.0,7.061678331,4.383216694
22.0,7.83899395,7.9,0.31100605
28.0,4.0,7.6,1.436
28.0,5.7,7.2,0.75
29.0,7.4,7.2,0.3
14.02545251,6.217816756,7.877963799,17.35169737
21.0,6.027077341,7.8,2.972922659
27.0,4.2,7.9,7.0
29.6,6.5,8.0,0.2
22.0,5.8,7.6,3.335
19.63901974,6.0,7.1819509870000005,2.139514636
11.0,6.0,7.1,4.0
26.8,6.5,8.1,0.65
11.42890958,4.0,7.214336437,6.5718005370000006
11.85927691,6.0,7.14131139,3.709994043
28.0,6.4,6.1,0.28
24.5,6.0,7.7,1.0
18.51547566,5.0,7.125773783,2.729375277
18.69057642,5.0,7.134528821,2.63744738
28.0,7.3,8.0,0.5
18.73100137,6.0,7.471682757999999,1.390787037
23.6,7.919,7.5,6.8
25.6,6.9,7.9,2.8
18.71132857,6.0,7.470736951,1.397426607
18.8,7.1,7.1,5.6
26.4,6.9,7.4,0.35
20.5,5.4,6.8,5.1
15.0,6.5,7.6,12.0
21.375,6.0,6.75,0.792
29.0,3.0,8.0,4.52
21.0,6.497054958,7.735296695,2.643230784
21.0,7.3,7.0,2.331
24.0,7.6,6.6,1.8
28.0,7.2,8.1,0.36
26.0,6.6,6.7,0.38
10.19817851,6.0,7.019817851,4.801821487
29.3,4.2,6.7,0.16
10.01602383,3.0,7.001602383,4.983976167
27.286,6.525,6.5,0.2269999999999999
10.36707874,5.0,7.036707874,4.632921264
20.0,7.58,7.03,2.65
27.8,6.7,6.3,0.44
27.0,6.1,6.5,0.43
22.6,6.3,7.8,0.9
27.0,6.4,6.7,0.2
21.8,7.7,7.2,1.5
10.79166047,4.0,7.079166047,4.208339528
21.3,5.0,6.0,2.29
29.3,6.6,6.5,0.87
25.8,6.7,7.4,0.6
27.0,7.8,6.0,0.497
18.16633303,5.0,7.108316652,2.9126751580000003
25.7,5.5,7.7,0.3
32.0,6.8,7.8,2.0
21.0,6.455235538999999,7.763176307,2.594441462
24.7,7.3,7.7,0.0
28.7,6.9,6.7,0.4
29.0,6.9,6.6,0.83
14.22719718,6.359038024,7.861824226,17.07187751
30.0,8.0,7.8,5.503
26.0,7.0,8.0,1.11
20.0,7.3,7.3,3.0
19.48350789,7.0,7.174175395,2.221158357
28.0,5.2,7.2,0.18
26.3,6.3,6.5,4.0
28.0,6.3,6.6,0.1
24.8,6.7,7.8,0.83
23.3,5.5,7.2,4.0
18.90106374,7.0,7.145053187,2.526941536
27.0,6.7,7.6,0.15
24.5,4.0,8.1,0.0
20.12620027,7.049519892999999,7.77572016,0.430864192
18.53763107,3.0,7.126881554,2.7177436860000004
19.90210658,5.0,7.195105329,2.001394046
29.8,6.6,6.9,0.29
21.0,7.5,6.3,0.82
22.0,6.2,7.3,0.5
22.3,3.0,8.1,0.0
26.7,7.1,7.5,1.0
10.326662400000002,7.0,7.03266624,4.673337599
27.0,5.9,7.2,0.65
29.0,6.8,6.5,0.26
20.0,5.6,8.1,7.1
10.35139951,5.0,7.035139951000001,4.648600491
27.9,7.0,7.8,1.3
28.0,6.8,6.6,0.14
28.6,6.3,6.6,0.19
25.1,5.9,8.0,0.7
27.1,6.8,7.9,0.8
11.46064015,5.0,7.122146161,3.844533951
18.0,7.9,7.2,2.72
28.7,7.2,7.6,1.0
26.0,6.2,7.1,0.09
28.6,5.0,6.4,0.35
11.88271525,6.0,7.282407287000001,7.070986771
29.0,6.3,8.0,0.3
18.3,7.3,7.1,2.4
19.12737401,4.0,7.156368701,2.408128643
29.0,3.0,6.0,1.97
27.0,5.9,7.4,0.4
25.0,7.7,7.2,2.67
30.1,5.2,7.1,0.3
26.5,6.7,8.0,0.7
19.34126348,5.0,7.167063174,2.295836671
18.17886798,3.0,7.108943399,2.9060943110000004
28.0,5.0,7.6,6.854
18.35386508,3.0,7.117693254,2.8142208330000003
17.5,6.25,7.9,19.4
27.0,7.4,6.6,0.29
28.0,7.6,6.7,0.11
29.3,7.2,8.2,1.0
29.5,5.8,7.3,0.4
23.0,6.4,7.6,0.645
28.1,6.3,6.2,0.59
23.0,5.1,6.9,0.726
25.0,7.0,7.9,0.55
29.0,7.1,6.8,1.12
24.8,7.0,7.4,0.0
27.3,5.9,7.4,1.2
15.60192139,6.297438147,7.35905036,1.260832602
18.49934294,4.0,7.124967147,2.737844955
26.4,6.7,6.6,0.34
29.2,6.7,7.8,4.78
21.9383524,6.738352405,7.72329519,0.927130431
26.8,7.1,7.9,0.48
19.16338548,4.0,7.158169274,2.389222623
29.0,6.4,7.7,0.1
25.666,5.0,7.3,0.0
23.3,5.1,7.3,5.0
31.2,5.2,8.3,2.3
23.0,8.0,8.2,2.192
29.0,6.5,7.0,0.27
29.0,7.0,8.1,1.2
27.1,6.7,8.3,2.395
10.10127379,7.0,7.015191067999999,5.111401164
21.0,6.0,7.8,3.0
29.5,5.8,7.7,0.2
27.0,6.7,8.1,1.0
25.0,5.0,7.6,6.1
13.57571326,5.0,7.223832367999999,3.130696776
23.8,6.7,6.3,0.2
14.84773019,6.793411131,7.812181585,16.21119823
23.0,7.2,7.2,1.0
23.8,5.3,8.2,1.0
26.0,7.0,7.1,0.44
24.0,4.9,7.6,1.8
18.03721063,5.0,7.101860532000001,2.980464418
25.3,4.5,7.5,0.0
21.5,8.0,8.1,0.1
18.17025486,5.0,7.108512743,2.9106162
22.0,7.085414787,7.837082957000001,1.994375564
28.0,4.8,7.7,0.34
27.714,6.542999999999999,7.229,0.307
23.0,7.7,7.0,1.4
26.7,7.0,7.5,0.4
26.0,7.2,7.84,0.528
25.5,7.05,7.995,1.195
28.0,7.4,6.8,0.06
20.0,7.7,7.4,0.37
24.7,5.5,7.4,6.1
24.9,6.0,7.1,0.53
28.0,5.4,7.0,0.92
18.425,6.1,8.0,1.035
10.11375144,3.0,7.011375144,4.886248565
10.68630821,6.0,7.068630821,4.313691792
16.01419121,4.0,7.341066885,2.307710468
28.0,7.5,6.0,1.887
20.40043939,4.0,7.551944201,0.827351707
29.1,7.3,6.7,0.1
21.91816233,5.485229709,7.729978565,1.161794798
18.8,7.2,7.1,3.4
29.3,6.6,7.0,0.27
25.4,7.2,7.7,1.7
27.7,7.1,7.4,0.14
20.0,6.6,7.15,2.1
21.0,7.1,8.1,0.3
18.88589684,4.0,7.144294842000001,2.534904159
28.2,7.0,6.9,0.3
20.0,7.0,7.2,1.95
17.78825906,4.0,7.426358608999999,1.708962568
32.0,6.7,7.2,2.1
22.0,6.4820520020000005,7.7,2.52820801
19.50302024,3.0,7.175151012000001,2.210914373
19.12432708,4.0,7.490592648,1.258039612
30.0,7.525,6.61,0.283
19.2,5.1,7.0,4.7
19.64087622,6.0,7.182043811000001,2.138539984
27.0,6.0,7.3,0.4
19.71319887,6.0,7.185659944,2.100570593
28.0,7.6,6.6,3.4
28.0,6.9,6.8,0.1
27.0,6.4,7.6,0.96
27.0,6.2,7.0,1.05
28.0,6.6,7.7,0.0
32.6,4.0,6.8,0.8
23.767,3.0,7.857,1.414
19.79115493,6.0,7.189557747,2.059643659
21.0,6.6290157910000005,7.647322806,2.797185089
27.0,7.6,7.9,17.0
10.82184349,5.0,7.082184348999999,4.178156513
18.42732242,3.0,7.121366121,2.775655732
28.0,7.233,6.867000000000001,0.853
24.0,7.828,7.8,1.0
21.2,7.3,6.6,2.4
25.3,7.5,7.9,1.0
14.54996094,7.0,7.270671199,2.801888183
22.7,7.3,7.2,1.7
21.0,6.183429753,7.7,3.294571281
18.11704674,7.0,7.105852337000001,2.938550459
27.3,7.1,7.2,1.4
17.0,6.8,6.6,3.07
22.7,5.4,7.2,2.151
11.04760758,5.0,7.1022888260000006,3.983932441
27.0,3.5,6.9,0.15
10.83636902,3.0,7.083636902,4.163630977
27.0,5.9,7.48,2.2
22.0,5.0,6.7,2.2
19.1,4.7,7.2,15.0
10.46551482,3.0,7.069827223,5.512066304
10.29499199,7.0,7.029499199,4.705008007
10.12536784,3.0,7.012536784,4.874632161
17.5,5.2,7.3,1.4
27.0,7.1,6.4,0.13
21.32030599,5.0,7.596168557,0.516896727
18.83954416,7.0,7.476901161,1.354153846
28.4,6.6,7.8,0.595
11.2,5.0,6.9,0.4
23.4,4.0,7.1,0.11
27.0,6.3,6.3,0.5
27.9,6.5,7.1,0.0
26.0,4.5,8.3,15.8
28.5,7.6,7.3,0.63
10.20260612,4.0,7.020260612,4.797393879
22.026,4.9,7.33,2.2
21.4,6.1,8.0,1.0
28.0,6.5,6.6,0.24
28.0,7.2,6.4,0.12
28.0,6.9,7.9,1.58
22.5,7.7,7.9,0.0
20.7,7.5,7.2,2.25
18.6762879,5.0,7.133814395,2.6449488530000003
17.0,4.0,8.0,0.0
27.4,7.3,7.4,0.31
17.0,6.0,8.0,0.0
26.0,7.8,6.8,0.3
18.50923339,3.0,7.12546167,2.73265247
28.0,4.8,7.9,0.68
23.8,6.8,7.4,1.5
18.33123142,7.0,7.116561571,2.8261035060000004
10.48043033,6.0,7.048043033,4.519569672
29.7,6.4,8.0,1.8
10.12310832,7.0,7.012310832000001,4.876891683
23.156,7.137,7.6,2.8
27.0,6.0,7.3,0.4
25.8,7.2,8.0,0.7
29.5,6.2,6.8,0.61
19.3,7.5,7.2,2.5
18.5,4.0,6.9,16.9
18.75661513,6.0,7.1378307560000005,2.602777057
10.94512711,4.0,7.094512711,4.054872893
27.0,6.6,6.3,0.16
17.763,6.5,7.34,0.8190000000000001
23.0,5.0,7.4,2.289
10.10581044,6.0,7.010581043999999,4.894189556000001
21.0,6.265889327999999,7.7,3.284263834
21.0,7.6,7.6,0.0
24.1,3.0,8.1,0.0
11.57226799,6.0,7.235840197999999,6.729494787
26.0,6.9,6.7,0.2
10.75277906,4.0,7.112916858999999,5.828056967999999
25.0,7.0,7.7,0.2
28.7,6.8,7.7,4.25
28.0,7.0,7.5,1.888
26.9,7.4,8.3,0.0
27.0,6.9,8.2,3.1
21.0,6.651758795,7.632160803,2.823718594
21.4,6.1,8.0,1.0
27.3,6.7,8.0,0.3
21.0,6.0,7.1,2.81
24.0,3.1,7.6,4.1
27.7,7.1,8.1,2.5
26.0,5.1,8.1,0.45
22.0,5.475,7.82,1.26
28.3,6.9,8.0,0.8
27.3,6.3,8.3,1.78
24.0,5.6,7.4,15.0
27.45,5.6,7.5,7.0
29.0,4.5,6.6,0.16
29.5,6.0,7.7,3.12
19.04500783,4.0,7.152250392000001,2.451370888
11.02042485,6.0,7.153063727999999,6.122467338
10.99999871,4.0,7.0999998710000005,4.000001294
22.0,6.3,7.7,3.7
30.0,6.3,7.4,2.0
23.9,7.7,7.9,0.0
27.0,6.1,8.0,0.72
19.0,3.0,7.03,0.673
19.95945198,6.0,7.197972599,1.971287709
30.5,6.7,6.0,0.0
30.0,3.0,7.6,0.493
30.0,7.5,7.7,0.148
27.5,6.7,8.5,0.0
26.1,7.2,7.9,0.1
30.5,5.5,7.4,0.1
26.0,5.5,7.6,0.7
21.0,7.5,6.3,0.82
21.8,5.9,7.0,2.398
18.41640522,6.0,7.120820261,2.781387258
10.26432613,3.0,7.03964892,5.290758744
20.21305688,7.014777246,7.827834131,0.493400957
18.4,3.1,7.2,19.0
25.0,7.9,7.2,0.3
29.0,3.0,7.6,5.105
27.0,6.5,7.9,0.4
27.9,6.9,8.1,0.72
25.975,7.0,7.43,1.422
19.9,7.6,7.3,3.8
29.1,3.0,6.4,0.77
10.81124768,6.0,7.121687152000001,5.892372451
24.3,5.4,7.4,8.3
23.5,7.1,7.6,0.0
25.7,6.5,6.6,0.2
16.78784078,5.323076602,7.85359801,1.531121759
24.0,7.3,7.8,3.811
19.4,4.5,7.1,11.0
18.92983081,3.0,7.1464915410000005,2.511838822
11.38650371,7.0,7.207975556,6.525154076000001
25.1,5.9,8.0,0.7
19.0,3.0,7.1,14.84
18.94333161,6.0,7.1471665810000005,2.504750904
19.0,7.0,7.1,4.536
28.0,5.7,8.1,0.6
30.5,6.9,7.2,0.2
30.0,6.0,7.5,0.2
25.0,6.4,7.9,0.94
23.9,6.2,8.1,0.7
29.3,6.5,7.4,0.6
20.75146725,4.0,7.568820541,0.708879805
24.3,5.0,7.3,6.2
27.4,7.1,7.0,0.64
29.1,7.3,7.0,0.1
22.9,5.8,8.5,3.0
25.0,6.9,7.4,0.975
27.9,6.4,6.8,0.42
25.0,7.85,7.13,3.35
25.775,6.9,6.65,0.095
23.4,7.8,7.9,0.0
26.8,6.4,7.6,2.0
19.76644316,5.0,7.188322157999999,2.072617342
21.0,6.1,7.8,2.9
26.0,6.3,7.2,0.56
21.0,4.2,7.6,7.6
18.5,3.0,8.1,0.0
29.0,6.6,6.3,0.93
33.0,4.8,7.5,0.72
19.77282703,7.0,7.188641352,2.069265808
27.5,6.8,6.6,0.4
26.9,6.8,7.7,0.4
28.1,5.7,6.9,0.4
24.0,7.4,7.8,0.375
23.6,7.8,7.8,0.4
26.9,7.4,6.9,0.3
14.92348557,6.846439896000001,7.806121155,16.10612552
26.0,5.6,7.0,0.41
30.0,6.4,7.3,0.6
26.7,7.15,7.8,0.0
19.0,5.6,7.1,3.912
21.0,5.1,7.4,14.85
25.5,6.6,6.5,0.2
20.57865209,7.0,7.56051212,0.767204918
29.5,6.3,6.9,0.1
20.78303352,7.0,7.57033815,0.698226188
26.0,6.6,8.1,6.75
23.0,3.8,7.0,3.225
23.0,4.0,7.65,2.89
24.6,7.6,7.2,2.56
28.7,7.2,7.6,1.89
28.0,7.8,8.0,0.59
19.9729638,7.0,7.19864819,1.964194007
29.0,7.2,7.0,0.252
23.0,8.0,7.4,0.1
10.45081279,3.0,7.045081279,4.549187207
28.5,7.0,6.725,0.135
19.0,5.4,7.2,1.78
24.65,7.1,6.75,0.18
22.1,7.7,7.2,3.0
29.0,7.6,6.0,0.88
27.5,7.2,7.0,0.26
29.0,5.4,7.3,0.08
22.7,5.5,7.7,1.082
25.0,5.5,7.4,1.1
17.0,7.7,7.1,2.89
28.0,6.6,6.5,0.13
24.4,6.0,8.0,0.0
27.0,6.3,6.7,2.03
18.06610129,3.0,7.103305064,2.965296825
18.6136999,6.456710164,7.857945013999999,0.829912395
28.4,6.2,7.0,0.27
22.8,6.7,6.4,0.1
27.4,6.0,7.4,3.08
20.35197792,5.248022079,7.748022079,6.748022079
17.7,5.8,6.9,4.9
18.50507575,6.641371221,7.874238637,0.8242639390000001
24.8,7.7,7.4,3.32
29.0,3.0,6.1,0.13
20.9,5.4,7.5,0.0
19.10346309,3.0,7.155173155,2.420681876
26.8,7.0,6.6,0.42
27.75,5.175,6.95,0.7
28.0,7.4,6.1,0.3
18.0304534,6.0,7.438002568,1.627221976
18.32033972,7.0,7.116016986,2.831821648
25.0,4.5,7.5,2.3
30.0,6.4,7.6,0.1
28.2,6.9,7.6,0.75
21.0,5.9,7.788348407999999,3.480192293
27.1,7.0,6.8,0.43
29.0,7.2,6.9,0.07
24.3,5.0,8.4,1.0
10.31819451,3.0,7.0318194510000005,4.681805488
29.0,6.7,7.5,0.6
11.92859408,6.0,7.289289112,7.121453488999999
23.032,7.1,7.7,0.32
25.0,7.3,7.3,1.65
26.2,7.3,7.9,1.0
26.0,3.4,8.4,0.0
22.263,6.8,7.03,0.146
25.9,7.5,7.8,0.0
10.95082959,4.0,7.095082959,4.04917041
30.0,5.5,7.4,0.1
18.1,4.4,7.1,1.2
27.4,6.8,7.7,0.3
28.0,6.8,6.7,0.19
27.5,6.8,7.4,0.2
28.4,5.7,7.0,1.2
24.6,5.1,8.3,3.2
28.0,5.1,6.8,0.22
29.0,3.4,7.4,3.32
15.0,4.6,7.0,2.2
27.6,7.0,6.3,0.42
10.30780956,6.0,7.030780956,4.692190435
22.0,6.8,7.2,0.49
24.4,7.8,7.2,0.56
26.0,6.7,7.6,0.16
10.65858408,3.0,7.065858408,4.341415921
10.59825484,3.0,7.059825484,4.401745155
33.8,4.8,8.2,6.7
24.0,5.1,7.4,6.63
24.0,7.0,7.1,0.08
11.18362178,6.0,7.177543267000001,6.301983955
11.63267905,5.0,7.244901857,6.79594695
21.0,5.9,7.7,3.33
29.0,6.8,7.1,0.5
22.0,7.804192369,7.9,0.345807631
29.0,6.7,7.3,0.59
27.0,4.3,8.4,1.68
26.509,6.412,7.9,0.0
19.13497007,6.0,7.156748503999999,2.404140712
30.9,5.9,7.0,0.35
26.0,5.9,7.6,1.79
29.1,4.8,7.8,3.42
26.0,6.6,7.3,0.57
18.55216038,6.708680432,7.865219927999999,0.7817500890000001
27.9,6.9,7.3,1.6
27.4,6.1,7.2,0.25
23.0,6.0,7.5,0.9
30.0,7.0,7.6,0.827
28.0,6.9,7.1,0.16
18.2,7.3,7.1,2.0
16.3,4.0,8.1,0.0
28.1,4.5,6.9,1.17
24.09,4.0,6.43,1.05
21.959153,6.759153002000001,7.681693997000001,0.887609297
30.0,6.9,7.7,3.6
26.2,6.7,7.8,0.77
28.9,6.9,6.7,0.0
30.0,8.0,7.0,0.942
18.4,7.6,7.1,3.0
23.4,7.2,6.5,0.0
26.1,4.4,7.8,0.5
19.72106312,5.0,7.519281881,1.056641196
27.1,6.6,7.4,0.46
10.30321697,3.0,7.030321697000001,4.696783026
26.9,6.7,7.5,0.73
28.5,6.4,8.0,0.3
18.12198837,4.0,7.106099418,2.935956108
26.0,7.2,6.7,0.44
28.0,6.9,7.1,0.13
28.6,6.917000000000001,6.95,0.1119999999999999
10.64953996,7.0,7.064953996,4.350460044
28.0,3.0,8.3,0.1
20.7,7.1,7.5,0.0
19.333,6.7,7.44,0.65
22.0,6.5,7.7,2.6
28.0,7.0,7.3,45.5
23.8,7.0,7.6,1.0
27.1,7.3,7.3,1.0
11.60057407,7.0,7.240086111,6.760631482000001
24.8,5.8,7.2,3.83
10.50436506,7.0,7.0504365060000005,4.495634944
34.5,4.9,8.0,0.35
11.41562021,3.0,7.212343032000001,6.557182236
10.25844234,6.0,7.025844234,4.7415576580000005
29.0,6.3,7.9,1.22
18.8,7.7,7.2,3.0
28.0,6.0,6.1,0.0
10.11398192,6.0,7.017097288,5.125380113
29.0,3.0,7.6,7.329
18.5,6.0,7.2,19.6
10.40985598,7.0,7.040985598,4.590144024
26.2,7.0,7.6,0.6
21.8,6.5,6.0,0.52
25.8,7.3,6.1,0.33
29.0,8.0,7.0,1.24
10.80624066,6.0,7.120936099999999,5.886864731
28.1,6.7,6.9,0.46
24.0,6.4,7.3,0.62
26.7,3.7,8.2,1.66
19.4852583,5.0,7.174262915,2.220239391
28.7,7.2,7.7,1.0
23.0,6.4,8.0,0.35
18.5,6.65,7.875,0.8240000000000001
28.3,6.7,6.6,1.35
27.5,6.2,6.3,0.31
19.11218137,6.0,7.155609069,2.416104779
26.0,5.8,6.3,2.97
27.75,6.625,7.725,0.123
10.98085504,3.0,7.098085504,4.019144959
18.8,7.2,7.1,3.4
29.0,7.7,6.55,1.136
18.9,7.1,7.8,0.5
22.0,5.35,7.935,0.835
21.0,6.1,7.6,1.059
26.8,6.5,7.9,1.9
24.5,6.9,7.5,1.0
27.0,4.2,7.8,0.872
28.0,5.8,7.8,0.1
26.8,6.6,6.9,0.49
24.6,7.5,7.7,0.3
30.8,7.1,6.7,0.26
21.0,5.5,7.4,5.08
19.08901706,6.0,7.154450852999999,2.428266045
30.0,6.4,7.6,2.14
32.0,6.3,7.43,0.76
11.69330374,5.0,7.253995561,6.862634111
29.3,7.4,6.8,0.4
19.08868288,6.237921987000001,8.054434144,10.553891900000002
19.3,7.5,7.2,2.5
16.39470283,3.0,7.359360712999999,2.179287794
29.6,6.9,6.7,0.21
25.5,7.2,7.4,2.8
26.5,6.2,7.2,0.23
24.0,7.4,6.8,0.1
30.0,5.6,7.5,0.08
23.7,5.6,7.9,0.8
20.2,5.6,8.0,1.0
26.5,5.2,7.8,1.5
19.0,5.6,7.4,0.38
10.57655851,3.0,7.086483777000001,5.634214362000001
26.0,5.9,6.2,0.6
18.9,7.4,7.1,2.9
28.0,6.5,6.5,0.25
29.0,7.0,7.6,1.288
23.0,6.8,6.8,1.434
28.2,6.9,7.3,1.0
23.1,7.1,7.5,3.2
19.66691742,4.0,7.183345871,2.124868353
10.57243769,7.0,7.057243768999999,4.42756231
29.0,6.8,7.6,0.54
10.31732757,5.0,7.031732757,4.682672429
19.84216269,4.0,7.192108135,2.032864587
19.68266637,5.0,7.184133318,2.116600156
27.2,7.0,7.9,6.5
29.0,3.5,6.567,0.347
20.5,5.4,6.8,5.1
11.03715386,4.0,7.101786242999999,3.987460571
17.091,5.0,6.921,3.353
26.0,7.4,6.7,0.15
10.82672611,3.0,7.0826726110000005,4.1732738860000005
26.0,6.4,7.0,0.73
24.2,7.1,7.4,0.0
30.3,6.2,7.8,3.67
26.0,4.8,7.4,5.03
28.6,6.6,7.5,0.4
28.0,6.7,6.7,0.4
21.0,4.5,7.2,3.45
27.8,6.8,6.0,0.75
25.7,6.6,7.5,0.7
29.0,7.2,7.2,0.14
22.0,5.0,6.7,2.2
25.5,6.5,6.98,0.345
32.0,6.0,7.3,1.32
19.0,4.8,7.6,3.6
28.0,7.1,6.9,0.29
30.0,3.0,7.1,1.7
28.5,6.6,7.3,0.71
26.9,6.2,7.9,0.3
22.8,4.7,7.3,4.0
19.85982402,3.0,7.192991201,2.023592387
28.143,7.013,6.712000000000001,0.397
27.4,6.6,7.7,0.0
20.3,7.3,7.1,2.4
25.0,6.8,6.3,3.421
10.74395046,3.0,7.074395046,4.256049536
11.84283502,4.0,7.276425252999999,7.027118519
29.0,5.9,7.8,6.45
22.0,7.4,7.9,1.9
29.0,7.0,6.9,0.21
25.1,7.5,7.4,3.5
10.64304258,4.0,7.064304258,4.35695742
11.87610235,5.0,7.281415352000001,7.063712582999999
27.1,7.5,7.3,0.31
20.0,6.9,6.0,2.516
28.8,4.0,7.0,0.03
29.7,6.6,7.7,2.66
18.8,3.9,7.1,10.5
10.35660945,5.0,7.035660945,4.643390552
18.75115332,7.0,7.472651602000001,1.383985754
19.38816096,7.0,7.169408047999999,2.271215496
17.7,6.1,6.8,1.101
26.5,7.0,7.0,0.43
29.0,7.0,7.4,0.32
10.72019457,3.0,7.072019457000001,4.279805433
27.0,6.8,6.0,0.221
28.0,7.7,6.0,2.0
29.0,6.8,7.5,0.34
10.81863903,3.0,7.081863903,4.18136097
20.0,4.8,7.4,4.7
17.0,7.5,7.1,2.88
27.0,6.8,7.0,0.25
25.0,5.0,7.3,0.933
29.0,7.2,6.0,0.142
29.0,5.6,8.173,0.46
10.70156905,5.0,7.070156905,4.298430954
28.0,6.4,6.4,0.13
26.3,5.4,7.6,3.3
25.0,6.5,7.9,2.251
26.8,7.2,8.0,0.7
10.12447344,7.0,7.012447344,4.875526561
11.61121873,6.0,7.241682808999999,6.772340602000001
20.0,7.7,7.1,3.89
18.0,5.533,7.3,1.567
24.0,5.0,7.52,6.262
29.0,6.7,7.9,0.24
19.0,4.05,7.85,19.35
17.6,7.2,6.9,3.04
19.16442403,5.0,7.158221202000001,2.388677382
24.7,7.1,7.1,0.4
29.0,4.0,7.1,4.41
11.87539402,6.0,7.281309103,7.062933421
26.6,5.8,6.5,0.4
10.34756385,6.0,7.034756385,4.652436149
19.03340113,7.0,7.1516700570000005,2.457464405
19.18587511,4.0,7.159293756,2.377415566
27.4,6.0,6.8,2.3
21.0,6.095656025,7.8,2.904343975
29.0,7.2,7.3,0.08
26.2,6.8,6.6,0.44
28.0,6.0,6.7,1.28
30.0,5.3,7.6,0.08
29.2,6.4,8.1,2.0
22.0,4.9,7.7,7.7
19.70143205,5.808997566,8.085071602000001,8.231572536
28.0,6.8,6.9,1.8
19.0,5.4,7.2,1.78
27.8,6.6,6.8,0.06
23.9,7.8,7.9,0.0
16.03613206,3.0,7.342121734,2.30030543
28.0,7.0,8.0,2.418
22.0,6.403506258999999,7.7,2.214025036
10.1444129,3.0,7.021661935,5.158854189
29.2,6.1,6.7,0.3
26.0,6.0,7.3,0.23
29.5,6.3,7.6,0.06
26.6,6.5,6.9,0.47
27.2,5.2,6.8,0.7
24.0,6.9,7.0,0.195
21.423,6.8,7.35,0.14
18.7,7.4,7.2,3.0
15.79069999,6.262790002000001,7.623721000000001,13.59167909
27.4,5.9,7.4,0.4
27.0,7.0,7.2,0.9
25.0,7.6,7.2,2.41
10.97660739,7.0,7.097660739,4.023392606
28.0,6.0,7.0,1.04
24.0,7.4,7.6,0.09
10.07392615,6.0,7.007392615,4.926073855
26.0,7.3,7.2,0.31
28.3,7.1,6.2,0.56
21.0,6.3,7.7,3.28
27.0,6.7,7.1,0.39
31.0,6.0,8.0,0.07
27.0,6.8,7.0,1.53
11.01813238,6.0,7.152719857999999,6.119945622
18.98204015,7.0,7.483751931,1.306061448
22.6,6.3,7.8,0.9
17.2,5.6,8.1,0.0
23.75,7.2,7.5,0.15
28.2,6.8,6.9,0.1
27.0,7.3,7.0,0.367
10.33351544,4.0,7.033351543999999,4.666484559
20.0,7.5,7.0,2.2
28.0,5.4,7.16,2.977
10.06921329,4.0,7.006921329,4.930786709
30.0,7.2,6.9,0.11
24.0,4.9,8.1,18.1
30.3,5.6,7.5,0.1
28.0,6.8,7.1,0.5
19.22909203,4.0,7.161454602,2.354726683
28.3,4.8,7.9,10.3
25.0,6.5,7.7,0.1
27.0,7.93,8.32,0.2769999999999999
30.6,5.2,7.1,0.34
30.0,6.0,7.2,0.299
28.0,7.2,6.9,0.28
23.9,7.7,7.7,0.3
22.0,6.7,7.5,1.47
21.7,5.7,8.0,1.0
10.77295449,6.0,7.077295449,4.227045507
27.6,6.6,8.1,0.3
23.0,7.3,7.6,0.06
29.0,5.0,7.3,0.6
29.2,7.2,6.3,0.1
18.0,7.5,6.9,4.92
19.420596600000003,3.0,7.17102983,2.254186786
27.0,7.5,8.2,0.2
23.5,5.6,6.6,1.827
27.8,5.0,7.3,0.0
10.14661925,3.0,7.014661925,4.853380745
27.3,5.0,7.6,8.0
27.0,6.8,6.9,0.52
27.0,4.6,7.2,0.33
24.9,5.0,8.1,0.0
19.30865139,3.0,7.499454394,1.195830154
29.0,7.15,6.56,0.25
24.8,5.5,7.8,3.55
24.4,5.4,7.5,0.0
28.25,6.2,7.9,0.615
15.0,6.5,7.6,12.0
26.3,7.2,6.5,0.46
19.22545666,7.0,7.161272833,2.3566352530000003
18.1198859,5.0,7.105994295,2.937059901
30.0,6.3,7.4,16.9
18.48745827,7.0,7.124372912999999,2.744084409
10.00532614,5.0,7.000532614,4.994673861
30.0,6.5,7.5,1.72
26.7,7.0,6.6,0.92
23.0,7.0,7.1,8.56
25.0,7.9,7.6,8.081
24.4,5.3,7.5,15.8
11.85642196,5.0,7.278463294,7.042064158
20.0,5.6,8.1,7.1
22.0,7.82212622,7.9,0.32787378
27.0,6.8,7.8,5.0
28.0,7.2,6.9,0.1
22.595,7.209,7.513,1.01
20.05516768,5.544832322,8.044832322000001,7.044832322
15.32608659,3.0,7.307984932,2.539945776
30.3,5.6,7.5,0.1
26.1,4.5,7.9,1.0
19.78468205,7.0,7.189234102,2.063041925
10.10042563,4.0,7.015063844,5.110468192
27.6,6.8,7.3,1.6
28.0,7.0,7.8,2.952
23.0,7.2,7.2,1.0
10.90179555,5.0,7.090179555,4.098204448
29.7,5.3,6.8,0.79
28.0,8.0,7.7,1.0
18.44727651,4.0,7.122363825,2.765179834
33.0,7.7,7.8,11.0
28.0,7.0,8.4,5.4
29.2,6.9,7.0,0.1
19.60463157,3.0,7.180231579,2.157568425
21.37072737,7.0,7.598592662000001,0.499879512
27.0,6.8,7.0,0.922
23.668,6.9,7.8,1.21
23.7,7.2,7.1,5.56
22.6,3.0,8.1,0.0
10.76334603,3.0,7.076334602999999,4.236653971
28.0,7.7,7.0,3.603
21.84940274,5.462947946,7.682749587000001,0.974302467
23.03,6.0,7.6,9.2
23.6,6.9,7.1,0.1
18.6697824,6.0,7.13348912,2.64836424
21.0,6.350684695,7.750684695,2.456027043
22.0,7.813926959,8.179748872000001,0.71392313
28.0,6.6,6.8,0.56
23.2,7.0,8.2,0.9
28.2,3.6,6.5,0.95
27.425,7.0,7.23,0.09
28.0,7.0,8.0,0.51
30.3,6.7,6.9,0.2
28.0,7.4,7.1,0.1
10.22241238,5.0,7.022241237999999,4.777587625
23.0,7.8,8.2,0.0
21.97164215,6.7716421470000006,7.656715705,0.86387992
27.6,6.5,7.7,0.3
21.8,5.5,7.6,1.02
21.0,6.468398744,7.754400837,2.609798535
29.6,6.3,7.6,0.08
10.63070256,7.0,7.0630702560000005,4.369297444
25.9,7.1,7.7,1.73
10.43089952,3.0,7.064634927999999,5.47398947
27.0,7.9,6.7,2.484
20.608,7.3,7.77,2.569
18.0,4.867,7.367000000000001,1.367
27.0,7.3,7.2,0.95
30.0,6.2,6.9,0.48
28.0,5.6,6.9,0.67
22.0,6.8,7.2,0.49
29.0,7.4,7.0,0.15
21.0,7.6,7.0,0.107
21.0,6.147975626,7.7,3.299003047
26.75,6.667000000000001,6.933,0.893
18.667,4.133,7.632999999999999,1.6669999999999998
22.0,4.8,7.4,8.6
20.42714139,5.172858613,7.672858613,6.672858613
28.3,6.7,6.3,0.1
26.0,6.7,8.1,2.0
18.43911168,4.0,7.121955584,2.769466367
20.6,6.5,7.1,3.56
21.779424,6.947050665,7.636762666,0.8063237329999999
18.0,6.6,7.0,4.0
18.75813302,5.0,7.137906651000001,2.601980165
18.77808813,6.177250174,7.83328678,0.8384605829999999
19.02865953,3.0,7.151432976000001,2.459953749
17.2,7.9,7.5,1.5
20.7,7.5,7.2,2.25
20.8,7.5,8.0,0.4
27.8,6.7,7.8,0.3
29.0,6.1,6.8,0.58
26.0,6.6,7.0,0.53
31.0,3.0,8.1,0.1
21.5,8.0,8.1,0.1
30.0,5.0,7.6,1.1
27.8,6.7,7.5,0.0
19.5,4.9,7.7,4.2
17.08001395,7.0,7.392308363,1.947995293
27.0,7.4,6.5,0.12
28.0,5.9,6.8,0.62
30.0,5.9,7.3,0.14
25.3,6.7,6.9,0.32
27.5,6.925,7.632999999999999,0.217
28.2,5.1,7.0,1.4
10.12265781,3.0,7.012265781,4.877342185
30.2,7.1,6.8,0.1
19.61387857,3.0,7.180693928999999,2.152713749
25.0,6.6,6.9,0.59
30.0,7.7,8.1,0.7
28.5,7.2,6.8,0.45
18.20834345,6.423966172999999,7.871354293,0.944454155
18.2270347,4.0,7.111351735,2.880806783
28.0,7.2,6.8,0.1
29.0,4.0,7.4,2.285
34.0,3.3,7.6,1.78
10.62036911,5.0,7.062036911,4.379630886
31.0,5.4,6.5,0.1
28.0,6.6,7.49,0.256
25.0,3.7,7.5,0.0
10.96603892,6.0,7.096603892,4.033961077
22.0,8.0,8.31,0.655
16.36299746,4.0,7.357836416,2.189988357
18.3,3.1,7.8,4.78
27.6,7.0,7.8,0.4
27.3,5.3,7.8,1.37
25.3,5.5,8.1,0.0
28.1,6.6,7.0,0.3
25.4,6.3,6.95,0.208
28.2,6.0,7.0,0.68
20.0,7.7,7.1,3.93
18.80843963,6.0,7.140421982,2.575569193
30.1,6.3,7.6,0.1
28.4,6.0,6.4,0.61
23.3,4.0,7.2,0.0
26.3,7.6,7.4,1.0
23.9,6.2,8.2,2.2
23.3,4.2,7.3,0.0
30.0,5.9,7.4,58.1
26.7,6.9,7.7,1.0
27.0,6.2,8.4,0.38
29.0,5.9,6.7,0.14
26.4,6.0,6.6,3.69
22.3,7.2,7.1,1.4
28.0,7.5,8.0,2.1
18.76648759,7.0,7.138324379,2.597594017
26.7,7.3,7.9,6.66
29.7,4.1,6.7,1.0
15.0,6.9,7.8,16.0
25.0,5.6,7.9,1.9
27.6,6.9,7.5,0.42
29.1,5.8,8.2,2.0
10.75433343,7.0,7.075433342999999,4.245666572
27.0,4.9,7.0,2.086
22.0,3.0,7.5,0.1
23.2,7.0,8.3,2.0
25.2,7.2,6.9,0.2
23.7,7.8,7.8,0.0
19.51008865,3.0,7.175504433,2.207203456
27.5,6.9,7.4,0.29
26.0,7.5,6.5,0.15
10.0276676,5.0,7.00276676,4.972332402
28.0,6.8,7.2,1.4
29.5,6.4,8.0,1.8
24.5,7.6,7.9,0.4
15.95696171,6.212911486,7.628708851,13.92636393
23.0,6.0,7.8,3.732
28.0,5.9,7.7,0.6
30.5,3.2,6.0,0.0
27.3,6.7,8.0,0.3
25.0,6.0,7.125,3.075
11.40841499,6.0,7.211262249,6.549256494
14.1714728,6.320030957999999,7.866282176,17.14916723
28.5,6.7,7.0,0.2
18.7,3.2,7.1,10.3
21.0,5.3,7.4,3.35
24.3,5.3,8.2,1.2
18.61889902,5.0,7.130944951,2.6750780130000003
27.7,3.0,6.6,0.39
30.0,5.8,7.8,28.516
28.0,5.1,8.4,108.7
25.4,7.9,7.2,2.3
29.0,5.2,7.1,0.13
28.9,7.0,8.0,4.9
18.02644194,3.0,7.101322097000001,2.986117979
24.0,7.6,7.4,2.89
26.8,6.2,8.4,0.24
26.3,7.4,7.3,2.5
27.7,6.0,7.3,1.9
18.50702517,5.0,7.125351257999999,2.7338117860000004
10.06882648,5.0,7.006882648,4.931173516
30.0,5.0,6.5,0.35
29.1,6.7,7.7,1.31
28.4,6.5,5.8,0.54
26.0,6.6,7.6,0.68
28.6,5.4,6.6,0.27
15.18798089,6.443605732999999,7.605639427000001,12.37840553
10.44353143,3.0,7.044353143,4.55646857
29.0,6.2,6.5,0.8
10.89709104,7.0,7.089709104,4.102908956
20.6,7.4,7.0,3.3
30.0,5.7,8.5,0.0
22.1,7.8,8.2,0.1
10.40614121,3.0,7.040614121,4.593858787
21.8,5.5,6.0,0.1
27.3,7.6,7.2,0.65
26.0,5.8,6.2,0.3
10.85930489,3.0,7.085930489,4.1406951130000005
26.8,6.7,7.4,0.75
23.667,4.0,7.792999999999999,1.975
24.1,5.5,8.2,2.9
27.0,4.7,7.4,0.11
19.75290944,3.0,7.187645472000001,2.079722541
30.0,6.6,7.8,4.1
27.0,7.5,6.9,0.45
18.0,5.35,7.55,20.45
16.12165905,7.0,7.346233607999999,2.27144007
18.7381297,6.917895917,7.83035068,0.63111494
25.0,6.4,7.6,0.6
23.935,5.8,6.73,0.315
24.0,7.7,7.8,0.0
28.0,6.8,6.9,0.03
10.27981079,4.0,7.027981079,4.720189209
22.3,4.7,7.0,2.675
25.7,7.1,7.1,1.4
10.45078077,3.0,7.045078077,4.549219231
17.6,7.2,6.9,3.04
25.0,7.0,6.0,0.529
24.9,5.1,8.2,2.7
19.90846064,7.0,7.195423032000001,1.998058166
19.0,5.9,7.3,0.36
15.37318056,7.0,7.310249066,2.524051559
20.326,6.8,6.8,0.61
28.0,6.0,6.4,0.28
18.93011155,6.0,7.146505577,2.511691437
29.8,6.1,7.6,0.06
20.0,7.3,7.0,0.38
28.0,6.9,6.7,0.2
27.4,7.2,7.9,0.3
26.0,6.7,7.5,0.9
10.04096528,3.0,7.004096528,4.959034715
19.17688666,6.0,7.158844332999999,2.382134505
19.05003026,5.0,7.152501513,2.448734115
19.47193567,7.0,7.173596784,2.227233771
28.0,6.2,7.3,0.46
26.1,5.0,8.3,3.0
30.0,5.6,7.2,0.3
28.2,7.1,7.9,0.47
26.8,7.2,7.0,0.16
20.0,5.1,7.2,2.55
28.4,5.9,7.6,2.47
21.0,6.111914917999999,7.7,3.303510635
26.6,7.1,6.9,0.25
27.5,7.0,8.3,0.44
11.12333622,3.0,7.168500432999999,6.235669845
24.4,3.0,8.3,1.7
26.1,5.1,8.1,1.1
29.1,7.3,7.0,0.1
25.0,6.5,7.3,0.1
14.26089476,4.0,7.256773787,2.899448019
18.39643066,6.0,7.119821533,2.791873906
22.5,7.8,8.5,0.0
18.80136603,4.0,7.140068301,2.579282836
20.3,7.3,7.1,2.4
28.3,6.8,7.4,2.26
22.0,7.001973842000001,7.820394768,2.019407848
23.2,7.5,7.5,3.0
26.5,6.3,8.0,0.7
20.5,6.7,7.0,1.1
28.571,4.1,6.775,1.3730000000000002
12.36638623,4.0,7.165691646,3.538844648
13.88807934,7.0,7.238849967999999,3.025273223
29.2,6.9,7.0,0.1
26.0,7.0,7.4,0.26
19.9,7.3,7.0,3.3
30.1,6.5,7.5,0.1
30.8,6.2,7.2,0.1
24.1,4.4,7.2,0.0
26.6,7.0,6.9,0.45
11.205809,6.0,7.18087135,6.326389900000001
28.0,7.0,7.0,0.609
21.9883408,6.788340799,7.623318402000001,0.832152482
28.8,6.6,6.6,0.65
18.45535207,4.0,7.122767604,2.760940161
24.5,8.0,7.9,0.0
26.5,5.3,7.2,0.26
17.22187539,4.0,7.399128625,1.900117055
29.0,7.3,7.3,0.23
23.7,7.2,7.4,1.0
22.0,6.6,7.5,0.3
24.8,7.4,7.7,0.3
16.44802945,6.0,7.361924492999999,2.161290061
26.0,6.7,7.7,0.22
22.0,5.35,7.935,0.835
17.0,6.0,7.4,0.0
28.0,6.1,7.58,2.425
10.70553119,4.0,7.105829679,5.77608431
17.14791345,5.602132921,7.858098918,1.382411747
22.5,4.9,6.9,5.153
15.53400401,6.339798797,7.61602012,13.07495007
27.1,7.3,7.2,0.38
11.42672497,4.0,7.120515623999999,3.855980322
27.3,7.2,6.8,0.24
23.8,7.8,7.9,0.0
28.5,7.4,8.1,0.15
15.33129547,3.0,7.308235358999999,2.5381877790000003
28.0,4.5,7.2,1.04
11.06979209,6.0,7.160468813,6.176771296
17.8,7.9,7.3,1.0
19.669,3.0,7.7,0.0
18.80643491,5.0,7.140321745,2.576621673
31.0,4.0,6.8,0.34
19.48788741,6.0,7.17439437,2.21885911
28.7,7.3,6.7,0.1
28.0,5.7,7.2,0.09
20.2,7.3,7.2,3.3
22.0,6.8,7.2,1.964
18.92590341,4.0,7.146295171,2.513900709
19.99654122,7.0,7.199827061000001,1.95181586
25.9,6.8,7.8,0.5
18.42218144,3.0,7.121109072,2.778354745
26.0,3.0,6.6,1.48
18.07554313,3.0,7.1037771560000005,2.960339857
22.3,7.7,7.5,0.2
20.17363743,5.0,7.541040261,0.903897367
23.118,6.8,7.06,0.4039999999999999
22.0,7.931850634,8.262295444,0.6765806329999999
28.0,6.0,8.2,0.4
28.0,6.8,6.9,0.23
27.0,7.2,5.9,0.55
28.0,7.4,6.8,0.2
28.0,7.0,7.4,0.772
24.0,7.5,7.8,1.785
25.0,6.9,7.0,1.17
10.0,5.0,7.0,5.0
26.4,5.0,6.8,0.2
20.1,6.4,8.0,3.525
21.0,5.3,7.3,5.0
23.0,5.0,7.3,3.9
22.0,6.2,8.3,2.3
22.5,7.4,7.7,3.0
27.0,5.5,6.5,0.1
25.1,7.2,7.5,4.1
25.8,5.5,7.8,9.0
28.0,7.2,7.4,0.18
21.3,4.9,7.9,0.6
22.0,5.2,7.4,6.18
26.0,7.4,6.7,0.1
29.0,5.8,7.2,0.17
23.7,7.7,7.8,0.0
10.99827395,4.0,7.149741092999999,6.098101347
10.593619,3.0,7.059361900000001,4.406380998
26.9,6.8,8.2,0.45
19.67573452,4.0,7.183786726,2.120239379
28.8,6.3,7.0,0.22
27.5,6.5,6.7,0.2
21.0,6.046671704,7.8,2.953328296
18.48588224,3.0,7.124294112,2.744911825
22.7,7.5,7.0,3.02
15.41304519,6.376086443999999,7.612391356,12.83145996
19.0,5.8,7.8,0.85
25.0,6.0,7.3,0.7
28.0,6.8,6.5,0.11
27.0,7.6,6.7,4.17
25.417,7.4,7.0,1.819
18.66776861,5.0,7.133388431,2.649421479
28.0,6.832999999999999,7.0,0.345
10.72954037,3.0,7.072954037000001,4.270459626
26.2,7.0,7.1,0.34
32.0,7.7,8.1,1.01
19.23422394,6.0,7.161711197000001,2.352032433
27.4,5.4,7.7,0.1
18.4284777,4.0,7.121423885,2.775049209
25.1,6.0,7.3,0.56
19.49934921,5.0,7.17496746,2.212841666
19.34733317,4.0,7.167366659,2.2926500830000003
19.67899784,6.0,7.183949892,2.118526132
26.8,6.7,7.3,0.57
20.0,7.3,7.1,2.5
14.0,6.2,7.88,17.387
18.0,7.0,8.2,0.0
18.42904531,6.0,7.121452265,2.774751213
10.0587916,3.0,7.008818739,5.064670756
19.65374301,6.0,7.18268715,2.13178492
10.9315456,6.0,7.09315456,4.0684544030000005
22.0,7.8,7.1,2.62
25.9,7.0,7.8,0.44
24.4,6.8,7.68,0.4
25.7,5.0,8.0,1.06
24.0,5.48,7.42,0.418
24.0,6.3,7.5,0.14
29.5,5.9,7.6,0.07
21.0,6.9,6.6,1.4
28.3,7.0,6.5,0.22
28.2,7.1,7.7,0.53
29.025,6.9,7.3,0.19
29.8,4.7,7.6,19.69
29.8,6.6,7.7,0.2
27.15,5.975,8.2,0.0
28.0,6.7,6.7,0.5
21.0,5.9,7.799927202999999,3.499876244
18.0,6.6,7.0,4.0
18.9580237,5.0,7.147901185,2.49703756
29.0,6.9,7.6,0.26
17.4,5.1,7.9,0.0
26.1,3.6,7.4,2.2
29.0,5.625,7.3,0.2
29.0,7.1,6.5,0.13
28.0,6.7,7.2,0.1
18.02700441,3.0,7.10135022,2.985822686
18.0,7.9,7.2,2.72
27.2,5.8,7.3,0.6
25.3,5.3,7.7,1.2
21.0,4.5,7.2,3.3
18.03484213,6.0,7.101742107000001,2.98170788
19.33161287,3.0,7.166580643,2.300903244
23.4,8.0,7.0,0.11
19.73757492,5.783697557999999,8.086878746,8.094591066
11.34958315,6.0,7.202437472000001,6.484541462999999
18.43457698,5.0,7.121728849,2.771847083
30.3,5.1,7.9,1.08
26.0,3.0,8.3,3.0
27.3,4.6,7.0,0.28
26.0,3.9,7.6,0.59
28.0,3.0,7.2,1.588
18.0,6.2,7.5,4.08
29.0,6.3,6.4,1.4
28.0,7.0,6.3,1.07
31.0,6.8,7.0,20.2
22.0,7.3,7.3,0.0
28.0,7.5,7.0,6.338
10.17934818,3.0,7.017934818,4.820651824
27.4,5.2,6.8,0.33
11.51453313,6.0,7.22717997,6.665986445
28.4,5.9,6.8,0.4
23.0,5.13,7.46,2.861
18.0,6.2,7.5,4.08
28.0,7.3,7.4,0.3
18.92060971,7.0,7.146030485,2.516679903
31.6,5.1,8.3,2.5
19.43228366,7.0,7.171614182999999,2.248051077
22.0,7.8,7.9,0.35
22.4,3.0,7.7,0.4
11.0,4.0,7.1,4.0
29.0,7.0,7.2,0.27
32.0,6.7,7.6,0.56
29.0,4.0,6.56,0.276
19.00381088,5.0,7.150190544,2.472999286
28.8,7.0,7.0,0.66
29.0,6.9,7.7,0.55
10.04705288,3.0,7.004705287999999,4.95294712
21.0,5.9,7.794818734,3.491191847
25.8,5.2,8.2,0.6
10.97410854,5.0,7.097410854,4.025891458
24.0,7.8,8.5,3.01
17.09594261,5.0,7.393074164,1.94261937
21.0,6.438128086,7.830502469,2.498734969
14.799769400000002,6.759838583,7.816018447999999,16.27771984
26.1,7.0,7.7,0.42
25.8,4.4,7.3,4.0
10.35687019,3.0,7.035687019,4.643129812
21.93316217,6.844558555,7.611139639,0.808886036
27.0,6.4,7.6,0.42
19.33831516,3.0,7.166915757999999,2.2973845390000003
27.0,6.3,7.7,0.3
26.9,5.9,7.4,0.5
14.46467901,5.0,7.266571106000001,2.830670832
27.0,7.5,7.0,0.1
23.6,7.1,7.5,1.0
18.11867689,3.0,7.105933844,2.937694634
30.0,3.0,7.5,0.6
17.333,4.833,7.532999999999999,1.933
21.0,6.4,7.8,2.53
17.667,6.033,7.367000000000001,0.667
29.0,6.2,7.0,0.46
28.0,7.4,6.07,0.276
10.2866974,3.0,7.02866974,4.713302597
25.4,7.1,8.1,4.0
22.5,5.0,8.2,0.0
28.5,7.8,7.1,0.87
20.3,5.6,6.7,2.0
26.0,7.9,7.5,1.318
24.4,7.2,7.3,1.0
23.7,7.0,7.5,1.4
23.4,7.5,7.8,0.89
24.5,7.6,7.9,0.4
19.60487694,6.0,7.513696007,1.095854032
27.3,7.0,8.1,0.9
22.0,6.449173538999999,7.7,2.396694157
28.1,6.9,6.1,0.49
28.8,6.0,6.2,0.28
22.0,6.460632797000001,7.7,2.442531187
23.0,6.15,7.45,1.343
24.8,7.4,8.0,0.65
24.4,5.0,8.3,2.0
27.5,6.6,7.7,1.55
23.0,7.3,6.0,0.987
27.0,6.8,6.9,0.4
22.3,7.9,7.1,0.0
28.0,7.5,7.2,0.15
27.0,6.0,7.55,0.895
20.0,7.1,7.7,0.34
10.82465418,3.0,7.082465418,4.175345815
19.9,7.6,7.3,3.8
10.45386966,4.0,7.045386966000001,4.546130338
21.0,5.3,7.4,3.35
28.8,3.4,6.7,1.11
27.8,7.1,7.1,0.1
29.0,5.7,7.6,6.78
27.0,6.5,7.5,0.05
20.04122342,5.558776579,8.058776579,7.058776579
28.0,7.0,7.3,1.868
28.714,6.7,7.307,0.264
22.8,6.8,6.6,0.1
29.7,7.1,6.6,0.12
13.57857149,5.0,7.223969782999999,3.129732123
10.23065513,7.0,7.023065513,4.769344866
18.0,8.0,7.2,2.47
25.5,3.0,7.885,0.42
24.0,7.1,7.3,1.899
16.96602992,3.0,7.386828361,1.986464903
23.0,6.8,6.6,2.72
29.0,5.6,8.0,0.1
10.16554253,3.0,7.024831379,5.182096782
29.6,7.0,6.9,0.18
30.0,6.4,7.45,0.155
29.0,6.8,6.6,0.5
28.7,7.1,7.8,0.63
18.82925383,6.0,7.141462692,2.5646417390000003
21.0,6.0820186,7.7,3.307247675
19.36829042,4.0,7.168414521,2.281647529
23.0,7.1,7.2,1.522
27.2,6.1,7.3,0.5
25.3,6.7,7.1,0.0
26.4,6.1,8.1,0.7
28.3,3.9,6.9,0.7
10.78989429,5.0,7.078989429,4.210105711000001
27.1,7.3,7.9,1.0
27.6,6.5,6.0,4.0
24.4,5.5,8.2,2.7
18.94839653,4.0,7.147419827,2.50209182
27.0,6.7,7.6,0.28
28.4,6.9,7.0,0.25
10.76946067,4.0,7.076946067000001,4.230539331
28.2,6.5,6.5,0.52
28.0,5.9,7.7,0.6
10.64639522,5.0,7.096959283,5.711034744
10.11182895,6.0,7.011182895,4.888171052
12.834,6.9,6.95,0.518
10.57693831,7.0,7.057693831,4.423061688
20.0,4.8,7.0,2.216
19.6,7.7,7.2,2.0
17.15474642,7.0,7.39590127,1.922773083
27.25,7.125,7.55,0.45
27.3,5.9,7.4,1.2
18.55446334,6.711271257999999,7.864788123999999,0.779884694
24.8,7.2,7.6,1.0
21.99613569,5.352898231,7.928527285,0.838574484
18.31629946,5.0,7.115814972999999,2.833942782
18.57995565,3.0,7.128997782999999,2.695523283
27.4,6.3,7.0,0.32
23.57,6.9,7.73,2.279
26.8,7.6,8.0,0.0
21.5,4.1,7.5,6.1
28.0,6.1,6.7,0.33
18.0,7.0,7.0,10.61
28.0,3.9,7.92,1.412
30.0,3.0,7.6,4.535
19.72769908,4.0,7.186384953999999,2.092957984
10.97318099,6.0,7.097318099,4.026819008
27.0,6.9,7.3,9.1
27.0,6.0,8.3,0.0
30.3,6.9,7.5,0.4
28.4,4.5,8.3,11.0
28.3,6.6,8.4,1.0
24.7,7.4,7.7,0.2
10.88787113,3.0,7.088787113,4.112128867
22.0,6.2,7.2,4.11
16.957,5.0,8.0,0.0
15.10570181,5.0,7.29738951,2.614325641
19.83384273,6.0,7.524703977000001,1.018578078
18.89021902,6.0,7.479337452999999,1.337051079
23.6,6.1,7.4,1.6
20.0,3.3,7.5,1.75
22.9,5.6,8.4,3.0
30.5,6.5,7.3,2.6
22.8,7.5,8.0,0.9
19.70468085,7.0,7.185234043,2.105042553
29.0,5.5,7.8,0.21
26.9,6.9,8.0,0.3
16.14225107,4.0,7.347223608999999,2.264490262
21.99386939,6.79386939,7.612261219,0.821648158
18.3,7.2,7.2,2.6
28.0,7.5,6.9,0.2
30.5,5.5,7.4,0.1
21.63782182,7.04145212,7.66036303,0.803963697
27.4,5.2,6.6,0.38
10.5878648,4.0,7.05878648,4.4121352
15.1,7.7,7.6,0.0
12.40057756,3.0,7.16733546,3.527305072
10.5,7.0,6.9,0.3
18.71968298,4.0,7.135984149,2.6221664330000003
23.4,5.6,7.5,12.15
22.0,7.7,8.1,0.75
28.7,7.1,7.4,1.0
27.2,6.4,8.1,0.2
26.0,7.4,7.0,0.13
28.0,6.3,6.6,2.678
10.01728767,7.0,7.001728767,4.982712335
26.7,6.0,8.2,5.4
19.04690921,3.0,7.486870635,1.284168142
18.8815891,7.0,7.478922552999999,1.339963678
30.0,6.8,7.1,0.669
23.5,7.2,7.6,0.0
27.0,5.2,7.4,0.05
25.1,6.2,8.2,2.4
28.0,6.5,7.7,2.112
21.8,4.9,7.3,3.0
30.0,3.0,7.4,2.15
26.8,7.0,6.6,0.49
18.00586879,4.0,7.10029344,2.996918885
26.5,6.867000000000001,6.832999999999999,0.575
22.992,6.8,8.0,0.88
28.0,5.1,6.9,0.68
19.46041182,4.0,7.173020591,2.233283794
25.3,4.9,8.4,11.7
28.0,6.8,7.2,1.4
20.0,4.9,6.6,2.6
20.0,5.8,7.4,0.73
30.0,5.5,6.9,0.09
28.0,6.1,6.9,0.19
10.85393215,4.0,7.085393215,4.146067852
27.0,7.2,6.7,0.1
18.10643088,5.0,7.441655331000001,1.6015795780000002
27.9,5.9,7.0,0.62
24.502,6.6,7.47,0.667
28.0,6.425,7.215,0.395
24.0,7.0,6.0,0.222
27.3,6.2,7.8,0.0
20.0,6.1,7.1,0.3
27.3,6.6,7.0,0.33
21.98282974,5.4771462820000005,7.801112718,1.239395692
26.333,6.75,7.3,0.455
30.0,7.0,7.0,0.1
28.0,6.2,6.7,0.15
17.77097976,4.0,7.425527872999999,1.714794331
25.9,7.5,7.9,1.0
26.0,6.9,7.3,1.0
10.38864321,3.0,7.038864321,4.611356786
20.38358041,5.216419594,7.716419593999999,6.716419594
16.5,5.1,7.85,1.65
27.0,6.0,7.6,5.295
11.73989343,4.0,7.260984014,6.913882769
24.0,5.1,7.4,5.9
30.0,7.5,7.9,0.6
10.11291364,7.0,7.011291364,4.887086362
20.6,7.4,7.0,3.3
11.24066846,7.0,7.18610027,6.3647353110000005
26.9,6.8,8.2,0.49
28.0,6.7,6.6,0.12
20.1,5.3,7.0,3.2
21.0,6.9,8.2,2.12
18.25304299,3.0,7.11265215,2.867152429
17.5,6.2,6.8,1.3
29.9,7.0,7.4,0.1
11.35872287,4.0,7.20380843,6.494595154
27.0,6.0,7.8,1.47
20.121,7.317,7.309,5.5
23.5,5.2,7.1,2.435
18.62587671,5.0,7.131293835,2.671414728
26.0,7.2,7.8,0.1
28.5,5.8,7.7,0.22
26.7,6.3,7.9,2.32
10.39394868,3.0,7.039394868,4.606051319
21.6,4.7,7.9,1.2
19.0,4.0,7.1,10.47
27.0,6.5,6.7,2.83
29.0,6.5,6.9,0.1
18.9657107,5.0,7.148285535,2.493001884
22.7,7.7,8.2,0.0
20.0,6.9,6.0,5.088
14.093334900000002,6.265334431,7.872533207999999,17.25754449
25.6,5.4,8.0,0.6
22.4,6.5,7.5,0.0
25.1,7.4,7.0,0.0
18.77674998,5.0,7.138837499,2.592206261
27.0,6.5,8.0,0.99
27.9,7.0,6.9,0.09
29.6,7.6,8.1,0.2
27.0,7.3,6.5,0.5
27.6,7.0,8.3,0.48
28.2,6.5,7.0,1.0
26.0,7.7,7.0,0.994
28.0,6.6,7.8,1.395
28.0,7.033,7.033,0.2319999999999999
21.0,5.9,7.713918381,3.3536612480000003
14.83840566,4.0,7.284538734,2.704538089
31.0,7.0,8.0,2.63
28.0,7.0,7.5,2.3
19.59999692,4.0,7.179999846,2.160001617
29.9,6.2,7.8,0.06
22.0,6.8,7.6,0.81
21.88117806,5.489852742999999,7.689295866,1.117413672
29.2,6.1,7.6,0.7
25.5,7.2,7.5,3.8
10.59937147,5.0,7.089905721,5.659308618
19.66741215,4.0,7.1833706070000005,2.124608622
26.3,5.6,7.7,1.0
19.35916896,6.048581727,8.067958447999999,9.528749635
20.0,7.5,7.3,3.3
27.0,6.8,7.6,0.36
28.8,6.4,6.4,0.44
20.7,7.4,7.1,2.44
28.0,6.3,7.58,1.575
22.0,7.859641945,7.9,0.290358055
31.0,6.9,7.0,0.0
26.0,5.4,6.2,0.5
27.2,6.7,7.8,1.0
27.786,7.075,7.25,0.369
28.0,7.2,6.8,0.3
10.92430043,3.0,7.138645065,6.016730478
21.319,6.5,8.4,0.62
20.05287649,7.078849402,7.731725896,0.378071076
26.3,6.6,7.9,0.4
24.4,5.8,8.1,2.1
21.0,6.041625014,7.8,2.9583749860000004
20.0,5.9,7.2,2.05
30.4,7.6,7.1,0.1
30.0,5.2,6.9,0.37
25.0,5.4,7.3,4.2
21.4,5.0,7.6,0.49
23.9,7.6,7.8,0.0
29.2,6.2,7.9,1.75
25.0,4.8,7.5,0.2
19.63272674,5.0,7.1816363370000005,2.142818463
26.0,6.8,7.1,0.46
29.5,6.332999999999999,7.167000000000001,0.332
27.0,7.5,6.8,0.3
27.0,6.6,7.7,0.65
21.0,6.4,7.8,2.53
25.8,6.9,6.85,0.3829999999999999
29.2,6.1,6.7,0.3
26.0,7.0,7.6,1.95
24.3,6.8,7.3,0.4
10.55058854,4.0,7.055058853999999,4.44941146
30.1,6.3,7.0,0.37
28.1,6.8,6.0,0.25
28.0,6.2,6.5,1.2
27.0,6.9,7.1,0.26
24.5,7.9,8.1,0.6
22.0,6.3,7.7,3.7
30.6,5.1,7.3,1.8
26.0,5.4,6.6,0.26
28.8,7.0,7.4,0.12
22.0,7.7,8.1,0.75
28.0,6.6,7.3,0.39
28.0,6.4,6.6,0.25
22.927,8.0,7.8,1.742
24.5,8.0,8.0,0.0
11.20814194,5.0,7.181221291,6.328956133999999
17.9,6.9,6.9,3.48
28.0,7.6,7.5,3.079
30.0,4.8,6.8,0.1
19.12899093,5.0,7.156449547,2.40727976
25.0,6.6,7.2,0.45
18.9,6.0,7.0,17.9
25.0,7.7,7.1,3.42
21.0,5.5,7.6,3.33
18.84651255,4.0,7.142325627999999,2.55558091
28.0,5.7,6.7,0.35
28.4,7.0,7.7,0.4
23.0,7.1,7.4,0.9
28.0,6.7,8.0,0.18
26.0,7.1,8.5,1.0
26.75,6.733,6.733,0.743
29.0,6.5,7.7,2.413
18.75300358,7.0,7.137650179,2.604673123
10.27615887,5.0,7.041423831,5.303774762
28.2,6.2,6.9,0.2
24.3,7.1,7.0,0.11
22.0,6.5,8.2,0.05
23.0,5.5,7.3,5.0
26.0,6.7,7.4,0.3
18.25661433,3.0,7.1128307170000005,2.865277476
22.8,7.844,7.5,7.3
19.24365061,6.0,7.162182531,2.347083427
22.686,6.6,7.8,2.832
20.7,6.3,8.3,1.58
28.0,5.8,6.3,0.1
21.3,5.2,7.3,0.59
26.0,6.9,6.0,0.61
20.3,6.0,7.7,0.7
27.7,6.7,7.4,0.4
26.0,6.9,7.3,0.68
29.0,7.3,7.0,0.2
10.24871435,7.0,7.037307153,5.273585788
18.94372451,7.0,7.481909832,1.318992979
32.0,5.0,7.3,0.14
11.02347958,3.0,7.153521937000001,6.125827537
26.0,6.2,7.3,8.573
27.0,7.0,7.0,7.915
16.0,6.2,7.63,14.013
18.09648144,7.0,7.104824072,2.9493472460000003
21.0,7.4,7.0,6.044
21.0,6.245941244,7.645941243999999,2.298911865
10.08407166,5.0,7.0084071660000005,4.915928342
25.0,6.7,6.3,0.2
18.01797602,7.0,7.1008988010000005,2.990562591
20.8,7.3,7.0,0.69
26.0,7.1,7.0,0.337
10.10923492,7.0,7.010923492000001,4.890765085
25.0,7.2,7.8,0.15
21.0,5.7,7.3,2.4
21.0,7.3,5.6,2.1
29.0,5.9,7.1,4.13
27.3,6.3,7.9,6.41
29.1,6.4,7.2,0.0
19.37948798,4.0,7.168974399,2.275768812
13.09898216,4.0,7.200912604,3.291593521
19.9,7.3,7.0,3.3
21.0,5.3,7.5,5.08
28.2,6.5,6.9,1.0
27.0,6.9,8.0,1.6
27.4,6.1,7.2,1.04
21.0,5.4,7.8,0.41
26.0,3.0,6.8,1.8
22.0,6.0,7.3,2.1
16.0,7.2,6.2,1.5
17.0,7.5,7.1,2.88
16.0,6.4,6.9,3.88
19.25854649,7.0,7.162927325,2.339263091
13.67673147,6.0,7.228689012999999,3.09660313
29.0,3.0,7.7,1.501
26.2,7.1,7.9,0.45
28.0,7.4,6.4,0.12
19.901404100000004,6.0,7.195070205,2.0017628480000003
26.3,6.7,7.5,0.0
29.0,5.9,7.7,0.08
27.0,7.0,6.0,0.347
22.0,6.588465661,7.737693132,2.143460302
24.0,5.0,7.7,0.1
28.0,6.8,6.7,0.28
18.0,3.9,7.9,0.78
27.0,7.7,6.0,0.962
25.2,7.8,7.1,0.52
25.6,7.2,7.8,1.59
25.0,4.9,7.6,2.18
29.0,6.3,7.1,0.4
17.6,7.3,6.9,2.0
10.19347694,6.0,7.0290215410000005,5.212824636000001
24.3,7.0,7.6,0.9
23.1,7.0,8.1,0.0
23.5,6.8,7.1,0.2
27.5,7.1,8.3,0.48
28.3,4.0,6.5,1.2
28.4,6.3,7.6,0.24
20.0,3.0,7.2,1.95
28.1,6.3,7.6,0.6
22.0,7.3,7.3,0.0
17.9,6.9,7.2,2.66
17.3,7.0,8.1,0.0
30.0,6.0,7.1,4.8
18.18672623,4.0,7.109336312000001,2.901968729
29.8,7.2,8.1,0.2
26.4,7.4,6.7,0.51
17.05191734,5.527735938999999,7.856898967,1.422058138
28.0,6.9,6.0,0.151
22.0,7.8,7.1,2.62
31.6,7.3,7.2,1.23
26.5,6.1,7.0,0.66
29.0,7.5,8.0,2.3
26.8,5.9,7.0,1.29
26.0,6.0,7.8,1.047
27.0,7.2,7.2,0.1
21.6,6.9,7.5,0.5
27.6,6.2,7.5,1.62
26.0,5.1,7.48,2.3
28.0,7.0,8.0,0.64
28.2,6.4,7.2,0.23
29.0,7.2,6.0,1.03
26.8,7.3,6.0,0.1
20.26873968,5.331260319,7.831260319,6.831260319
22.5,5.1,6.9,1.829
26.1,7.0,8.0,0.3
25.175,5.9,7.36,0.083
23.0,5.0,7.4,0.4
29.1,6.4,7.8,0.5
22.1,5.2,7.9,2.2
25.0,4.5,7.6,0.53
29.0,6.9,7.3,1.25
29.0,6.9,7.7,0.56
10.10429387,4.0,7.010429387,4.895706134
19.39349298,6.0,7.169674649,2.268416186
24.0,5.1,7.4,5.9
22.0,6.4,7.7,2.2
18.0,4.9,7.1,11.61
18.64243191,3.0,7.132121595,2.662723249
31.0,7.2,6.3,0.41
28.6,6.3,7.0,0.85
10.33379978,7.0,7.033379977999999,4.666200223
28.0,7.3,6.7,2.8
15.51759368,7.0,7.317192004,2.475312134
11.350998,5.0,7.202649701,6.486097804
15.30340129,6.408979613,7.609102039,12.6107468
19.212421,4.0,7.16062105,2.363478976
25.0,7.4,6.6,3.744
21.0,6.9,7.8,0.0
29.0,6.7,7.9,1.727
19.5233082,7.0,7.17616541,2.200263196
21.91895762,6.718957616,7.762084767,0.963980529
28.0,6.2,7.6,0.5
10.45940303,7.0,7.045940302999999,4.540596974
28.0,5.8,7.8,0.5
25.0,7.7,6.9,1.3
28.7,7.1,7.9,1.3
21.61580837,7.976838325,8.05367665,0.1347425119999999
18.59572821,5.0,7.12978641,2.68724269
30.0,7.2,7.7,0.51
18.49118758,7.0,7.124559379,2.742126519
21.9661284,5.479233951,7.782741235,1.219354074
21.0,8.0,7.9,0.0
22.7,7.7,8.5,0.0
25.2,4.5,7.2,0.0
19.38120453,7.0,7.502942526,1.17134347
27.1,7.3,7.3,3.4
27.0,6.9,6.8,0.4379999999999999
11.91673747,5.0,7.28751062,7.108411215
17.0,6.1,6.8,2.084
27.0,6.714,6.957000000000001,0.449
25.0,7.1,7.2,0.34
23.2,7.9,8.0,0.0
27.0,7.2,7.7,0.7
14.59016199,3.0,7.272603942000001,2.78832033
28.0,7.9,7.3,0.922
26.0,7.0,7.8,0.953
29.2,7.2,6.3,0.1
27.0,3.2,8.4,0.0
29.0,7.0,8.0,0.94
18.98209207,6.0,7.483754426,1.306043927
29.0,7.9,7.0,1.662
32.0,6.0,7.2,1.75
20.0,5.0,7.3,2.65
27.0,4.175,7.1,6.7
17.5,5.1,7.367000000000001,1.4
28.0,6.4,6.7,0.75
19.88905606,4.0,7.194452803,2.008245566
10.17648,6.0,7.017647999999999,4.823519998
25.1,6.7,7.5,1.0
27.5,6.787000000000001,6.65,0.4
10.60069927,5.0,7.060069927000001,4.399300734
31.0,3.0,7.7,3.44
27.0,7.3,6.5,0.21
28.5,6.6,7.7,0.6
10.22921272,6.0,7.0229212720000005,4.770787278999999
19.96551256,6.0,7.198275627999999,1.968105906
25.3,6.9,7.7,0.93
20.8,7.5,7.4,0.5
21.0,5.0,7.1,1.272
29.0,4.2,6.6,0.56
26.8,6.1,6.9,3.1
21.0,7.0,7.0,2.228
17.70014389,3.0,7.422122302999999,1.738701436
12.4377382,7.0,7.169122029,3.514763359
29.083,6.2,6.457000000000001,0.326
27.0,7.8,6.4,0.08
19.23987408,5.0,7.161993704,2.34906611
19.8,6.1,7.9,0.84
16.0,7.6,7.0,3.01
30.0,7.8,6.0,2.188
29.0,7.5,6.0,2.931
11.31383338,4.0,7.1970750070000005,6.445216716
29.0,5.4,7.2,0.08
18.41347941,7.0,7.12067397,2.782923311
27.0,6.0,7.3,3.0
17.5,4.2,7.367000000000001,1.7
22.0,6.404332055,7.7,2.217328218
11.24341001,6.0,7.186511502,6.367751011
24.6,7.1,6.3,1.0
27.0,7.1,7.2,0.48
30.4,5.5,6.7,0.17
19.8,5.0,6.9,3.8
26.2,5.6,7.8,0.6
28.0,7.1,6.94,0.151
31.0,7.6,7.1,0.15
10.91478346,7.0,7.091478346000001,4.085216536
24.554,7.4,6.68,0.204
29.0,6.6,6.8,0.2
27.3,7.7,8.1,0.71
10.26497681,7.0,7.026497681,4.735023187
17.9,6.9,6.9,3.48
27.1,7.4,7.9,0.9
28.5,5.6,7.1,0.58
28.0,4.0,6.18,0.196
20.7,7.4,7.1,2.44
18.78961456,5.0,7.139480728,2.585452356
19.99788001,7.0,7.532590385,0.963215498
28.0,6.2,7.98,0.39
17.0,8.0,7.1,3.35
18.02921196,5.0,7.101460597999999,2.984663719
21.0,5.6,7.6,3.23
20.0,4.9,6.8,4.8
19.9,4.7,8.2,1.0
27.0,7.0,6.4,1.0
25.5,3.487,7.015,0.228
10.47567199,6.0,7.047567199,4.524328005
23.0,7.0,7.4,1.481
28.8,7.1,7.0,0.78
27.1,6.8,7.2,0.39
22.3,7.5,8.0,0.39
27.0,6.8,6.5,0.2
26.0,7.0,7.4,0.38
21.89416734,6.693000806000001,7.802333065,1.0
22.7,5.8,7.2,4.3
22.7,5.4,8.1,1.0
28.0,6.2,6.6,0.93
19.69949996,6.0,7.184974998,2.107762522
29.7,5.8,6.9,0.5
21.0,5.9,7.7,3.33
29.0,7.3,5.9,0.27
30.0,6.1,8.1,0.43
27.2,5.8,7.3,0.6
19.71747423,3.0,7.185873712,2.098326029
27.0,7.7,6.8,0.08
30.0,6.2,8.0,0.72
22.3,6.0,7.2,0.4
29.0,6.8,8.0,0.3
21.0,6.608379842000001,7.661080105,2.7731098160000003
23.3,5.3,7.2,5.9
20.425,6.4,6.75,0.193
16.0,8.0,7.0,1.6
21.4,7.2,7.7,0.8
31.1,5.0,7.3,0.0
20.6,4.9,7.4,0.0
12.0,7.0,7.3,7.2
26.714,6.471,7.379,0.309
10.41589961,4.0,7.041589961000001,4.584100392
27.8,6.9,6.8,0.5
18.41573532,6.0,7.120786766,2.781738958
14.37768846,7.0,7.262388867999999,2.860030146
10.89721729,6.0,7.089721729,4.102782706
16.0,6.2,7.63,14.013
12.76583851,3.0,7.184896082000001,3.4040295030000003
28.0,7.5,7.8,0.51
18.21505289,5.0,7.110752645,2.8870972310000003
28.2,7.0,6.7,1.28
31.0,7.1,7.8,0.08
30.2,6.2,8.0,6.9
30.0,6.8,7.2,0.08
29.6,6.4,6.7,0.2
26.0,6.0,7.8,0.3
20.3,5.6,6.7,2.0
28.0,7.0,8.1,0.4
26.2,6.6,7.81,0.263
30.0,7.3,6.8,0.12
26.5,5.4,7.8,2.4
21.0,5.0,7.2,3.05
20.1,7.0,7.2,15.4
27.0,6.2,7.0,0.93
29.0,6.7,7.3,0.35
31.0,4.5,6.9,0.6
26.0,6.2,7.3,0.55
11.80235965,4.0,7.138574983,3.729203619
28.0,4.4,8.0,0.0
10.3421433,4.0,7.03421433,4.6578566960000005
19.4,6.6,7.1,2.8
21.0,5.9,7.736142378999999,3.391442044
26.3,6.4,7.7,0.77
25.9,5.5,7.6,0.9
27.1,6.8,7.8,1.418
23.0,6.0,7.0,2.264
28.4,6.8,8.2,2.0
10.26301501,7.0,7.026301501,4.736984991
27.7,7.0,7.0,0.2
28.0,7.35,7.1,0.15
32.0,6.0,7.1,0.4
10.47596322,6.0,7.071394483,5.523559538
29.0,6.7,7.0,0.1
25.7,6.5,6.7,3.0
21.92561065,5.484298669,7.738171711000001,1.170732776
30.0,4.9,6.8,1.0
26.9,5.1,7.8,0.26
20.3,4.8,6.6,3.3
18.97698425,5.0,7.148849212999999,2.487083267
21.0,6.08843249,7.8,2.91156751
21.0,6.084188717000001,7.8,2.915811283
26.0,6.6,7.2,0.77
19.68172725,7.0,7.184086362,2.117093196
25.0,7.4,8.0,0.53
28.0,7.0,6.0,0.1
23.2,4.2,8.4,8.4
23.1,6.8,8.1,2.9
23.0,7.3,7.5,0.0
10.97782396,4.0,7.097782396,4.022176037
29.3,6.5,6.5,1.62
17.77087828,3.0,7.425522994,1.714828581
28.0,5.7,7.6,0.4
21.80609469,5.499238163999999,7.606704156,1.027313625
22.0,7.8,7.9,0.35
20.069,5.35,7.19,0.263
18.87063232,7.066961358,7.80550644,0.5237878220000001
17.6,7.3,6.9,2.0
24.0,6.0,7.1,3.08
10.42223859,3.0,7.063335789,5.464462454
29.0,6.6,6.9,1.0
21.0,7.8,7.1,2.97
29.1,7.3,6.7,0.1
20.0,7.0,7.0,3.03
28.0,7.5,6.7,0.1
26.0,7.0,7.3,0.29
25.9,8.0,8.0,1.6
28.7,4.6,6.7,0.6
25.0,6.4,7.6,0.6
18.7,4.0,7.1,15.6
29.2,7.5,7.4,5.0
11.46458579,6.0,7.219687867999999,6.611044366000001
10.86186653,6.0,7.086186653,4.138133465
25.0,7.5,6.9,0.14
26.0,7.0,7.0,0.278
27.0,7.0,7.3,0.02
27.2,6.8,8.1,1.0
28.0,5.7,7.8,0.2
20.1,6.0,7.4,0.0
10.59010485,5.0,7.059010485,4.409895154
27.8,6.1,7.8,0.54
21.4,7.2,7.7,0.8
21.0,6.7,7.6,2.88
18.21058087,3.0,7.110529043,2.889445046
23.028,7.0,7.9,1.892
28.4,6.5,7.1,0.0
24.5,6.0,8.3,1.8
27.0,7.3,6.6,0.17
10.99647398,3.0,7.099647397999999,4.003526024
30.0,6.1,8.4,0.0
21.0,5.6,7.3,4.2
10.45427799,7.0,7.045427799,4.545722012
27.0,6.0,7.6,1.1
26.0,7.1,7.0,0.34
24.4,6.7,7.5,1.3
29.0,4.5,6.6,0.34
18.9,7.4,7.1,2.9
23.6,7.8,7.8,0.4
21.0,6.426949533999999,7.782033644,2.5614411230000003
27.4,3.6,7.3,0.59
29.7,5.8,6.9,0.5
18.70858453,5.0,7.135429226,2.627993124
10.05998008,4.0,7.005998008,4.940019919
18.71150795,3.0,7.135575397999999,2.626458326
23.0,7.0,7.6,2.721
19.36574296,5.0,7.168287147999999,2.282984945
21.81053559,5.498683051,7.611589153,1.032642712
25.0,7.6,6.6,0.15
28.4,6.7,7.3,1.8
22.0,6.4,7.7,2.2
24.0,7.8,7.0,4.3
25.2,6.3,6.9,0.0
18.4212495,4.0,7.121062475,2.77884401
25.9,6.5,6.8,0.24
21.2,4.9,6.0,1.0
10.48897533,3.0,7.048897533,4.511024674
30.0,6.8,7.5,0.1
22.0,7.882452763,7.9,0.267547237
23.0,6.0,7.0,2.86
23.2,6.9,7.2,0.11
19.31501738,6.0,7.165750869,2.3096158730000003
19.5142952,6.0,7.509341115,1.12642537
25.667,4.9,7.943,0.603
26.0,6.4,6.2,0.4
16.0,6.4,6.9,3.88
29.5,6.3,6.9,0.1
14.94353014,6.860471099,7.804517589,16.07832369
18.40363956,6.0,7.120181978,2.788089229
19.0,5.0,7.2,4.857
27.0,6.1,7.0,0.56
23.3,8.0,8.0,0.0
21.0,5.9,7.734058997000001,3.387900294
18.99818589,5.0,7.149909294,2.475952409
29.0,6.5,7.3,0.59
10.17789196,5.0,7.017789196,4.822108037
24.0,6.0,6.9,2.207
20.0,7.5,7.3,3.3
22.693,6.8,6.92,0.1169999999999999
27.1,5.4,7.5,1.5
19.67147888,3.0,7.183573944,2.122473591
19.3,7.1,7.0,2.58
27.8,6.7,6.8,1.21
21.0,5.9,7.740817777,3.399390222
28.0,6.4,7.1,0.19
19.327276,7.0,7.166363799999999,2.303180098
27.6,6.2,7.7,2.41
29.0,7.5,7.0,0.155
22.3,7.1,7.4,0.63
18.50937566,5.0,7.125468783,2.73257778
21.0,5.9,7.725151744,3.372757965
10.93437493,7.0,7.093437493,4.065625069
27.0,7.2,8.07,0.37
27.8,6.7,7.8,0.3
10.95790128,4.0,7.095790127999999,4.042098721
11.09615425,4.0,7.164423137999999,6.205769677999999
28.0,7.3,6.2,0.21
17.0,7.0,8.1,0.0
28.0,6.5,8.1,0.55
20.0,4.5,7.4,3.07
27.8,7.0,6.6,0.75
22.0,7.881530331,8.227071232,0.692515395
25.3,6.9,7.5,0.0
27.0,6.7,6.9,0.3
27.0,5.9,6.7,0.52
24.0,6.9,6.9,0.18
20.919,7.038,7.072,1.461
10.87568421,7.0,7.087568421,4.124315786
21.8,5.5,7.6,1.02
32.0,6.0,7.4,3.989
18.55009913,6.0,7.127504957,2.711197954
22.0,6.4,7.1,8.1
29.0,6.3,6.6,0.36
18.14657077,3.0,7.107328539,2.923050345
29.0,6.2,8.11,0.39
28.1,6.9,7.3,1.7
11.33652252,7.0,7.200478378,6.470174775
18.54394421,3.0,7.127197211,2.7144292880000003
26.0,4.7,7.3,16.4
24.7,5.5,7.4,6.1
27.3,6.9,6.2,1.07
27.0,5.1,7.8,0.6
29.0,7.0,7.2,5.217
19.7,3.0,7.2,18.2
26.5,6.3,7.2,1.0
27.0,3.0,7.6,1.2
11.42864227,4.0,7.21429634,6.571506497000001
29.5,5.3,6.8,0.3
18.8,7.8,7.0,2.0
18.80380426,3.0,7.140190213,2.578002763
31.0,7.0,7.3,1.51
28.6,6.6,7.6,0.7
25.5,4.0,7.5,0.76
26.0,7.0,7.2,0.62
21.0,7.4,7.0,3.345
28.0,8.0,7.0,3.678
27.8,7.2,7.7,6.0
10.25418324,6.0,7.025418323999999,4.74581676
25.0,5.5,7.4,1.1
19.405,4.4,8.23,0.08
24.0,5.3,7.4,8.1
18.3649088,4.0,7.11824544,2.808422878
29.0,7.6,7.9,0.13
27.0,7.1,8.0,0.35
33.0,6.8,7.4,15.3
28.0,5.0,6.8,1.0
22.7,7.9,7.1,3.55
19.2,5.1,7.0,4.7
26.0,6.9,6.6,0.3
29.8,5.7,7.2,0.2
17.7,5.8,6.9,4.9
14.78553371,6.749873598,7.817157302999999,16.29746474
14.72739675,7.0,7.279201767000001,2.7420035960000004
24.0,6.58,6.5,4.0
28.0,7.3,7.4,0.3
24.0,6.6,8.3,0.5
29.6,7.0,6.8,0.49
19.38436797,5.0,7.169218399,2.273206815
30.1,6.3,7.6,0.1
12.36871389,5.0,7.165803552000001,3.538059061
23.9,7.5,7.7,0.3
28.5,6.6,7.0,0.1
19.0,3.0,7.1,11.81
28.7,6.8,6.5,0.42
24.0,7.0,7.4,2.16
26.6,5.9,8.4,0.6
23.4,5.1,8.2,2.3
24.5,7.5,7.9,0.45
24.0,4.4,7.4,6.0
23.375,7.9,7.85,9.038
21.0,5.1,7.4,14.85
24.0,7.7,7.9,7.27
11.34625831,3.0,7.116647034,3.883137821
18.97431774,7.0,7.48338066,1.308667763
23.4,5.5,7.4,0.0
21.0,6.330021765,7.730021765,2.425032647
19.9870068,4.0,7.19935034,1.956821432
18.4,7.6,7.1,3.0
32.0,5.4,7.2,0.78
25.8,3.5,7.4,13.2
28.1,5.4,6.7,0.42
20.0,7.3,7.1,2.5
23.0,4.6,7.0,1.535
26.9,6.8,7.7,0.4
18.34595572,5.0,7.117297786,2.818373246
18.98850412,4.0,7.149425206,2.481035337
19.8,5.0,6.9,3.8
29.0,7.4,7.2,0.11
20.0,4.8,7.5,4.1
27.4,7.4,7.9,0.7
10.65536767,4.0,7.098305151,5.720904442
21.609699600000003,7.06020027,7.665050067,0.8034949929999999
23.3,3.3,8.4,0.0
10.38909618,6.0,7.038909618,4.61090382
10.528321,3.0,7.0528321,4.471678999
14.08185656,6.257299591000001,7.873451475,17.27346495
29.5,4.1,6.0,0.0
17.2,5.0,7.5,0.0
32.6,4.0,6.8,0.8
21.16801194,3.0,7.588846727999999,0.568295969
28.3,3.2,7.7,0.51
31.6,4.9,6.5,1.05
29.5,7.03,8.1,3.23
22.3,6.1,7.3,2.982
20.0,5.0,7.3,2.65
23.5,4.9,7.5,5.0
32.0,5.557,7.2,0.2
20.27340164,5.326598364,7.826598364,6.826598364
26.3,7.0,7.1,0.32
26.8,7.0,6.9,0.4
22.9,7.8,8.1,0.0
27.0,6.6,8.0,0.54
27.8,7.1,6.9,0.73
19.0,6.0,7.6,0.0
29.0,7.1,6.8,0.17
26.0,4.0,7.4,3.0
18.10216913,5.0,7.105108456,2.946361208
23.0,3.7,7.5,1.834
23.2,7.0,8.2,0.0
24.0,6.9,7.6,1.39
28.3,7.1,7.8,0.44
21.95066863,6.75066863,7.698662741000001,0.903729604
30.0,5.4,7.37,0.215
18.80297047,4.0,7.140148523,2.578440504
29.0,6.2,7.2,0.22
24.1,7.8,7.9,0.0
31.0,6.3,7.7,1.1
18.27110904,6.0,7.113555452000001,2.857667754
26.0,6.8,8.1,1.16
10.28988393,7.0,7.028988393,4.710116065
28.4,7.1,7.5,4.4
27.9,6.7,6.4,0.1
30.0,4.0,7.0,1.868
26.0,6.6,6.2,1.97
20.0,6.0,8.1,1.0
28.4,6.7,7.3,1.8
19.0,5.0,7.4,1.208
29.0,7.5,7.2,0.1
22.1,6.3,7.5,1.93
12.60200407,7.0,7.177019427,3.459323626
10.54977177,4.0,7.0549771770000005,4.450228233
18.73276065,6.0,7.136638033,2.615300658
25.3,5.3,7.7,1.2
27.6,6.0,7.8,0.2
25.6,5.7,7.62,0.86
28.0,6.4,6.7,0.12
21.5,5.5,7.4,0.1
25.8,7.2,8.0,0.57
25.0,7.2,8.1,1.46
11.00488252,6.0,7.100234737,3.998352149
23.0,4.8,7.3,1.1
33.0,7.1,7.6,15.8
16.7,6.0,8.0,0.0
11.46017239,4.0,7.219025858999999,6.606189632
19.0554924,5.0,7.15277462,2.445866488
21.129,7.0,8.16,0.3429999999999999
27.0,6.8,7.5,0.51
25.407,6.8,6.98,0.206
30.0,6.1,8.1,0.3
23.5,6.1,7.8,14.0
18.0,3.9,7.1,16.61
30.0,5.225,7.4,0.4
25.4,7.2,7.4,0.46
29.9,3.7,7.5,25.71
23.0,7.0,7.4,0.9
25.0,6.8,8.1,0.28
18.23856585,3.0,7.111928292999999,2.874752926
27.0,7.4,7.0,0.186
28.0,7.5,8.1,0.4
26.3,3.7,7.7,0.9
26.3,3.7,7.9,2.2
28.0,7.2,6.5,0.25
24.0,7.7,6.6,1.6
11.39778272,7.0,7.209667408,6.537560993
26.8,7.2,7.9,0.2
27.3,7.0,7.7,0.5
26.4,7.2,7.4,0.5
29.0,6.5,7.1,0.1
27.0,3.1,7.2,4.41
19.14498031,7.0,7.491585592000001,1.251069144
27.4,6.8,7.7,0.3
25.4,6.7,6.3,1.5
25.0,5.8,8.3,2.6
27.8,6.7,7.8,0.3
28.0,6.4,8.0,2.129
28.75,7.6,6.775,0.173
10.40130592,6.0,7.060195889,5.4414365170000005
33.0,6.8,8.0,1.5
31.6,5.9,6.6,1.0
29.0,4.4,8.5,0.0
28.0,7.2,7.3,0.25
28.0,8.0,8.3,0.73
27.0,5.8,6.5,0.13
18.0,8.0,7.0,3.8
10.55253434,7.0,7.055253434,4.447465656
20.8,6.1,8.4,2.3
30.0,6.0,7.5,0.2
28.8,5.1,6.7,0.63
27.9,6.4,6.5,0.34
27.8,7.1,7.1,0.1
23.9,4.6,8.4,1.0
21.92701575,5.484123031,7.739717327999999,1.172418903
28.0,6.6,6.9,0.3
28.0,6.0,7.1,0.21
12.76313797,6.0,7.184766249,3.404940934
10.44114149,4.0,7.044114148999999,4.558858508
10.92766247,7.0,7.092766247,4.07233753
27.0,5.9,6.4,3.53
18.0,7.0,7.0,2.43
19.01142351,5.0,7.150571175,2.469002658
26.0,7.2,6.7,0.28
15.0,6.8,7.3,1.35
21.90057119,6.700571187,7.798857626,0.998914745
24.8,5.2,7.7,1.9
11.74916552,6.0,7.262374827,6.9240820670000005
25.0,7.0,7.2,2.31
25.0,7.102,7.945,0.11
17.9,6.9,7.2,2.66
24.9,6.8,7.9,0.6
10.4111896,5.0,7.061678439,5.452308555
19.85376112,3.0,7.192688056000001,2.026775411
27.0,6.8,7.0,0.93
25.0,6.9,7.4,0.37
20.5,5.1,7.6,6.6
22.3,4.7,7.4,1.765
30.3,5.6,7.7,0.07
32.0,6.9,8.2,0.02
12.17150125,6.0,7.156322175,3.60461833
21.0,6.3,7.7,3.28
24.0,7.0,7.5,1.2
29.0,5.3,6.8,0.8
22.3,5.6,7.4,0.0
28.1,4.0,6.4,1.29
24.875,6.8,7.08,0.165
27.1,6.3,8.1,0.6
22.0,6.46463411,7.7,2.45853644
22.3,6.0,7.2,0.4
29.0,7.0,8.0,1.365
29.4,6.6,7.7,1.3
22.0,5.5,7.3,0.866
27.0,7.4,8.0,0.2
28.0,6.7,6.5,0.6
10.0,5.0,7.0,5.0
21.2,7.3,6.6,2.4
23.7,5.7,8.2,2.1
27.0,6.0,7.8,0.63
12.6,7.0,7.0,0.3
11.70115574,6.0,7.255173361000001,6.8712713160000005
10.08083025,7.0,7.008083025,4.919169749
27.0,3.2,6.8,6.351
15.75282875,6.274151374,7.622584862999999,13.51544428
27.0,6.204,7.5,0.1
18.74375933,3.0,7.137187967000001,2.609526351
21.54481346,6.3,7.7,3.508821654
28.8,7.6,7.6,0.3
27.1,5.4,7.5,1.5
29.8,6.7,6.8,0.17
27.0,5.0,7.22,0.452
26.9,7.9,7.9,0.2
29.0,5.1,7.5,0.38
27.0,7.9,8.2,0.2
28.0,6.9,6.0,0.05
21.0,5.7,7.3,2.4
26.1,3.6,7.4,2.2
10.9422383,5.0,7.141335745,6.03646213
29.3,6.4,8.0,2.0
27.0,7.5,7.2,0.27
27.8,6.9,6.9,0.4
18.31441837,6.0,7.115720919,2.834930355
27.0,6.7,7.8,0.9
27.0,6.2,7.6,0.28
21.0,6.2,7.6,2.23
20.0,7.4,7.5,1.23
25.7,5.7,7.9,2.69
19.85222052,7.0,7.192611026,2.027584226
22.0,5.67,7.02,1.404
23.5,6.9,6.3,0.0
27.0,7.7,6.0,0.9
23.5,6.5,7.8,0.99
26.8,6.9,7.5,0.55
29.1,6.9,8.3,0.3
25.0,7.3,8.5,1.0
21.0,5.3,7.4,3.1
26.3,5.6,8.1,0.0
28.0,5.2,7.2,0.04
11.91055655,6.0,7.286583482,7.101612202
18.1,4.4,7.1,1.2
18.753,5.0,7.6,2.848
29.0,7.4,6.5,0.49
16.0,7.2,7.0,2.6
22.0,7.813886922000001,7.9,0.3361130779999999
28.0,7.1,7.2,0.31
28.4,4.5,6.5,0.34
25.5,6.9,8.0,0.6
28.0,6.9,7.0,0.335
22.9,8.0,8.0,0.0
25.725,7.9,6.0,0.518
30.0,7.1,7.5,0.6
22.0,6.6,7.3,0.304
28.0,6.4,8.3,0.05
22.3,5.6,7.1,0.326
19.0,5.6,7.4,0.38
28.3,6.7,6.2,0.57
10.8534915,7.0,7.08534915,4.146508502
21.5708945,6.305073397999999,7.931642201,1.0
20.856,7.007,7.6,2.13
21.9,5.5,8.0,1.1
29.1,6.4,7.1,0.1
25.8,7.3,7.1,0.4
23.0,3.0,7.7,0.763
27.417,7.286,6.586,0.233
19.29738405,5.0,7.164869202,2.318873376
10.07648211,6.0,7.007648211,4.923517888
25.0,6.8,6.7,1.84
10.56367454,7.0,7.056367454,4.436325463999999
18.34068185,7.0,7.117034092000001,2.82114203
28.0,6.4,7.0,0.513
24.0,6.5,7.4,0.13
26.5,6.055,7.605,0.222
29.0,7.4,7.0,0.05
18.99150772,5.0,7.484207102,1.302866144
30.3,6.0,6.6,0.0
28.0,6.1,7.7,1.2
25.8,7.0,8.1,1.3
19.5257322,6.0,7.17628661,2.198990593
26.6,6.7,7.3,0.35
21.47136522,7.152423185,7.688105796,0.80118942
12.11186462,3.0,7.15345503,3.624745691
29.0,6.9,7.2,0.49
10.85239462,4.0,7.0852394620000005,4.147605383999999
27.1,6.8,7.9,0.8
29.0,6.8,6.9,0.1
23.0,6.2,6.9,1.181
28.7,7.3,6.7,0.1
11.81294583,4.0,7.139083933999999,3.725630782
26.6,6.5,7.4,0.3
30.0,6.0,8.0,0.86
28.1,6.3,7.6,0.6
23.8,8.0,7.4,0.0
27.0,6.0,7.1,0.14
27.8,7.5,6.8,0.6
30.0,6.1,7.3,18.6
17.5,6.0,8.1,0.0
18.693483,6.867668371000001,7.838721938,0.6672787729999999
19.42313979,3.0,7.17115699,2.2528516080000003
15.0,6.9,6.0,2.572
21.0,6.4,7.025,2.675
10.30742812,5.0,7.030742812000001,4.692571883
23.0,5.5,6.0,2.663
18.40997683,3.0,7.120498841,2.784762166
27.2,6.1,7.3,0.5
29.5,5.8,7.3,0.4
28.0,4.9,6.7,0.28
28.5,7.1,7.5,1.0
28.0,5.8,7.9,1.42
10.65775848,5.0,7.098663772999999,5.723534333
29.6,6.9,7.9,0.4
18.8,7.1,7.1,5.6
22.0,5.2,7.4,6.18
26.8,6.6,7.4,0.53
23.9,7.7,7.7,0.3
19.0,6.3,8.05,10.89
18.21998963,5.0,7.447114886,1.563253501
10.62399239,5.0,7.062399238999999,4.37600761
30.0,6.0,6.7,3.97
24.0,7.0,7.3,1.1
26.5,4.0,7.5,1.8
27.0,6.8,7.7,0.63
25.0,6.7,7.6,1.5
27.0,7.1,6.8,0.4
22.6,6.0,7.1,0.0
22.8,7.9,7.6,0.3
24.0,7.7,7.1,0.84
25.8,7.2,7.2,0.2
29.0,5.0,7.7,0.1
22.0,7.6,7.5,1.92
19.5,7.2,7.0,2.955
21.0,5.3,7.4,3.1
26.5,6.7,8.0,0.2
32.0,8.0,7.2,0.972
20.0,7.1,7.7,0.34
27.0,7.3,6.6,0.25
29.667,6.5,8.14,1.3969999999999998
10.52970581,3.0,7.052970581,4.470294193
28.3,6.5,7.1,0.0
24.3,5.3,7.4,4.0
26.667,6.7,7.267,5.481
10.34125024,7.0,7.034125024,4.65874976
15.62801279,6.311596163,7.618840383999999,13.26418974
21.0,6.4,7.025,2.675
13.3,4.9,6.8,1.8
30.1,6.4,7.4,1.79
27.0,6.5,6.9,0.52
23.9,6.2,7.7,0.5
18.93778122,6.0,7.146889061,2.507664862
29.0,7.3,6.8,0.42
10.31790931,4.0,7.031790931000001,4.682090691
21.5,4.1,7.5,6.1
24.3,6.0,7.4,0.6
25.0,6.1,7.15,4.603
18.0,6.4,7.0,4.8
11.73990898,5.0,7.260986347,6.91389988
28.3,6.8,8.0,1.0
20.717,5.0,7.92,0.153
26.5,7.3,7.7,1.0
16.32995516,3.0,7.356247843999999,2.201140132
27.0,5.4,7.4,0.06
19.66970533,7.0,7.183485267000001,2.123404702
19.0,6.3,8.05,10.89
21.65136771,7.03242153,7.658105382,0.8041894620000001
21.0,5.9,7.8,3.5
20.5,6.9,8.0,0.7
10.05594663,6.0,7.005594662999999,4.944053369
27.0,7.567,7.9,8.3
21.4,7.3,8.0,1.0
29.0,7.2,6.0,4.114
24.0,7.9,7.3,5.02
19.64463336,3.0,7.182231667999999,2.1365674880000003
21.0,6.9,6.6,1.4
30.0,6.2,7.0,17.7
27.8,6.5,6.7,0.26
10.24658203,6.0,7.024658203,4.753417966000001
10.56390886,4.0,7.056390886,4.436091137
19.97863235,5.0,7.198931618,1.961218014
28.8,6.5,7.5,0.08
22.1,8.0,7.8,0.8
28.0,8.0,8.2,1.0
23.0,3.6,7.2,2.539
22.0,6.27,7.89,2.454
10.82118693,7.0,7.082118693,4.178813074
20.0,6.6,7.15,2.1
19.8,5.2,6.7,5.9
21.737,6.6,6.77,1.54
19.14927066,4.0,7.157463533,2.396632904
28.0,7.4,7.27,0.17
28.0,6.0,6.9,0.61
23.7,7.167000000000001,8.142999999999999,0.295
23.0,5.0,6.8,1.331
28.0,6.8,6.9,0.2
28.7,6.8,7.6,4.22
10.27069591,7.0,7.040604387,5.297765506
18.58381645,3.0,7.129190822000001,2.693496364
19.64027348,6.0,7.182013673999999,2.138856424
30.3,6.3,6.7,0.17
25.0,4.9,7.4,0.64
18.80573067,6.130257855,7.829140399,0.839897995
24.0,7.0,7.5,0.06
26.0,6.0,7.5,1.594
10.48863641,7.0,7.0488636410000005,4.51136359
30.0,7.4,6.0,0.964
26.2,5.7,7.9,0.4
25.1,6.7,7.6,0.2
26.0,4.8,7.6,0.1
25.0,6.6,7.2,1.01
28.0,6.0,7.2,0.38
21.25187654,6.0,7.59287868,0.539991667
19.98209738,3.0,7.199104869,1.959398876
18.3,7.2,7.2,2.6
18.569,4.0,6.0,3.169
11.19520314,5.0,7.179280471,6.314723451
24.8,3.0,8.2,1.8
28.0,7.7,6.45,0.163
19.4,6.6,7.1,2.8
10.78372203,5.0,7.117558305,5.862094234
19.92965842,7.0,7.196482921,1.98692933
22.6,7.1,6.5,4.56
28.1,7.1,7.0,0.66
24.4,6.0,7.5,0.8
23.7,7.6,7.3,3.7
29.0,6.5,6.8,0.04
25.6,4.0,6.9,0.0
21.0,6.523779829,7.717480114,2.6744098
18.46249605,4.0,7.123124802,2.757189576
28.4,6.9,7.2,0.13
29.0,7.0,7.3,1.547
18.3,7.3,7.1,2.4
23.0,7.1,7.4,0.9
27.1,6.1,7.3,2.02
19.0,4.8,7.6,3.6
27.2,6.8,8.0,1.0
10.33268954,6.0,7.033268954,4.667310458
29.0,7.4,8.1,0.5
28.0,7.4,7.3,1.2
10.19178583,7.0,7.028767875,5.210964417
27.3,6.8,6.9,0.24
23.5,7.6,7.6,2.66
10.37831126,6.0,7.037831126,4.621688744
22.0,6.4,7.1,8.1
10.51262857,4.0,7.051262857,4.487371434
18.32181168,3.0,7.116090584,2.831048869
28.0,5.0,6.3,0.12
19.50023772,7.0,7.175011886,2.212375195
31.25,6.975,6.725,0.22
25.45,6.4,7.9,5.9
23.8,6.0,8.2,0.0
27.25,6.825,7.125,1.525
26.9,6.7,7.7,0.8
26.0,6.4,7.3,0.24
27.6,6.8,7.3,1.6
10.23062073,4.0,7.023062072999999,4.769379273999999
17.23881913,6.0,7.399943227,1.894398544
28.0,6.4,7.1,0.62
23.0,7.0,7.35,1.054
15.1,6.3,6.8,1.4
26.9,7.3,7.9,0.3
24.0,5.9,7.9,0.48
29.9,5.6,7.5,18.73
28.0,6.6,5.9,0.1
26.0,6.9,7.8,0.76
27.5,7.1,7.9,1.0
30.4,6.4,6.9,0.27
31.1,4.7,8.2,2.3
27.5,7.7,7.4,0.64
29.0,7.2,7.8,0.4
19.35204168,7.0,7.167602083999999,2.290178118
26.8,7.0,8.0,2.54
21.9,6.7,7.8,1.0
22.0,6.8,7.6,0.81
30.0,6.1,6.8,0.17
10.72123583,5.0,7.072123583,4.278764172
22.0,7.9,7.9,0.25
29.0,6.0,7.0,2.252
22.0,7.4,7.9,1.9
19.3,7.1,7.0,2.58
28.1,6.3,6.8,0.16
28.0,7.0,8.2,1.0
20.0895294,4.0,7.536996606000001,0.932283826
21.0,7.5,6.0,1.942
27.6,6.4,7.7,0.9
10.06572032,3.0,7.006572032,4.934279676
27.0,6.5,7.3,0.79
32.1,5.5,8.1,2.15
23.3,5.3,7.2,5.9
25.8,5.7,7.5,14.18
29.5,6.9,7.4,1.28
25.0,7.5,6.0,0.514
29.6,5.2,8.2,2.9
20.54449622,4.0,7.558870011000001,0.778732524
24.8,7.1,7.1,0.35
27.0,6.6,7.2,0.34
27.0,6.8,6.9,0.45
26.0,6.7,6.9,0.28
19.0,5.0,6.0,2.5
26.9,6.5,7.9,0.2
22.0,7.899764118999999,7.9,0.250235881
22.563,7.2,6.76,0.449
21.0,7.3,6.0,2.565
20.35100987,5.248990128,7.748990127999999,6.748990127999999
18.35901282,5.0,7.117950641,2.811518271
23.8,6.0,8.2,1.8
25.8,7.2,7.9,0.1
24.9,6.0,8.2,1.0
28.0,8.0,7.0,1.098
26.25,6.4670000000000005,6.6,0.66
18.70320371,4.0,7.135160186,2.630818051
15.21297317,7.0,7.302546787000001,2.578121555
15.19402637,4.0,7.301635882999999,2.5845161
19.05268404,6.0,7.152634202000001,2.447340881
22.3,3.0,7.7,0.48
26.9,5.3,6.9,0.66
30.6,5.1,7.3,1.8
24.4,7.7,7.8,0.0
30.2,6.8,7.0,0.2
10.87299094,5.0,7.130948642000001,5.960290037999999
24.8,6.5,7.3,0.8
23.0,6.4,6.7,3.34
28.857,6.242999999999999,7.252999999999999,1.269
10.30126514,3.0,7.04518977,5.331391649
27.6,6.8,7.7,1.33
25.1,6.9,7.0,2.5
12.13555006,7.0,7.154593753,3.616751855
22.1,3.0,7.8,0.8
22.0,6.2,7.2,4.11
26.3,7.5,7.5,2.0
28.0,7.4,7.0,0.11
20.0,6.1,7.1,0.3
25.0,7.3,7.3,0.55
10.63997576,7.0,7.095996365,5.70397334
28.0,6.7,8.0,0.31
26.9,6.8,7.4,0.86
29.0,6.9,7.7,0.42
32.0,7.8,7.2,0.15
27.0,7.1,7.9,1.5
21.0,5.9,7.788943633,3.4812041760000003
28.0,5.0,7.5,2.497
26.0,7.0,6.7,0.37
10.36126637,5.0,7.036126637000001,4.63873363
26.6,6.6,7.9,1.9
18.8,7.8,7.0,2.0
27.0,3.6,7.4,1.5
28.6,3.0,6.6,1.2
27.0,6.2,6.8,0.39
26.4,5.7,7.11,0.0
24.265,6.951,7.61,10.3
25.0,6.8,7.43,1.225
18.66121122,3.0,7.133060561000001,2.652864111
28.0,7.0,8.0,0.56
24.0,7.7,7.2,3.02
29.0,6.1,6.7,0.55
30.0,6.4,7.6,0.1
16.92083614,5.0,7.384655583,2.001717804
19.4492417,7.0,7.172462085,2.239148108
29.0,6.0,5.9,0.63
28.0,6.6,7.8,0.57
15.82858796,3.0,7.332143652,2.370351562
24.1,6.8,7.4,1.7
28.4,6.0,7.0,0.13
29.0,7.3,7.0,0.2
22.4,7.3,7.5,1.58
28.7,6.8,6.8,0.55
19.01494755,4.0,7.150747377999999,2.467152534
21.52582854,6.250994251,7.949668582999999,1.0
16.0,7.2,6.2,1.5
30.0,6.6,7.9,0.52
17.0,3.1,6.0,4.329
30.0,4.0,8.4,3.292
19.85550294,5.701147939,8.092775147000001,7.647643842000001
25.0,7.0,7.6,0.67
26.6,6.7,7.6,2.5
20.3,7.1,7.5,0.0
27.0,6.9,6.8,0.22
27.0,4.0,6.0,2.275
10.7101335,7.0,7.07101335,4.289866502
10.40797148,3.0,7.040797147999999,4.592028523
23.667,7.767,7.542999999999999,2.775
28.3,7.2,6.1,0.92
24.6,6.4,7.3,1.3
17.6,5.3,8.1,0.0
29.2,6.4,8.4,0.3
19.89029767,6.0,7.194514884,2.0075937230000003
18.0,7.0,7.0,2.43
18.83115134,5.0,7.141557567,2.563645548
25.0,6.6,8.0,1.396
28.0,6.3,6.9,0.3
29.0,6.3,7.3,0.29
22.6,7.2,7.1,2.4
26.2,7.2,7.9,0.1
29.0,5.7,7.3,0.35
11.20957844,7.0,7.110075886000001,3.929267278
10.71850531,5.0,7.071850531,4.281494689
20.0,5.1,7.2,2.55
19.0,5.9,7.3,0.36
29.0,6.3,6.3,0.67
30.0,4.2,8.2,0.4
26.75,6.375,6.5,0.0
28.0,7.6,8.1,0.5
20.0,7.4,7.5,1.23
10.67771533,3.0,7.1016573,5.745486867
28.0,6.8,7.2,0.32
29.0,6.5,6.0,0.757
21.87860019,7.924279962000001,7.948559925,0.213580056
25.0,4.0,7.7,0.0
30.0,6.7,7.7,2.6
26.0,6.7,7.7,0.89
22.0,7.6,7.1,2.6
14.0,6.2,7.88,17.387
24.4,7.5,7.8,0.7
35.0,6.6,8.1,0.26
24.8,6.4,7.2,0.77
22.0,6.2,7.3,0.5
27.8,6.7,7.8,0.3
28.75,6.632999999999999,7.067,0.45
20.0,7.7,7.4,0.37
23.6,6.2,7.2,1.01
10.49285619,4.0,7.073928429,5.5421418120000006
21.4,7.2,7.7,0.8
27.0,7.3,7.3,1.28
11.50224118,7.0,7.225336177000001,6.652465297999999
26.7,6.3,8.2,0.6
21.9732772,6.8178152,7.6044538,0.80955462
18.36985149,4.0,7.118492573999999,2.80582797
28.0,6.4,7.1,5.2
28.0,6.9,7.9,0.75
28.0,6.9,7.2,3.826
20.0,5.7,7.4,3.1
11.14025941,6.0,7.171038911,6.254285347000001
19.91681344,5.0,7.195840672,1.993672946
11.87637911,5.0,7.142133611,3.704222051
16.39826292,6.0,7.359531871000001,2.178086266
28.0,5.0,7.6,2.028
21.0,6.2,7.6,2.23
29.5,6.6,8.2,0.0
12.0,5.0,7.3,7.2
21.3,5.2,7.3,0.59
29.0,7.7,7.2,2.0
29.0,7.3,7.0,0.18
25.8,7.3,7.4,0.44
18.65928132,6.829191487,7.845134752000001,0.6949821290000001
28.286,6.371,7.061,0.346
29.0,5.8,6.6,0.265
18.00057859,5.0,7.100028929,2.999696242
27.0,6.6,7.27,0.292
26.0,6.8,6.0,0.417
23.106,5.9,6.6,0.326
27.7,5.8,7.7,0.1
11.72220054,7.0,7.258330082,6.894420598
19.4426068,7.0,7.17213034,2.242631431
26.0,6.6,6.3,0.3
28.0,6.9,6.0,0.506
26.1,5.2,8.3,0.5
26.7,6.5,8.0,2.9
29.0,7.3,6.0,0.11
25.6,4.3,7.1,0.0
11.2475862,6.0,7.1871379310000005,6.372344824
23.212,7.5,8.2,0.14
27.0,6.9,6.5,0.42
29.0,6.6,7.2,0.2
17.01701902,5.5006897420000005,7.856462737999999,1.436471144
25.0,6.5,7.9,0.3
27.1,3.3,7.7,3.1
17.36401503,7.0,7.405962261,1.852144927
28.2,7.1,7.9,0.42
24.5,7.3,7.7,2.0
10.88289322,7.0,7.0882893220000005,4.1171067830000005
27.4,6.4,7.7,3.34
23.5,7.2,7.9,0.95
31.0,5.9,7.2,0.08
29.0,6.3,6.5,0.3
26.5,6.733,6.867000000000001,0.455
21.0,5.3,7.3,5.0
15.21907166,6.434278502000001,7.60657215,12.44099125
26.667,7.4,6.733,0.9
30.0,6.2,7.7,0.06
27.2,7.3,7.0,0.27
26.0,7.9,7.8,4.845
21.0,5.2,7.5,3.55
25.0,6.6,8.2,15.5
27.3,5.3,8.2,1.7
29.0,7.0,7.5,5.419
10.92538889,4.0,7.092538889,4.074611107
26.0,5.1,6.2,0.4
28.0,6.8,7.1,0.07
28.0,6.0,6.6,1.11
28.5,7.1,6.2,0.68
27.0,3.2,7.4,1.67
18.4470049,7.0,7.122350245,2.76532243
15.26002633,6.421992102000001,7.60780079,12.52343299
10.78107366,6.0,7.078107366,4.218926337
19.15366573,4.0,7.157683286,2.3943254940000003
28.7,6.8,7.9,0.58
18.5,7.3,7.8,0.0
31.0,6.8,7.8,0.02
24.3,3.5,7.0,1.0
25.0,6.7,7.9,0.594
22.0,7.741960282999999,8.129372197999999,0.736712577
27.0,6.8,8.2,0.62
19.97492001,6.0,7.198746000000001,1.963166996
23.2,7.7,7.8,0.0
21.0,6.9,8.2,2.12
28.0,5.0,7.4,2.08
28.3,4.3,7.8,1.23
29.8,5.8,7.7,10.45
28.0,7.8,8.0,2.0
27.0,6.8,6.7,1.47
17.0,8.0,7.1,3.35
27.0,6.8,7.5,0.18
26.0,6.7,7.38,1.575
33.0,7.3,7.0,4.8
27.5,5.3,7.8,1.0
30.1,5.2,7.1,0.3
11.403185,6.0,7.21047775,6.543503499
20.0,4.7,6.7,3.7
23.0,4.9,7.8,2.853
32.7,3.3,7.9,0.97
27.0,3.2,7.8,0.2
22.5,5.5,6.9,1.831
21.0,5.9,7.737036542999999,3.392962124
18.45786588,3.0,7.122893294,2.759620415
13.2,6.0,7.1,0.3
28.0,7.6,7.0,1.065
28.3,5.0,6.5,1.2
24.0,7.1,8.1,0.0
26.667,6.332999999999999,7.277,7.187
27.9,6.8,7.8,1.99
28.0,6.0,7.9,0.97
22.0,6.5,7.7,2.6
10.27810045,6.0,7.041715067999999,5.305910497
10.49059526,5.0,7.049059526000001,4.50940474
24.3,7.5,7.0,1.7
27.0,4.2,8.2,3.072
21.0,6.7,7.6,2.88
27.5,5.4,8.0,3.2
22.0,5.475,7.82,1.26
27.9,7.2,6.7,0.06
21.4,7.0,7.6,0.49
18.75890465,6.941267729,7.826455377999999,0.614287235
22.0,7.361971486,7.892394297,1.911408554
24.0,3.0,7.05,3.2
28.0,5.7,6.8,0.5
25.0,5.9,7.9,0.1
24.8,7.3,7.3,2.66
26.5,6.085,7.695,0.153
29.0,7.2,7.42,0.7909999999999999
26.0,7.2,6.0,0.477
27.0,7.0,6.7,0.28
28.0,7.0,6.0,0.241
10.36726401,4.0,7.036726401,4.632735994
10.54926964,4.0,7.054926964,4.450730359
28.0,6.6,6.0,2.969
19.59486296,4.0,7.179743147999999,2.162696944
22.3,7.2,8.0,0.63
10.83210317,6.0,7.124815475,5.9153134860000005
13.860323,7.0,7.237515528999999,3.034640987
27.4,7.1,7.3,0.36
18.7,7.7,7.7,0.0
28.2,5.0,8.3,1.48
25.3,6.8,7.1,0.0
10.36497694,5.0,7.036497694,4.635023055
28.0,6.9,6.4,0.2
21.0,5.6,7.3,4.2
27.4,6.3,7.7,5.37
10.32923854,7.0,7.049385781,5.362162393999999
18.0,7.0,7.1,3.0
22.7,5.8,7.2,4.3
11.36516304,4.0,7.204774456,6.501679342999999
25.0,6.7,7.9,3.335
24.0,6.9,6.4,1.59
28.9,6.2,7.4,0.95
21.0,5.9,7.796085558,3.493345448
28.8,5.4,6.7,0.3
26.3,6.0,6.6,2.0
28.0,4.6,6.9,0.11
26.3,6.9,7.1,0.33
27.7,6.7,8.5,3.1
20.0,7.3,7.0,0.38
23.8,8.0,6.9,3.38
19.48594722,3.0,7.174297361,2.219877709
29.0,7.3,7.1,0.88
22.0,4.9,7.4,6.78
10.29000775,4.0,7.029000775,4.70999225
23.7,7.5,7.8,0.2
23.0,6.6,6.2,0.1
22.0,6.8,7.5,2.0
25.0,6.0,7.6,4.0
27.0,7.0,7.1,0.35
29.0,6.8,8.4,0.4
28.0,7.4,6.9,0.15
11.88484607,6.0,7.28272691,7.073330675
29.0,7.033,6.533,0.135
29.8,5.6,7.7,0.14
27.5,5.0,8.0,0.45
30.1,6.5,7.5,0.1
27.3,6.7,6.9,0.2
27.275,4.2,6.0,0.16
26.0,6.3,7.6,0.37
25.7,6.3,7.4,0.88
28.0,7.5,8.2,0.89
11.2399571,7.0,7.1859935660000005,6.363952815
29.0,7.0,7.0,3.696
21.0,4.9,7.4,4.4
27.0,6.6,6.4,3.13
28.0,4.0,6.68,1.686
27.5,7.95,6.565,0.08
30.0,5.9,7.5,7.7
20.8,6.6,7.5,0.0
27.0,4.9,7.7,3.156
21.0,6.041082349,7.7,3.3123647060000003
28.2,5.9,7.8,1.61
27.3,7.0,8.0,0.46
15.0,6.9,7.8,16.0
28.5,7.7,6.9,0.0
28.1,6.6,7.1,0.2
18.2,7.2,7.0,3.7
