Image Path,Actual Class,Predicted Class,Class Name,Probability,Predicted Class Probability,similar_wds,similar_wds_cos_scores,ZSL Predicted Class,ZSL Unseen Class,Predicted Class Probability Array
..\Dataset\artefact2\unseen\chimpanzee\chimpanzee_10001.jpg,chimpanzee,8,monkey,1.0,"[[1.39096019e-10 1.23214050e-17 1.47296735e-08 6.17488496e-14
  2.12615632e-13 8.14064049e-08 5.59347551e-12 4.87974317e-13
  9.99999876e-01 2.08818420e-11 2.31248597e-08 3.38614416e-13
  3.10532831e-12 7.23509006e-10 5.82379254e-11 2.50057713e-10
  5.64909573e-10 3.09314475e-09]]","(['chimpanzee', 'rat', 'leopard', 'raccoon', 'giant_panda'], [0.6258541345596313, 0.462008535861969, 0.4370909035205841, 0.42878904938697815, 0.37368571758270264])","[0.6258541345596313, 0.462008535861969, 0.4370909035205841, 0.42878904938697815, 0.37368571758270264]",0,0,"[1.39096012e-10 1.23214053e-17 1.47296735e-08 6.17488509e-14
 2.12615637e-13 8.14064052e-08 5.59347534e-12 4.87974299e-13
 9.99999881e-01 2.08818414e-11 2.31248602e-08 3.38614418e-13
 3.10532828e-12 7.23509030e-10 5.82379284e-11 2.50057725e-10
 5.64909564e-10 3.09314485e-09]"
..\Dataset\artefact2\unseen\chimpanzee\chimpanzee_10002.jpg,chimpanzee,5,gorilla,0.9858,"[[1.25008205e-06 1.55394471e-06 2.54948296e-05 8.56558562e-03
  1.31238442e-09 9.85848164e-01 1.03967706e-06 1.94387829e-04
  3.72856284e-03 8.67866330e-06 2.79855557e-07 2.19478158e-05
  4.83303490e-04 2.00337814e-05 6.67532367e-05 3.59730655e-07
  3.75601737e-04 6.57001170e-04]]","(['chimpanzee', 'hippopotamus', 'raccoon', 'humpback_whale', 'rat'], [0.6233536005020142, 0.4889954626560211, 0.43780049681663513, 0.4027078151702881, 0.3928019106388092])","[0.6233536005020142, 0.4889954626560211, 0.43780049681663513, 0.4027078151702881, 0.3928019106388092]",0,0,"[1.2500821e-06 1.5539447e-06 2.5494830e-05 8.5655861e-03 1.3123844e-09
 9.8584819e-01 1.0396770e-06 1.9438783e-04 3.7285627e-03 8.6786631e-06
 2.7985556e-07 2.1947815e-05 4.8330348e-04 2.0033782e-05 6.6753237e-05
 3.5973065e-07 3.7560172e-04 6.5700116e-04]"
..\Dataset\artefact2\unseen\chimpanzee\chimpanzee_10003.jpg,chimpanzee,8,monkey,0.7657,"[[5.71186923e-06 3.04641979e-09 1.19558327e-03 4.20722994e-07
  2.13882172e-08 1.80762705e-01 8.21157136e-05 9.06772568e-05
  7.65746494e-01 1.05689851e-04 1.95471745e-04 2.92357664e-07
  1.28870072e-02 1.09561755e-04 9.11164569e-05 2.10823342e-05
  3.24324493e-03 3.54628016e-02]]","(['chimpanzee', 'rat', 'leopard', 'raccoon', 'giant_panda'], [0.6258541345596313, 0.462008535861969, 0.4370909035205841, 0.42878904938697815, 0.37368571758270264])","[0.6258541345596313, 0.462008535861969, 0.4370909035205841, 0.42878904938697815, 0.37368571758270264]",0,0,"[5.71186911e-06 3.04641978e-09 1.19558326e-03 4.20722984e-07
 2.13882174e-08 1.80762708e-01 8.21157155e-05 9.06772548e-05
 7.65746474e-01 1.05689855e-04 1.95471745e-04 2.92357669e-07
 1.28870076e-02 1.09561755e-04 9.11164534e-05 2.10823346e-05
 3.24324495e-03 3.54628004e-02]"
..\Dataset\artefact2\unseen\chimpanzee\chimpanzee_10004.jpg,chimpanzee,8,monkey,0.998,"[[1.42097370e-08 1.95589402e-17 1.15545539e-08 8.82846055e-12
  7.08882808e-13 1.44004624e-03 3.34276369e-07 2.98771624e-10
  9.97968600e-01 5.84777404e-12 6.63257427e-09 1.01618557e-10
  1.98929029e-08 1.14049273e-06 4.25798848e-10 2.08495923e-07
  9.64474709e-07 5.88653194e-04]]","(['chimpanzee', 'rat', 'leopard', 'raccoon', 'giant_panda'], [0.6258541345596313, 0.462008535861969, 0.4370909035205841, 0.42878904938697815, 0.37368571758270264])","[0.6258541345596313, 0.462008535861969, 0.4370909035205841, 0.42878904938697815, 0.37368571758270264]",0,0,"[1.42097374e-08 1.95589404e-17 1.15545538e-08 8.82846053e-12
 7.08882822e-13 1.44004624e-03 3.34276365e-07 2.98771619e-10
 9.97968614e-01 5.84777409e-12 6.63257449e-09 1.01618554e-10
 1.98929033e-08 1.14049271e-06 4.25798841e-10 2.08495919e-07
 9.64474680e-07 5.88653202e-04]"
..\Dataset\artefact2\unseen\chimpanzee\chimpanzee_10005.jpg,chimpanzee,8,monkey,0.6059,"[[2.85750984e-08 5.32947699e-12 3.34591887e-09 1.03429198e-09
  1.55692469e-11 3.94001430e-01 9.99067127e-08 9.57595586e-09
  6.05885328e-01 5.18650605e-08 2.25262121e-06 2.24935714e-08
  2.32738485e-07 2.33486474e-06 6.84286988e-07 1.06819970e-08
  2.62506414e-08 1.07483959e-04]]","(['chimpanzee', 'rat', 'leopard', 'raccoon', 'giant_panda'], [0.6258541345596313, 0.462008535861969, 0.4370909035205841, 0.42878904938697815, 0.37368571758270264])","[0.6258541345596313, 0.462008535861969, 0.4370909035205841, 0.42878904938697815, 0.37368571758270264]",0,0,"[2.8575098e-08 5.3294769e-12 3.3459189e-09 1.0342920e-09 1.5569247e-11
 3.9400142e-01 9.9906714e-08 9.5759560e-09 6.0588533e-01 5.1865062e-08
 2.2526212e-06 2.2493571e-08 2.3273849e-07 2.3348648e-06 6.8428699e-07
 1.0681997e-08 2.6250641e-08 1.0748396e-04]"
..\Dataset\artefact2\unseen\chimpanzee\chimpanzee_10006.jpg,chimpanzee,5,gorilla,0.5898,"[[2.16689402e-06 1.99032479e-07 4.87338907e-08 5.22344777e-08
  1.30673224e-08 5.89824057e-01 1.30936975e-05 1.68901695e-07
  1.22912965e-04 1.33812093e-06 3.96824575e-05 8.88688380e-08
  1.40971824e-04 9.58730047e-05 2.15921930e-04 5.37853522e-07
  9.07295781e-06 4.09533800e-01]]","(['chimpanzee', 'hippopotamus', 'raccoon', 'humpback_whale', 'rat'], [0.6233536005020142, 0.4889954626560211, 0.43780049681663513, 0.4027078151702881, 0.3928019106388092])","[0.6233536005020142, 0.4889954626560211, 0.43780049681663513, 0.4027078151702881, 0.3928019106388092]",0,0,"[2.1668941e-06 1.9903248e-07 4.8733892e-08 5.2234476e-08 1.3067322e-08
 5.8982408e-01 1.3093698e-05 1.6890169e-07 1.2291297e-04 1.3381209e-06
 3.9682458e-05 8.8868838e-08 1.4097182e-04 9.5873002e-05 2.1592193e-04
 5.3785351e-07 9.0729582e-06 4.0953380e-01]"
..\Dataset\artefact2\unseen\chimpanzee\chimpanzee_10007.jpg,chimpanzee,8,monkey,1.0,"[[2.15730007e-10 1.75875268e-13 3.28593696e-08 1.03360549e-09
  1.02205483e-10 2.88058993e-09 9.19787673e-08 5.12276235e-10
  9.99999001e-01 1.15458358e-09 4.00867944e-08 9.08199833e-11
  8.32761120e-11 2.16733023e-09 1.84186680e-10 8.16508242e-07
  5.99397141e-09 2.99631657e-09]]","(['chimpanzee', 'rat', 'leopard', 'raccoon', 'giant_panda'], [0.6258541345596313, 0.462008535861969, 0.4370909035205841, 0.42878904938697815, 0.37368571758270264])","[0.6258541345596313, 0.462008535861969, 0.4370909035205841, 0.42878904938697815, 0.37368571758270264]",0,0,"[2.1573000e-10 1.7587526e-13 3.2859369e-08 1.0336055e-09 1.0220548e-10
 2.8805900e-09 9.1978769e-08 5.1227622e-10 9.9999899e-01 1.1545835e-09
 4.0086796e-08 9.0819983e-11 8.3276115e-11 2.1673303e-09 1.8418668e-10
 8.1650825e-07 5.9939715e-09 2.9963165e-09]"
..\Dataset\artefact2\unseen\chimpanzee\chimpanzee_10008.jpg,chimpanzee,8,monkey,1.0,"[[3.29851158e-10 3.12328582e-11 5.80510666e-06 1.95086275e-08
  1.79558029e-12 3.71188952e-07 2.47153992e-05 1.93615335e-10
  9.99965690e-01 2.84352221e-09 3.05462314e-07 3.70622212e-10
  1.83391784e-06 1.36593074e-08 2.97813530e-07 2.96075719e-07
  6.22610520e-07 2.51375230e-08]]","(['chimpanzee', 'rat', 'leopard', 'raccoon', 'giant_panda'], [0.6258541345596313, 0.462008535861969, 0.4370909035205841, 0.42878904938697815, 0.37368571758270264])","[0.6258541345596313, 0.462008535861969, 0.4370909035205841, 0.42878904938697815, 0.37368571758270264]",0,0,"[3.29851146e-10 3.12328566e-11 5.80510687e-06 1.95086276e-08
 1.79558029e-12 3.71188946e-07 2.47153985e-05 1.93615332e-10
 9.99965668e-01 2.84352231e-09 3.05462322e-07 3.70622200e-10
 1.83391785e-06 1.36593075e-08 2.97813529e-07 2.96075712e-07
 6.22610514e-07 2.51375223e-08]"
..\Dataset\artefact2\unseen\chimpanzee\chimpanzee_10009.jpg,chimpanzee,8,monkey,0.9578,"[[2.61172779e-06 9.90290921e-07 8.46269879e-06 6.03370890e-04
  1.26387298e-07 1.45113615e-03 7.74594814e-03 8.51835695e-06
  9.57765625e-01 2.62724268e-02 1.35192641e-05 8.35901559e-08
  3.76194006e-04 1.83622527e-03 9.07395549e-07 1.81510084e-05
  1.85852425e-05 3.87711817e-03]]","(['chimpanzee', 'rat', 'leopard', 'raccoon', 'giant_panda'], [0.6258541345596313, 0.462008535861969, 0.4370909035205841, 0.42878904938697815, 0.37368571758270264])","[0.6258541345596313, 0.462008535861969, 0.4370909035205841, 0.42878904938697815, 0.37368571758270264]",0,0,"[2.6117277e-06 9.9029091e-07 8.4626990e-06 6.0337089e-04 1.2638729e-07
 1.4511362e-03 7.7459482e-03 8.5183574e-06 9.5776564e-01 2.6272427e-02
 1.3519264e-05 8.3590159e-08 3.7619402e-04 1.8362253e-03 9.0739553e-07
 1.8151008e-05 1.8585242e-05 3.8771182e-03]"
..\Dataset\artefact2\unseen\chimpanzee\chimpanzee_10010.jpg,chimpanzee,8,monkey,0.5693,"[[2.84082545e-09 2.20213665e-09 2.06634261e-06 1.37003677e-09
  1.49790702e-09 2.58678513e-06 4.78835236e-07 2.42629206e-10
  5.69314573e-01 4.29603400e-01 9.44738602e-04 5.22494058e-08
  2.00441637e-08 4.53505588e-06 1.19800108e-05 1.31290787e-05
  1.96650387e-07 1.02234899e-04]]","(['chimpanzee', 'rat', 'leopard', 'raccoon', 'giant_panda'], [0.6258541345596313, 0.462008535861969, 0.4370909035205841, 0.42878904938697815, 0.37368571758270264])","[0.6258541345596313, 0.462008535861969, 0.4370909035205841, 0.42878904938697815, 0.37368571758270264]",0,0,"[2.8408254e-09 2.2021367e-09 2.0663426e-06 1.3700368e-09 1.4979070e-09
 2.5867851e-06 4.7883526e-07 2.4262919e-10 5.6931460e-01 4.2960340e-01
 9.4473863e-04 5.2249405e-08 2.0044164e-08 4.5350557e-06 1.1980011e-05
 1.3129079e-05 1.9665039e-07 1.0223490e-04]"
..\Dataset\artefact2\unseen\giant_panda\giant+panda_10001.jpg,giant_panda,0,bear,0.8943,"[[8.94339632e-01 1.90477769e-10 9.32717828e-09 8.76950037e-08
  5.97766492e-09 9.88157847e-07 2.70594384e-04 5.70083163e-05
  4.48653419e-04 6.96616489e-07 6.31762989e-09 2.17855284e-06
  2.15669675e-06 1.24273548e-05 1.04838690e-01 2.14731698e-08
  4.10421194e-06 2.27389772e-05]]","(['rat', 'pig', 'raccoon', 'leopard', 'humpback_whale'], [0.4330500662326813, 0.4241596460342407, 0.3845028877258301, 0.36484232544898987, 0.3614022135734558])","[0.4330500662326813, 0.4241596460342407, 0.3845028877258301, 0.36484232544898987, 0.3614022135734558]",8,1,"[8.9433962e-01 1.9047777e-10 9.3271781e-09 8.7695007e-08 5.9776650e-09
 9.8815781e-07 2.7059438e-04 5.7008318e-05 4.4865342e-04 6.9661650e-07
 6.3176300e-09 2.1785529e-06 2.1566968e-06 1.2427355e-05 1.0483869e-01
 2.1473170e-08 4.1042122e-06 2.2738977e-05]"
..\Dataset\artefact2\unseen\giant_panda\giant+panda_10002.jpg,giant_panda,0,bear,0.5809,"[[5.80853194e-01 3.34571408e-09 1.91473765e-08 2.70583958e-01
  9.27030920e-12 9.29831041e-07 1.43937031e-04 1.02677577e-04
  1.21654547e-05 9.61525277e-07 2.40773928e-13 3.77409026e-05
  2.59950006e-07 8.39863839e-06 1.48246839e-01 1.75976800e-09
  8.91113783e-06 2.56734462e-09]]","(['rat', 'pig', 'raccoon', 'leopard', 'humpback_whale'], [0.4330500662326813, 0.4241596460342407, 0.3845028877258301, 0.36484232544898987, 0.3614022135734558])","[0.4330500662326813, 0.4241596460342407, 0.3845028877258301, 0.36484232544898987, 0.3614022135734558]",8,1,"[5.8085322e-01 3.3457142e-09 1.9147377e-08 2.7058396e-01 9.2703093e-12
 9.2983106e-07 1.4393702e-04 1.0267758e-04 1.2165455e-05 9.6152530e-07
 2.4077393e-13 3.7740901e-05 2.5995001e-07 8.3986388e-06 1.4824684e-01
 1.7597680e-09 8.9111381e-06 2.5673446e-09]"
..\Dataset\artefact2\unseen\giant_panda\giant+panda_10003.jpg,giant_panda,0,bear,1.0,"[[9.99962510e-01 1.96269232e-15 1.02621233e-10 1.22764788e-08
  7.84191837e-14 5.60162899e-09 6.86969854e-10 9.01929861e-09
  3.53284983e-05 1.49721116e-11 1.27151969e-11 2.68026821e-10
  1.12844956e-09 2.53539161e-08 2.10019790e-06 1.06847505e-10
  6.32381945e-09 5.28031279e-13]]","(['rat', 'pig', 'raccoon', 'leopard', 'humpback_whale'], [0.4330500662326813, 0.4241596460342407, 0.3845028877258301, 0.36484232544898987, 0.3614022135734558])","[0.4330500662326813, 0.4241596460342407, 0.3845028877258301, 0.36484232544898987, 0.3614022135734558]",8,1,"[9.99962509e-01 1.96269223e-15 1.02621231e-10 1.22764785e-08
 7.84191844e-14 5.60162894e-09 6.86969870e-10 9.01929820e-09
 3.53284995e-05 1.49721121e-11 1.27151970e-11 2.68026823e-10
 1.12844956e-09 2.53539163e-08 2.10019789e-06 1.06847503e-10
 6.32381925e-09 5.28031286e-13]"
..\Dataset\artefact2\unseen\giant_panda\giant+panda_10004.jpg,giant_panda,0,bear,0.9311,"[[9.31105853e-01 7.25854981e-11 5.04011791e-07 2.77802440e-07
  8.30874793e-08 3.31881030e-06 4.12299765e-03 1.85377090e-05
  6.20869348e-02 2.19408014e-05 1.77088203e-06 3.29436054e-04
  1.52634632e-08 2.26069887e-03 3.38189522e-05 2.10714523e-07
  1.35356224e-05 6.61980249e-08]]","(['rat', 'pig', 'raccoon', 'leopard', 'humpback_whale'], [0.4330500662326813, 0.4241596460342407, 0.3845028877258301, 0.36484232544898987, 0.3614022135734558])","[0.4330500662326813, 0.4241596460342407, 0.3845028877258301, 0.36484232544898987, 0.3614022135734558]",8,1,"[9.3110585e-01 7.2585500e-11 5.0401178e-07 2.7780243e-07 8.3087478e-08
 3.3188103e-06 4.1229976e-03 1.8537708e-05 6.2086936e-02 2.1940801e-05
 1.7708820e-06 3.2943606e-04 1.5263463e-08 2.2606989e-03 3.3818953e-05
 2.1071452e-07 1.3535622e-05 6.6198027e-08]"
..\Dataset\artefact2\unseen\giant_panda\giant+panda_10005.jpg,giant_panda,14,skunk,1.0,"[[2.76393405e-08 9.89038700e-15 1.32548258e-12 8.53621756e-07
  7.97540382e-17 4.93697389e-10 8.96822842e-08 1.67307435e-12
  1.58465994e-10 3.14241925e-16 1.35403035e-12 1.13886177e-08
  4.43158765e-12 1.45915087e-11 9.99999017e-01 1.65710337e-14
  6.63679179e-11 5.88276626e-16]]","(['rat', 'raccoon', 'pig', 'hippopotamus', 'leopard'], [0.439208447933197, 0.39865046739578247, 0.35863208770751953, 0.3306923508644104, 0.3278276324272156])","[0.439208447933197, 0.39865046739578247, 0.35863208770751953, 0.3306923508644104, 0.3278276324272156]",8,1,"[2.7639340e-08 9.8903870e-15 1.3254826e-12 8.5362177e-07 7.9754035e-17
 4.9369742e-10 8.9682281e-08 1.6730743e-12 1.5846599e-10 3.1424192e-16
 1.3540304e-12 1.1388618e-08 4.4315875e-12 1.4591509e-11 9.9999905e-01
 1.6571034e-14 6.6367918e-11 5.8827661e-16]"
..\Dataset\artefact2\unseen\giant_panda\giant+panda_10006.jpg,giant_panda,0,bear,1.0,"[[9.99999701e-01 1.94931072e-18 9.71447557e-15 2.69613051e-07
  2.83350197e-20 5.90844625e-12 6.37234821e-13 1.12594440e-13
  1.28742123e-08 2.20144468e-16 2.85564027e-22 3.13038494e-12
  5.05602204e-14 1.39048482e-08 2.13466285e-09 3.03324364e-16
  3.34056838e-11 4.80005987e-18]]","(['rat', 'pig', 'raccoon', 'leopard', 'humpback_whale'], [0.4330500662326813, 0.4241596460342407, 0.3845028877258301, 0.36484232544898987, 0.3614022135734558])","[0.4330500662326813, 0.4241596460342407, 0.3845028877258301, 0.36484232544898987, 0.3614022135734558]",8,1,"[9.9999970e-01 1.9493107e-18 9.7144752e-15 2.6961305e-07 2.8335020e-20
 5.9084460e-12 6.3723484e-13 1.1259444e-13 1.2874212e-08 2.2014447e-16
 2.8556404e-22 3.1303848e-12 5.0560220e-14 1.3904848e-08 2.1346629e-09
 3.0332435e-16 3.3405684e-11 4.8000600e-18]"
..\Dataset\artefact2\unseen\giant_panda\giant+panda_10007.jpg,giant_panda,0,bear,0.9964,"[[9.96446109e-01 4.65412158e-21 5.03539437e-14 3.55214480e-03
  3.44767354e-21 3.64981327e-09 5.82640855e-08 4.26769818e-13
  3.71233978e-08 6.84812846e-16 1.52019357e-23 2.84912271e-10
  7.18109208e-13 1.90024864e-07 1.45678542e-06 2.22737986e-15
  3.60020718e-10 7.23275643e-17]]","(['rat', 'pig', 'raccoon', 'leopard', 'humpback_whale'], [0.4330500662326813, 0.4241596460342407, 0.3845028877258301, 0.36484232544898987, 0.3614022135734558])","[0.4330500662326813, 0.4241596460342407, 0.3845028877258301, 0.36484232544898987, 0.3614022135734558]",8,1,"[9.9644613e-01 4.6541216e-21 5.0353944e-14 3.5521449e-03 3.4476734e-21
 3.6498133e-09 5.8264085e-08 4.2676981e-13 3.7123399e-08 6.8481285e-16
 1.5201935e-23 2.8491226e-10 7.1810922e-13 1.9002486e-07 1.4567854e-06
 2.2273799e-15 3.6002071e-10 7.2327561e-17]"
..\Dataset\artefact2\unseen\giant_panda\giant+panda_10008.jpg,giant_panda,0,bear,0.9951,"[[9.95122288e-01 1.89269944e-15 8.42416329e-12 4.30670828e-05
  7.78472437e-19 4.83347784e-03 7.26432833e-12 3.20808584e-11
  5.08869902e-07 4.85709169e-13 2.25441484e-19 6.03643928e-08
  1.26133641e-12 3.46813249e-08 5.62779312e-07 1.49754978e-14
  5.81051100e-10 1.40695817e-13]]","(['rat', 'pig', 'raccoon', 'leopard', 'humpback_whale'], [0.4330500662326813, 0.4241596460342407, 0.3845028877258301, 0.36484232544898987, 0.3614022135734558])","[0.4330500662326813, 0.4241596460342407, 0.3845028877258301, 0.36484232544898987, 0.3614022135734558]",8,1,"[9.9512231e-01 1.8926994e-15 8.4241633e-12 4.3067084e-05 7.7847244e-19
 4.8334780e-03 7.2643285e-12 3.2080859e-11 5.0886990e-07 4.8570918e-13
 2.2544148e-19 6.0364393e-08 1.2613364e-12 3.4681324e-08 5.6277929e-07
 1.4975498e-14 5.8105110e-10 1.4069582e-13]"
..\Dataset\artefact2\unseen\giant_panda\giant+panda_10009.jpg,giant_panda,0,bear,0.9876,"[[9.87622709e-01 6.75858418e-12 1.01223536e-07 1.39413015e-05
  1.78903430e-14 3.25424850e-05 8.77156186e-08 2.15940722e-08
  3.02572157e-04 1.14182131e-03 2.22213576e-10 1.43629196e-05
  4.08885747e-08 8.50757388e-06 1.08451325e-02 6.02973721e-12
  1.81577714e-05 1.79364645e-09]]","(['rat', 'pig', 'raccoon', 'leopard', 'humpback_whale'], [0.4330500662326813, 0.4241596460342407, 0.3845028877258301, 0.36484232544898987, 0.3614022135734558])","[0.4330500662326813, 0.4241596460342407, 0.3845028877258301, 0.36484232544898987, 0.3614022135734558]",8,1,"[9.87622738e-01 6.75858414e-12 1.01223534e-07 1.39413014e-05
 1.78903438e-14 3.25424844e-05 8.77156197e-08 2.15940723e-08
 3.02572153e-04 1.14182127e-03 2.22213581e-10 1.43629195e-05
 4.08885761e-08 8.50757351e-06 1.08451322e-02 6.02973704e-12
 1.81577707e-05 1.79364645e-09]"
..\Dataset\artefact2\unseen\giant_panda\giant+panda_10010.jpg,giant_panda,0,bear,1.0,"[[9.99992537e-01 4.57340492e-21 1.01079814e-10 3.41609800e-07
  1.52679357e-18 5.21094935e-06 8.13041168e-11 1.43128103e-10
  1.78124603e-06 7.54495636e-13 6.03263636e-21 2.04987142e-09
  5.38171533e-12 8.94184538e-08 2.60208082e-08 3.94984643e-12
  1.16264297e-08 4.96801677e-16]]","(['rat', 'pig', 'raccoon', 'leopard', 'humpback_whale'], [0.4330500662326813, 0.4241596460342407, 0.3845028877258301, 0.36484232544898987, 0.3614022135734558])","[0.4330500662326813, 0.4241596460342407, 0.3845028877258301, 0.36484232544898987, 0.3614022135734558]",8,1,"[9.9999255e-01 4.5734049e-21 1.0107981e-10 3.4160979e-07 1.5267935e-18
 5.2109494e-06 8.1304116e-11 1.4312811e-10 1.7812461e-06 7.5449564e-13
 6.0326363e-21 2.0498714e-09 5.3817155e-12 8.9418457e-08 2.6020809e-08
 3.9498465e-12 1.1626430e-08 4.9680166e-16]"
..\Dataset\artefact2\unseen\hippopotamus\hippopotamus_10001.jpg,hippopotamus,6,killer_whale,1.0,"[[1.73065223e-07 2.98731888e-08 1.10541441e-09 1.41644054e-08
  6.49356427e-08 6.14841901e-08 9.99992779e-01 7.16448308e-08
  6.72399368e-07 3.45075609e-11 5.91161752e-10 6.98658262e-10
  6.70320000e-10 3.31306523e-07 3.85508379e-09 3.74559681e-10
  3.84217793e-09 5.79102287e-06]]","(['humpback_whale', 'giant_panda', 'pig', 'rat', 'seal'], [0.6762049198150635, 0.3915695548057556, 0.3802926242351532, 0.3427806496620178, 0.33529239892959595])","[0.6762049198150635, 0.3915695548057556, 0.3802926242351532, 0.3427806496620178, 0.33529239892959595]",3,2,"[1.7306522e-07 2.9873188e-08 1.1054144e-09 1.4164406e-08 6.4935641e-08
 6.1484187e-08 9.9999279e-01 7.1644834e-08 6.7239938e-07 3.4507560e-11
 5.9116173e-10 6.9865824e-10 6.7032002e-10 3.3130652e-07 3.8550838e-09
 3.7455969e-10 3.8421781e-09 5.7910229e-06]"
..\Dataset\artefact2\unseen\hippopotamus\hippopotamus_10002.jpg,hippopotamus,17,walrus,0.986,"[[2.62607991e-08 4.59186251e-09 5.60607640e-08 3.50348515e-08
  2.46862309e-06 4.64733503e-05 1.87957811e-08 4.06059770e-07
  2.86178037e-05 3.84816075e-03 9.26489070e-03 3.74241638e-08
  3.84240350e-04 2.33869679e-05 2.07858353e-05 4.10365615e-04
  3.04151718e-07 9.85969722e-01]]","(['humpback_whale', 'leopard', 'persian_cat', 'raccoon', 'rat'], [0.39619892835617065, 0.3818282186985016, 0.3737187683582306, 0.3706657886505127, 0.33637791872024536])","[0.39619892835617065, 0.3818282186985016, 0.3737187683582306, 0.3706657886505127, 0.33637791872024536]",3,2,"[2.6260800e-08 4.5918624e-09 5.6060763e-08 3.5034851e-08 2.4686231e-06
 4.6473349e-05 1.8795781e-08 4.0605977e-07 2.8617804e-05 3.8481608e-03
 9.2648910e-03 3.7424165e-08 3.8424035e-04 2.3386969e-05 2.0785836e-05
 4.1036561e-04 3.0415171e-07 9.8596972e-01]"
..\Dataset\artefact2\unseen\hippopotamus\hippopotamus_10003.jpg,hippopotamus,17,walrus,1.0,"[[1.36475972e-06 6.51174271e-12 2.90527324e-09 2.01257219e-11
  1.63538187e-09 2.10634528e-08 1.55984676e-06 2.37679951e-07
  6.02849366e-10 7.53163190e-08 3.92074385e-06 3.45350522e-08
  8.04733092e-06 5.01351127e-09 7.69119579e-10 3.86955942e-08
  5.26986009e-08 9.99984636e-01]]","(['humpback_whale', 'leopard', 'persian_cat', 'raccoon', 'rat'], [0.39619892835617065, 0.3818282186985016, 0.3737187683582306, 0.3706657886505127, 0.33637791872024536])","[0.39619892835617065, 0.3818282186985016, 0.3737187683582306, 0.3706657886505127, 0.33637791872024536]",3,2,"[1.3647597e-06 6.5117425e-12 2.9052731e-09 2.0125722e-11 1.6353818e-09
 2.1063453e-08 1.5598467e-06 2.3767996e-07 6.0284938e-10 7.5316322e-08
 3.9207439e-06 3.4535052e-08 8.0473310e-06 5.0135114e-09 7.6911960e-10
 3.8695593e-08 5.2698599e-08 9.9998462e-01]"
..\Dataset\artefact2\unseen\hippopotamus\hippopotamus_10004.jpg,hippopotamus,12,rhinoceros,0.5641,"[[1.64309117e-04 2.50735202e-08 1.48549704e-05 1.45823318e-02
  5.10624751e-08 1.12056939e-03 3.73955432e-03 4.71597250e-06
  2.24984342e-02 7.75404075e-07 3.90765036e-01 6.48148702e-05
  5.64071791e-01 6.58214810e-05 2.85008764e-03 1.23453112e-05
  4.21191434e-05 2.36339838e-06]]","(['raccoon', 'hippopotamus', 'humpback_whale', 'leopard', 'chimpanzee'], [0.506761372089386, 0.4227175712585449, 0.4062507152557373, 0.3877637982368469, 0.336003839969635])","[0.506761372089386, 0.4227175712585449, 0.4062507152557373, 0.3877637982368469, 0.336003839969635]",2,2,"[1.6430912e-04 2.5073520e-08 1.4854971e-05 1.4582332e-02 5.1062475e-08
 1.1205694e-03 3.7395544e-03 4.7159724e-06 2.2498434e-02 7.7540409e-07
 3.9076504e-01 6.4814871e-05 5.6407177e-01 6.5821478e-05 2.8500876e-03
 1.2345311e-05 4.2119143e-05 2.3633984e-06]"
..\Dataset\artefact2\unseen\hippopotamus\hippopotamus_10005.jpg,hippopotamus,17,walrus,0.9616,"[[3.59783233e-04 6.23698371e-05 8.50333826e-06 2.87404903e-04
  1.37708949e-04 7.62252823e-06 1.57971099e-02 4.23786116e-05
  1.53664827e-03 1.86531457e-02 2.36926267e-06 1.72360530e-06
  1.15058042e-03 1.87303555e-04 8.06974378e-05 1.47373591e-05
  3.70402037e-05 9.61632873e-01]]","(['humpback_whale', 'leopard', 'persian_cat', 'raccoon', 'rat'], [0.39619892835617065, 0.3818282186985016, 0.3737187683582306, 0.3706657886505127, 0.33637791872024536])","[0.39619892835617065, 0.3818282186985016, 0.3737187683582306, 0.3706657886505127, 0.33637791872024536]",3,2,"[3.5978324e-04 6.2369836e-05 8.5033380e-06 2.8740490e-04 1.3770895e-04
 7.6225283e-06 1.5797110e-02 4.2378611e-05 1.5366483e-03 1.8653145e-02
 2.3692626e-06 1.7236054e-06 1.1505805e-03 1.8730355e-04 8.0697435e-05
 1.4737359e-05 3.7040205e-05 9.6163285e-01]"
..\Dataset\artefact2\unseen\hippopotamus\hippopotamus_10006.jpg,hippopotamus,12,rhinoceros,0.9974,"[[2.58388964e-16 2.22619344e-24 4.09933083e-16 1.03192327e-19
  7.57004525e-17 1.72436714e-11 3.60251611e-17 7.16902030e-15
  3.23784318e-17 3.57553256e-19 1.38747098e-04 4.13756752e-19
  9.97429813e-01 1.05409991e-13 1.81552883e-17 7.84492564e-14
  1.15922365e-11 2.43143960e-03]]","(['raccoon', 'hippopotamus', 'humpback_whale', 'leopard', 'chimpanzee'], [0.506761372089386, 0.4227175712585449, 0.4062507152557373, 0.3877637982368469, 0.336003839969635])","[0.506761372089386, 0.4227175712585449, 0.4062507152557373, 0.3877637982368469, 0.336003839969635]",2,2,"[2.58388962e-16 2.22619348e-24 4.09933083e-16 1.03192326e-19
 7.57004528e-17 1.72436718e-11 3.60251616e-17 7.16902005e-15
 3.23784333e-17 3.57553266e-19 1.38747098e-04 4.13756751e-19
 9.97429788e-01 1.05409991e-13 1.81552876e-17 7.84492575e-14
 1.15922367e-11 2.43143970e-03]"
..\Dataset\artefact2\unseen\hippopotamus\hippopotamus_10007.jpg,hippopotamus,17,walrus,1.0,"[[2.19846457e-08 8.53777892e-09 1.25423359e-09 1.84618833e-06
  3.11086106e-07 3.48341006e-08 1.22736137e-05 2.08430972e-09
  2.18967440e-08 4.73369690e-06 7.14460869e-13 2.29667070e-10
  4.49464627e-07 4.04068869e-07 2.83703601e-06 3.29037109e-09
  1.40683615e-07 9.99976910e-01]]","(['humpback_whale', 'leopard', 'persian_cat', 'raccoon', 'rat'], [0.39619892835617065, 0.3818282186985016, 0.3737187683582306, 0.3706657886505127, 0.33637791872024536])","[0.39619892835617065, 0.3818282186985016, 0.3737187683582306, 0.3706657886505127, 0.33637791872024536]",3,2,"[2.1984645e-08 8.5377785e-09 1.2542336e-09 1.8461883e-06 3.1108610e-07
 3.4834102e-08 1.2273614e-05 2.0843096e-09 2.1896744e-08 4.7336971e-06
 7.1446088e-13 2.2966706e-10 4.4946464e-07 4.0406886e-07 2.8370359e-06
 3.2903711e-09 1.4068361e-07 9.9997693e-01]"
..\Dataset\artefact2\unseen\hippopotamus\hippopotamus_10008.jpg,hippopotamus,6,killer_whale,0.5632,"[[2.33535601e-05 3.52583556e-01 7.92170117e-06 1.63666625e-05
  1.05559746e-05 1.59556370e-06 5.63227175e-01 6.51526811e-06
  4.44587631e-05 5.00058283e-04 2.78413815e-07 2.59130233e-06
  5.91188931e-05 2.99109377e-06 1.80539298e-04 2.06050367e-04
  7.37011491e-05 8.30531724e-02]]","(['humpback_whale', 'giant_panda', 'pig', 'rat', 'seal'], [0.6762049198150635, 0.3915695548057556, 0.3802926242351532, 0.3427806496620178, 0.33529239892959595])","[0.6762049198150635, 0.3915695548057556, 0.3802926242351532, 0.3427806496620178, 0.33529239892959595]",3,2,"[2.3353559e-05 3.5258356e-01 7.9217016e-06 1.6366663e-05 1.0555975e-05
 1.5955637e-06 5.6322718e-01 6.5152681e-06 4.4458764e-05 5.0005829e-04
 2.7841381e-07 2.5913023e-06 5.9118895e-05 2.9910939e-06 1.8053930e-04
 2.0605036e-04 7.3701151e-05 8.3053172e-02]"
..\Dataset\artefact2\unseen\hippopotamus\hippopotamus_10009.jpg,hippopotamus,1,blue_whale,0.3802,"[[2.51042696e-03 3.80169511e-01 1.17771002e-04 2.34970477e-01
  1.13799989e-05 1.27698403e-03 9.34058786e-03 6.36618790e-02
  1.94306846e-03 2.91151346e-05 1.18905065e-05 3.55127264e-04
  3.40450771e-02 2.12825082e-05 3.52286921e-02 2.64889824e-04
  4.23850226e-04 2.35617990e-01]]","(['humpback_whale', 'giant_panda', 'pig', 'seal', 'leopard'], [0.7345943450927734, 0.43385201692581177, 0.34564173221588135, 0.3448761999607086, 0.34453412890434265])","[0.7345943450927734, 0.43385201692581177, 0.34564173221588135, 0.3448761999607086, 0.34453412890434265]",3,2,"[2.5104270e-03 3.8016951e-01 1.1777100e-04 2.3497048e-01 1.1379999e-05
 1.2769840e-03 9.3405880e-03 6.3661881e-02 1.9430685e-03 2.9115135e-05
 1.1890506e-05 3.5512727e-04 3.4045078e-02 2.1282509e-05 3.5228692e-02
 2.6488982e-04 4.2385023e-04 2.3561800e-01]"
..\Dataset\artefact2\unseen\hippopotamus\hippopotamus_10010.jpg,hippopotamus,7,lion,0.3016,"[[3.63464589e-04 2.73053791e-01 1.75606699e-05 4.41729643e-02
  3.65868209e-06 1.13472199e-04 1.40994277e-02 3.01622805e-01
  1.50946037e-03 3.87543800e-05 1.90417370e-05 3.42832840e-04
  1.62296034e-01 5.60664349e-06 1.23773912e-02 1.04789598e-04
  2.79944136e-04 1.89579001e-01]]","(['leopard', 'raccoon', 'giant_panda', 'persian_cat', 'chimpanzee'], [0.6462278366088867, 0.4856771230697632, 0.4126729965209961, 0.3816220164299011, 0.3745444416999817])","[0.6462278366088867, 0.4856771230697632, 0.4126729965209961, 0.3816220164299011, 0.3745444416999817]",4,2,"[3.63464584e-04 2.73053795e-01 1.75606692e-05 4.41729650e-02
 3.65868209e-06 1.13472197e-04 1.40994275e-02 3.01622808e-01
 1.50946039e-03 3.87543805e-05 1.90417377e-05 3.42832849e-04
 1.62296027e-01 5.60664330e-06 1.23773916e-02 1.04789600e-04
 2.79944128e-04 1.89578995e-01]"
..\Dataset\artefact2\unseen\humpback_whale\humpback+whale_10001.jpg,humpback_whale,1,blue_whale,1.0,"[[1.51732063e-07 9.99987825e-01 3.72471730e-10 1.10469632e-10
  4.14483645e-06 1.24182847e-10 5.53999572e-06 3.52073331e-09
  8.72123035e-10 1.28808595e-11 7.05399170e-13 5.26424923e-11
  6.06248928e-10 4.73873996e-10 5.12754519e-09 3.90155922e-08
  1.97770018e-09 2.28634439e-06]]","(['humpback_whale', 'giant_panda', 'pig', 'seal', 'leopard'], [0.7345943450927734, 0.43385201692581177, 0.34564173221588135, 0.3448761999607086, 0.34453412890434265])","[0.7345943450927734, 0.43385201692581177, 0.34564173221588135, 0.3448761999607086, 0.34453412890434265]",3,3,"[1.5173207e-07 9.9998784e-01 3.7247172e-10 1.1046963e-10 4.1448366e-06
 1.2418284e-10 5.5399955e-06 3.5207333e-09 8.7212304e-10 1.2880860e-11
 7.0539917e-13 5.2642491e-11 6.0624894e-10 4.7387400e-10 5.1275451e-09
 3.9015593e-08 1.9777002e-09 2.2863444e-06]"
..\Dataset\artefact2\unseen\humpback_whale\humpback+whale_10002.jpg,humpback_whale,1,blue_whale,0.9999,"[[2.80902647e-11 9.99859870e-01 8.20536633e-14 2.17421843e-12
  1.39036711e-04 1.62291642e-15 1.09279931e-06 1.35945195e-14
  3.96959217e-13 5.52398863e-18 1.16075943e-16 8.66324919e-13
  3.79740515e-15 1.46865103e-12 1.53340018e-12 2.83045091e-15
  8.18294798e-13 3.42364461e-11]]","(['humpback_whale', 'giant_panda', 'pig', 'seal', 'leopard'], [0.7345943450927734, 0.43385201692581177, 0.34564173221588135, 0.3448761999607086, 0.34453412890434265])","[0.7345943450927734, 0.43385201692581177, 0.34564173221588135, 0.3448761999607086, 0.34453412890434265]",3,3,"[2.8090264e-11 9.9985987e-01 8.2053660e-14 2.1742185e-12 1.3903671e-04
 1.6229164e-15 1.0927993e-06 1.3594520e-14 3.9695921e-13 5.5239886e-18
 1.1607594e-16 8.6632492e-13 3.7974050e-15 1.4686510e-12 1.5334001e-12
 2.8304510e-15 8.1829481e-13 3.4236447e-11]"
..\Dataset\artefact2\unseen\humpback_whale\humpback+whale_10003.jpg,humpback_whale,1,blue_whale,0.9999,"[[2.86935183e-08 9.99929829e-01 4.05565081e-10 1.95914996e-10
  8.84388197e-07 2.57411966e-11 6.64521388e-05 2.08897420e-10
  5.90381739e-08 6.89863273e-12 7.73637066e-12 6.14302217e-11
  1.42071197e-11 3.38431859e-10 6.37320980e-10 2.96790189e-10
  2.99235435e-09 2.74174497e-06]]","(['humpback_whale', 'giant_panda', 'pig', 'seal', 'leopard'], [0.7345943450927734, 0.43385201692581177, 0.34564173221588135, 0.3448761999607086, 0.34453412890434265])","[0.7345943450927734, 0.43385201692581177, 0.34564173221588135, 0.3448761999607086, 0.34453412890434265]",3,3,"[2.8693519e-08 9.9992985e-01 4.0556508e-10 1.9591499e-10 8.8438821e-07
 2.5741197e-11 6.6452136e-05 2.0889741e-10 5.9038175e-08 6.8986327e-12
 7.7363706e-12 6.1430222e-11 1.4207120e-11 3.3843187e-10 6.3732097e-10
 2.9679018e-10 2.9923544e-09 2.7417450e-06]"
..\Dataset\artefact2\unseen\humpback_whale\humpback+whale_10004.jpg,humpback_whale,1,blue_whale,0.9865,"[[8.72291798e-08 9.86523701e-01 7.24733773e-11 3.72824321e-09
  1.34741683e-02 6.36101495e-12 4.77215608e-07 3.14812529e-11
  8.87760337e-12 3.03865441e-12 1.56478157e-12 2.96767266e-10
  2.41065410e-11 6.23889807e-10 1.00342853e-09 4.00210630e-10
  5.52390184e-10 1.55927735e-06]]","(['humpback_whale', 'giant_panda', 'pig', 'seal', 'leopard'], [0.7345943450927734, 0.43385201692581177, 0.34564173221588135, 0.3448761999607086, 0.34453412890434265])","[0.7345943450927734, 0.43385201692581177, 0.34564173221588135, 0.3448761999607086, 0.34453412890434265]",3,3,"[8.7229182e-08 9.8652369e-01 7.2473375e-11 3.7282430e-09 1.3474168e-02
 6.3610150e-12 4.7721562e-07 3.1481252e-11 8.8776035e-12 3.0386544e-12
 1.5647816e-12 2.9676728e-10 2.4106541e-11 6.2388983e-10 1.0034286e-09
 4.0021064e-10 5.5239019e-10 1.5592774e-06]"
..\Dataset\artefact2\unseen\humpback_whale\humpback+whale_10005.jpg,humpback_whale,1,blue_whale,0.9954,"[[6.76367834e-07 9.95364325e-01 7.02592605e-09 4.08136541e-08
  1.32625695e-04 5.02387453e-08 4.46280900e-03 3.61821835e-08
  6.75675466e-08 1.17933525e-10 1.98333963e-10 3.28070901e-08
  6.44721828e-10 1.51240774e-07 8.78882896e-08 2.97076908e-07
  3.60180766e-08 3.87562137e-05]]","(['humpback_whale', 'giant_panda', 'pig', 'seal', 'leopard'], [0.7345943450927734, 0.43385201692581177, 0.34564173221588135, 0.3448761999607086, 0.34453412890434265])","[0.7345943450927734, 0.43385201692581177, 0.34564173221588135, 0.3448761999607086, 0.34453412890434265]",3,3,"[6.7636785e-07 9.9536431e-01 7.0259261e-09 4.0813653e-08 1.3262569e-04
 5.0238746e-08 4.4628088e-03 3.6182183e-08 6.7567548e-08 1.1793352e-10
 1.9833396e-10 3.2807090e-08 6.4472183e-10 1.5124077e-07 8.7888289e-08
 2.9707689e-07 3.6018076e-08 3.8756214e-05]"
..\Dataset\artefact2\unseen\humpback_whale\humpback+whale_10006.jpg,humpback_whale,1,blue_whale,0.998,"[[1.30428237e-05 9.97999926e-01 4.91713623e-09 5.36732256e-10
  2.74722335e-07 2.75243142e-07 3.93396181e-04 1.06608574e-08
  3.42509030e-09 1.36102185e-11 8.63903992e-09 1.81418653e-08
  1.07938525e-07 4.17579626e-07 2.63554624e-06 3.60179697e-07
  1.02784506e-06 1.58848971e-03]]","(['humpback_whale', 'giant_panda', 'pig', 'seal', 'leopard'], [0.7345943450927734, 0.43385201692581177, 0.34564173221588135, 0.3448761999607086, 0.34453412890434265])","[0.7345943450927734, 0.43385201692581177, 0.34564173221588135, 0.3448761999607086, 0.34453412890434265]",3,3,"[1.30428234e-05 9.97999907e-01 4.91713603e-09 5.36732270e-10
 2.74722339e-07 2.75243139e-07 3.93396185e-04 1.06608571e-08
 3.42509021e-09 1.36102189e-11 8.63903971e-09 1.81418649e-08
 1.07938526e-07 4.17579628e-07 2.63554625e-06 3.60179683e-07
 1.02784509e-06 1.58848974e-03]"
..\Dataset\artefact2\unseen\humpback_whale\humpback+whale_10007.jpg,humpback_whale,1,blue_whale,0.9998,"[[8.33158223e-08 9.99766596e-01 1.13008439e-09 1.16308375e-08
  1.21468544e-07 6.77391916e-10 2.30841058e-04 6.98684085e-09
  1.47294811e-08 1.24805094e-09 2.75536136e-12 1.69589233e-09
  8.02654897e-10 3.33848446e-09 1.65099411e-08 3.53462312e-07
  1.33657299e-09 1.94450811e-06]]","(['humpback_whale', 'giant_panda', 'pig', 'seal', 'leopard'], [0.7345943450927734, 0.43385201692581177, 0.34564173221588135, 0.3448761999607086, 0.34453412890434265])","[0.7345943450927734, 0.43385201692581177, 0.34564173221588135, 0.3448761999607086, 0.34453412890434265]",3,3,"[8.3315825e-08 9.9976659e-01 1.1300844e-09 1.1630838e-08 1.2146855e-07
 6.7739192e-10 2.3084106e-04 6.9868409e-09 1.4729481e-08 1.2480509e-09
 2.7553613e-12 1.6958923e-09 8.0265489e-10 3.3384844e-09 1.6509942e-08
 3.5346233e-07 1.3365730e-09 1.9445081e-06]"
..\Dataset\artefact2\unseen\humpback_whale\humpback+whale_10008.jpg,humpback_whale,1,blue_whale,0.9997,"[[3.27612688e-08 9.99703203e-01 1.24124532e-10 3.03847371e-10
  2.02568682e-08 1.38870317e-09 7.73525793e-06 1.48201223e-09
  8.35782879e-09 5.49577131e-10 4.70187408e-11 1.65003502e-10
  1.66572634e-10 1.50199746e-09 2.37805680e-07 5.51925014e-09
  9.71752455e-10 2.88750074e-04]]","(['humpback_whale', 'giant_panda', 'pig', 'seal', 'leopard'], [0.7345943450927734, 0.43385201692581177, 0.34564173221588135, 0.3448761999607086, 0.34453412890434265])","[0.7345943450927734, 0.43385201692581177, 0.34564173221588135, 0.3448761999607086, 0.34453412890434265]",3,3,"[3.2761267e-08 9.9970323e-01 1.2412453e-10 3.0384736e-10 2.0256868e-08
 1.3887032e-09 7.7352579e-06 1.4820122e-09 8.3578291e-09 5.4957711e-10
 4.7018740e-11 1.6500350e-10 1.6657263e-10 1.5019974e-09 2.3780568e-07
 5.5192499e-09 9.7175246e-10 2.8875007e-04]"
..\Dataset\artefact2\unseen\humpback_whale\humpback+whale_10009.jpg,humpback_whale,6,killer_whale,0.9969,"[[1.20899723e-06 6.36138402e-04 6.25814822e-07 2.39057070e-07
  1.97747507e-05 1.52817523e-07 9.96906482e-01 4.16154917e-06
  7.77387100e-05 4.95691269e-04 1.18003034e-08 1.59918231e-05
  4.88883062e-06 1.86959446e-06 3.05288066e-06 1.82494088e-03
  1.18268984e-06 5.84777646e-06]]","(['humpback_whale', 'giant_panda', 'pig', 'rat', 'seal'], [0.6762049198150635, 0.3915695548057556, 0.3802926242351532, 0.3427806496620178, 0.33529239892959595])","[0.6762049198150635, 0.3915695548057556, 0.3802926242351532, 0.3427806496620178, 0.33529239892959595]",3,3,"[1.2089972e-06 6.3613843e-04 6.2581483e-07 2.3905707e-07 1.9774750e-05
 1.5281752e-07 9.9690646e-01 4.1615490e-06 7.7738710e-05 4.9569126e-04
 1.1800303e-08 1.5991824e-05 4.8888305e-06 1.8695945e-06 3.0528806e-06
 1.8249409e-03 1.1826899e-06 5.8477763e-06]"
..\Dataset\artefact2\unseen\humpback_whale\humpback+whale_10010.jpg,humpback_whale,6,killer_whale,0.9271,"[[2.13932487e-06 6.58752672e-05 1.12368572e-06 2.25703908e-09
  7.28069090e-02 3.06985602e-13 9.27120509e-01 1.80466429e-10
  3.13522174e-10 4.48510803e-14 7.14604348e-14 2.62196595e-06
  4.91745663e-10 5.65251826e-08 3.96639869e-13 8.30992352e-10
  1.99764179e-07 5.61815897e-07]]","(['humpback_whale', 'giant_panda', 'pig', 'rat', 'seal'], [0.6762049198150635, 0.3915695548057556, 0.3802926242351532, 0.3427806496620178, 0.33529239892959595])","[0.6762049198150635, 0.3915695548057556, 0.3802926242351532, 0.3427806496620178, 0.33529239892959595]",3,3,"[2.1393248e-06 6.5875269e-05 1.1236857e-06 2.2570390e-09 7.2806910e-02
 3.0698561e-13 9.2712051e-01 1.8046643e-10 3.1352218e-10 4.4851079e-14
 7.1460436e-14 2.6219659e-06 4.9174564e-10 5.6525181e-08 3.9663986e-13
 8.3099233e-10 1.9976417e-07 5.6181591e-07]"
..\Dataset\artefact2\unseen\leopard\leopard_10001.jpg,leopard,2,bobcat,0.7438,"[[7.93232093e-10 5.82596161e-15 7.43799609e-01 5.21828231e-11
  9.21026588e-10 1.54420114e-12 2.93312569e-15 3.41882613e-06
  4.06856915e-13 1.03420872e-07 3.15524265e-11 1.27035771e-10
  2.99837243e-07 3.12613801e-05 1.09267578e-12 9.35415208e-12
  2.56165299e-01 6.12363152e-09]]","(['leopard', 'pig', 'humpback_whale', 'giant_panda', 'rat'], [0.3866846561431885, 0.3773401379585266, 0.3580048680305481, 0.30680760741233826, 0.2989596128463745])","[0.3866846561431885, 0.3773401379585266, 0.3580048680305481, 0.30680760741233826, 0.2989596128463745]",4,4,"[7.93232091e-10 5.82596164e-15 7.43799627e-01 5.21828240e-11
 9.21026588e-10 1.54420118e-12 2.93312560e-15 3.41882605e-06
 4.06856921e-13 1.03420874e-07 3.15524273e-11 1.27035771e-10
 2.99837239e-07 3.12613811e-05 1.09267575e-12 9.35415200e-12
 2.56165296e-01 6.12363138e-09]"
..\Dataset\artefact2\unseen\leopard\leopard_10002.jpg,leopard,2,bobcat,0.884,"[[1.15072748e-05 1.24305687e-08 8.83990876e-01 1.01121137e-03
  2.08136254e-08 4.91405857e-08 4.72341649e-11 5.71198079e-04
  3.33733814e-08 6.05365503e-04 6.68880420e-13 1.26128187e-06
  2.28336440e-03 1.23974497e-04 1.03879807e-06 8.14955319e-08
  1.11399552e-01 4.53024697e-07]]","(['leopard', 'pig', 'humpback_whale', 'giant_panda', 'rat'], [0.3866846561431885, 0.3773401379585266, 0.3580048680305481, 0.30680760741233826, 0.2989596128463745])","[0.3866846561431885, 0.3773401379585266, 0.3580048680305481, 0.30680760741233826, 0.2989596128463745]",4,4,"[1.1507274e-05 1.2430569e-08 8.8399088e-01 1.0112114e-03 2.0813625e-08
 4.9140585e-08 4.7234164e-11 5.7119806e-04 3.3373382e-08 6.0536549e-04
 6.6888042e-13 1.2612819e-06 2.2833643e-03 1.2397450e-04 1.0387980e-06
 8.1495529e-08 1.1139955e-01 4.5302471e-07]"
..\Dataset\artefact2\unseen\leopard\leopard_10003.jpg,leopard,2,bobcat,0.6994,"[[2.05220705e-10 4.80937282e-14 6.99391957e-01 1.42088350e-10
  3.48671621e-11 5.07013028e-13 1.57809928e-11 6.84892687e-10
  5.23831793e-13 5.40598706e-10 1.44923118e-15 6.01826307e-09
  3.59399653e-08 1.47251909e-07 1.17956724e-08 6.44100954e-11
  3.00607840e-01 6.89344526e-11]]","(['leopard', 'pig', 'humpback_whale', 'giant_panda', 'rat'], [0.3866846561431885, 0.3773401379585266, 0.3580048680305481, 0.30680760741233826, 0.2989596128463745])","[0.3866846561431885, 0.3773401379585266, 0.3580048680305481, 0.30680760741233826, 0.2989596128463745]",4,4,"[2.0522070e-10 4.8093728e-14 6.9939196e-01 1.4208835e-10 3.4867161e-11
 5.0701305e-13 1.5780993e-11 6.8489270e-10 5.2383179e-13 5.4059873e-10
 1.4492312e-15 6.0182632e-09 3.5939966e-08 1.4725191e-07 1.1795672e-08
 6.4410095e-11 3.0060783e-01 6.8934455e-11]"
..\Dataset\artefact2\unseen\leopard\leopard_10004.jpg,leopard,2,bobcat,0.6448,"[[2.27858475e-05 1.86203164e-07 6.44830398e-01 1.83959842e-06
  6.36751722e-09 1.34168457e-08 8.52125672e-08 1.23097209e-04
  8.32272163e-08 5.69556755e-04 9.75177344e-12 4.26170883e-05
  3.94682703e-06 2.50674846e-05 3.10491981e-05 7.12892919e-06
  3.54342007e-01 1.31350103e-07]]","(['leopard', 'pig', 'humpback_whale', 'giant_panda', 'rat'], [0.3866846561431885, 0.3773401379585266, 0.3580048680305481, 0.30680760741233826, 0.2989596128463745])","[0.3866846561431885, 0.3773401379585266, 0.3580048680305481, 0.30680760741233826, 0.2989596128463745]",4,4,"[2.2785847e-05 1.8620317e-07 6.4483041e-01 1.8395984e-06 6.3675172e-09
 1.3416845e-08 8.5212569e-08 1.2309721e-04 8.3227214e-08 5.6955678e-04
 9.7517732e-12 4.2617088e-05 3.9468268e-06 2.5067484e-05 3.1049200e-05
 7.1289292e-06 3.5434201e-01 1.3135011e-07]"
..\Dataset\artefact2\unseen\leopard\leopard_10005.jpg,leopard,2,bobcat,0.9997,"[[3.41366110e-08 1.31204733e-11 9.99740139e-01 4.24022075e-10
  2.54720088e-12 5.28968188e-12 1.28584227e-14 9.12129432e-07
  3.28784609e-10 2.06316596e-09 1.65417496e-14 8.57672325e-10
  1.40986952e-07 1.38022479e-07 2.50846425e-09 3.69957048e-11
  2.58629257e-04 3.90125352e-11]]","(['leopard', 'pig', 'humpback_whale', 'giant_panda', 'rat'], [0.3866846561431885, 0.3773401379585266, 0.3580048680305481, 0.30680760741233826, 0.2989596128463745])","[0.3866846561431885, 0.3773401379585266, 0.3580048680305481, 0.30680760741233826, 0.2989596128463745]",4,4,"[3.41366118e-08 1.31204735e-11 9.99740124e-01 4.24022067e-10
 2.54720095e-12 5.28968189e-12 1.28584226e-14 9.12129451e-07
 3.28784611e-10 2.06316586e-09 1.65417488e-14 8.57672322e-10
 1.40986955e-07 1.38022486e-07 2.50846433e-09 3.69957051e-11
 2.58629269e-04 3.90125363e-11]"
..\Dataset\artefact2\unseen\leopard\leopard_10006.jpg,leopard,16,tiger,0.9123,"[[5.25024695e-09 2.39493502e-14 8.76827419e-02 2.18175943e-10
  7.29015920e-11 3.44664708e-11 4.27543501e-15 1.08205382e-07
  1.52939679e-12 3.20011140e-09 1.07420907e-13 4.36475540e-11
  4.11779698e-06 1.71406622e-07 1.26067631e-08 1.15005960e-08
  9.12312821e-01 6.59656433e-09]]","(['leopard', 'rat', 'pig', 'chimpanzee', 'persian_cat'], [0.531606912612915, 0.4345282316207886, 0.38425660133361816, 0.356636643409729, 0.34884774684906006])","[0.531606912612915, 0.4345282316207886, 0.38425660133361816, 0.356636643409729, 0.34884774684906006]",4,4,"[5.25024690e-09 2.39493501e-14 8.76827389e-02 2.18175950e-10
 7.29015945e-11 3.44664713e-11 4.27543480e-15 1.08205384e-07
 1.52939683e-12 3.20011151e-09 1.07420908e-13 4.36475543e-11
 4.11779683e-06 1.71406626e-07 1.26067627e-08 1.15005960e-08
 9.12312806e-01 6.59656418e-09]"
..\Dataset\artefact2\unseen\leopard\leopard_10007.jpg,leopard,16,tiger,0.9444,"[[1.66887382e-04 4.00300599e-11 5.25307944e-02 2.76863333e-03
  4.08627389e-09 2.39651834e-09 4.07983470e-11 4.05943072e-06
  2.41139010e-09 7.07098250e-07 2.30395875e-11 1.26285148e-07
  1.04658987e-04 3.06128192e-06 1.17160115e-06 6.42086645e-08
  9.44419818e-01 8.66447324e-09]]","(['leopard', 'rat', 'pig', 'chimpanzee', 'persian_cat'], [0.531606912612915, 0.4345282316207886, 0.38425660133361816, 0.356636643409729, 0.34884774684906006])","[0.531606912612915, 0.4345282316207886, 0.38425660133361816, 0.356636643409729, 0.34884774684906006]",4,4,"[1.6688739e-04 4.0030059e-11 5.2530795e-02 2.7686334e-03 4.0862740e-09
 2.3965183e-09 4.0798347e-11 4.0594309e-06 2.4113902e-09 7.0709825e-07
 2.3039588e-11 1.2628514e-07 1.0465899e-04 3.0612819e-06 1.1716012e-06
 6.4208663e-08 9.4441980e-01 8.6644736e-09]"
..\Dataset\artefact2\unseen\leopard\leopard_10008.jpg,leopard,16,tiger,0.6293,"[[3.61536178e-09 2.67949823e-13 3.70697098e-01 4.19524339e-09
  1.59023902e-08 2.30344035e-11 3.01044831e-14 1.81456279e-05
  2.36109564e-10 3.38636267e-07 5.84507415e-13 4.71338996e-10
  3.82789829e-07 7.34395947e-06 1.92434718e-10 5.50457793e-09
  6.29276659e-01 1.08287986e-09]]","(['leopard', 'rat', 'pig', 'chimpanzee', 'persian_cat'], [0.531606912612915, 0.4345282316207886, 0.38425660133361816, 0.356636643409729, 0.34884774684906006])","[0.531606912612915, 0.4345282316207886, 0.38425660133361816, 0.356636643409729, 0.34884774684906006]",4,4,"[3.6153618e-09 2.6794983e-13 3.7069711e-01 4.1952433e-09 1.5902391e-08
 2.3034404e-11 3.0104483e-14 1.8145627e-05 2.3610958e-10 3.3863626e-07
 5.8450743e-13 4.7133902e-10 3.8278984e-07 7.3439596e-06 1.9243472e-10
 5.5045781e-09 6.2927663e-01 1.0828799e-09]"
..\Dataset\artefact2\unseen\leopard\leopard_10009.jpg,leopard,16,tiger,0.9998,"[[3.08178280e-11 1.06311062e-16 1.70499502e-04 8.82089089e-10
  9.79205747e-11 7.13829343e-13 1.74262188e-13 1.28897592e-10
  3.74389307e-13 1.03851870e-08 2.42577573e-15 1.35541515e-11
  3.87533549e-05 8.59069484e-08 2.67229436e-10 3.80763924e-12
  9.99790649e-01 9.32140108e-11]]","(['leopard', 'rat', 'pig', 'chimpanzee', 'persian_cat'], [0.531606912612915, 0.4345282316207886, 0.38425660133361816, 0.356636643409729, 0.34884774684906006])","[0.531606912612915, 0.4345282316207886, 0.38425660133361816, 0.356636643409729, 0.34884774684906006]",4,4,"[3.0817827e-11 1.0631106e-16 1.7049951e-04 8.8208907e-10 9.7920574e-11
 7.1382933e-13 1.7426219e-13 1.2889759e-10 3.7438929e-13 1.0385187e-08
 2.4257757e-15 1.3554152e-11 3.8753355e-05 8.5906947e-08 2.6722943e-10
 3.8076391e-12 9.9979067e-01 9.3214013e-11]"
..\Dataset\artefact2\unseen\leopard\leopard_10010.jpg,leopard,16,tiger,0.9996,"[[7.29297034e-07 4.25868972e-14 1.34659971e-04 3.67429650e-07
  2.45996433e-09 1.85313803e-09 1.07505301e-10 1.02380821e-04
  2.91138924e-10 7.22391219e-05 6.48430183e-15 3.56301538e-09
  3.81703517e-06 3.84867593e-05 1.07048506e-08 9.96033874e-09
  9.99647267e-01 2.34267251e-08]]","(['leopard', 'rat', 'pig', 'chimpanzee', 'persian_cat'], [0.531606912612915, 0.4345282316207886, 0.38425660133361816, 0.356636643409729, 0.34884774684906006])","[0.531606912612915, 0.4345282316207886, 0.38425660133361816, 0.356636643409729, 0.34884774684906006]",4,4,"[7.2929703e-07 4.2586896e-14 1.3465997e-04 3.6742966e-07 2.4599642e-09
 1.8531380e-09 1.0750530e-10 1.0238082e-04 2.9113892e-10 7.2239120e-05
 6.4843019e-15 3.5630154e-09 3.8170351e-06 3.8486760e-05 1.0704850e-08
 9.9603383e-09 9.9964726e-01 2.3426725e-08]"
..\Dataset\artefact2\unseen\persian_cat\persian+cat_10001.jpg,persian_cat,9,mouse,0.8968,"[[1.31389991e-05 3.10109995e-05 3.10793391e-04 2.83543512e-07
  8.92221194e-05 1.54586004e-07 1.33702439e-06 2.38772065e-02
  1.06490843e-05 8.96837261e-01 3.72597860e-07 3.69543611e-03
  7.44867711e-08 6.32776706e-02 8.07560548e-03 1.54516497e-03
  2.20181829e-03 3.28006562e-05]]","(['rat', 'leopard', 'raccoon', 'hippopotamus', 'pig'], [0.5725405812263489, 0.4258768558502197, 0.34460416436195374, 0.3298698663711548, 0.2852146625518799])","[0.5725405812263489, 0.4258768558502197, 0.34460416436195374, 0.3298698663711548, 0.2852146625518799]",8,5,"[1.3138999e-05 3.1011001e-05 3.1079340e-04 2.8354350e-07 8.9222121e-05
 1.5458600e-07 1.3370244e-06 2.3877207e-02 1.0649084e-05 8.9683723e-01
 3.7259787e-07 3.6954361e-03 7.4486771e-08 6.3277669e-02 8.0756051e-03
 1.5451650e-03 2.2018184e-03 3.2800657e-05]"
..\Dataset\artefact2\unseen\persian_cat\persian+cat_10002.jpg,persian_cat,9,mouse,0.6029,"[[6.99524947e-04 3.59997141e-06 1.13242748e-02 1.95787768e-05
  1.48104910e-03 3.47306952e-04 9.79763462e-06 1.26426017e-04
  6.84783353e-03 6.02852125e-01 2.14338092e-04 2.96104260e-04
  6.82072549e-05 2.57080225e-01 3.38003535e-03 1.14339906e-01
  8.96547674e-04 1.31186472e-05]]","(['rat', 'leopard', 'raccoon', 'hippopotamus', 'pig'], [0.5725405812263489, 0.4258768558502197, 0.34460416436195374, 0.3298698663711548, 0.2852146625518799])","[0.5725405812263489, 0.4258768558502197, 0.34460416436195374, 0.3298698663711548, 0.2852146625518799]",8,5,"[6.9952494e-04 3.5999715e-06 1.1324274e-02 1.9578776e-05 1.4810491e-03
 3.4730695e-04 9.7976344e-06 1.2642602e-04 6.8478337e-03 6.0285211e-01
 2.1433810e-04 2.9610426e-04 6.8207257e-05 2.5708023e-01 3.3800353e-03
 1.1433990e-01 8.9654769e-04 1.3118647e-05]"
..\Dataset\artefact2\unseen\persian_cat\persian+cat_10003.jpg,persian_cat,13,siamese_cat,0.7982,"[[1.12520180e-07 8.90258361e-08 6.07878426e-02 6.93880823e-07
  1.20644568e-02 8.84806250e-06 2.49747697e-06 4.09414046e-06
  2.24457964e-03 1.26284876e-01 4.70275235e-08 1.09042519e-06
  7.77246249e-05 7.98153423e-01 3.10586130e-05 3.21375639e-04
  1.71700208e-05 2.03544081e-08]]","(['persian_cat', 'humpback_whale', 'giant_panda', 'rat', 'pig'], [0.5674245953559875, 0.3945450186729431, 0.36070340871810913, 0.33418962359428406, 0.32779648900032043])","[0.5674245953559875, 0.3945450186729431, 0.36070340871810913, 0.33418962359428406, 0.32779648900032043]",5,5,"[1.1252018e-07 8.9025839e-08 6.0787842e-02 6.9388085e-07 1.2064457e-02
 8.8480629e-06 2.4974770e-06 4.0941404e-06 2.2445796e-03 1.2628488e-01
 4.7027523e-08 1.0904251e-06 7.7724624e-05 7.9815340e-01 3.1058615e-05
 3.2137564e-04 1.7170021e-05 2.0354408e-08]"
..\Dataset\artefact2\unseen\persian_cat\persian+cat_10004.jpg,persian_cat,13,siamese_cat,0.9166,"[[5.34383563e-06 1.63089508e-08 1.07663186e-04 4.15796589e-03
  2.14320111e-05 1.53036450e-03 3.09921060e-06 8.00637420e-06
  1.52453953e-02 1.96078801e-03 2.40575321e-08 5.00176792e-05
  3.41362020e-06 9.16614909e-01 4.96784807e-02 9.18590973e-06
  1.07566244e-03 9.52823158e-03]]","(['persian_cat', 'humpback_whale', 'giant_panda', 'rat', 'pig'], [0.5674245953559875, 0.3945450186729431, 0.36070340871810913, 0.33418962359428406, 0.32779648900032043])","[0.5674245953559875, 0.3945450186729431, 0.36070340871810913, 0.33418962359428406, 0.32779648900032043]",5,5,"[5.3438357e-06 1.6308951e-08 1.0766319e-04 4.1579660e-03 2.1432012e-05
 1.5303645e-03 3.0992105e-06 8.0063746e-06 1.5245396e-02 1.9607879e-03
 2.4057533e-08 5.0017679e-05 3.4136201e-06 9.1661489e-01 4.9678482e-02
 9.1859101e-06 1.0756624e-03 9.5282318e-03]"
..\Dataset\artefact2\unseen\persian_cat\persian+cat_10005.jpg,persian_cat,13,siamese_cat,0.9299,"[[5.02800620e-08 4.98045153e-09 6.76061472e-02 5.84310394e-10
  1.16303164e-05 2.34237133e-04 8.08863642e-09 2.92128287e-04
  5.06568707e-05 1.82147657e-03 6.65258500e-09 6.88911423e-07
  4.45064754e-07 9.29892738e-01 5.90436763e-06 5.72777373e-05
  2.65989288e-05 8.39392104e-13]]","(['persian_cat', 'humpback_whale', 'giant_panda', 'rat', 'pig'], [0.5674245953559875, 0.3945450186729431, 0.36070340871810913, 0.33418962359428406, 0.32779648900032043])","[0.5674245953559875, 0.3945450186729431, 0.36070340871810913, 0.33418962359428406, 0.32779648900032043]",5,5,"[5.0280061e-08 4.9804516e-09 6.7606144e-02 5.8431038e-10 1.1630316e-05
 2.3423713e-04 8.0886364e-09 2.9212830e-04 5.0656872e-05 1.8214766e-03
 6.6525851e-09 6.8891143e-07 4.4506476e-07 9.2989272e-01 5.9043678e-06
 5.7277739e-05 2.6598929e-05 8.3939209e-13]"
..\Dataset\artefact2\unseen\persian_cat\persian+cat_10006.jpg,persian_cat,2,bobcat,0.5708,"[[8.87156568e-06 1.62295005e-13 5.70849564e-01 1.69704944e-03
  4.68054347e-08 6.63839858e-09 1.62180803e-09 1.38273342e-07
  1.03739136e-05 8.51966869e-05 1.54297973e-13 1.89221495e-01
  1.01699670e-05 2.69780351e-03 1.49663580e-03 2.30517710e-05
  2.33899592e-01 1.93379102e-09]]","(['leopard', 'pig', 'humpback_whale', 'giant_panda', 'rat'], [0.3866846561431885, 0.3773401379585266, 0.3580048680305481, 0.30680760741233826, 0.2989596128463745])","[0.3866846561431885, 0.3773401379585266, 0.3580048680305481, 0.30680760741233826, 0.2989596128463745]",4,5,"[8.8715660e-06 1.6229501e-13 5.7084954e-01 1.6970495e-03 4.6805436e-08
 6.6383987e-09 1.6218080e-09 1.3827334e-07 1.0373914e-05 8.5196683e-05
 1.5429797e-13 1.8922150e-01 1.0169967e-05 2.6978035e-03 1.4966358e-03
 2.3051771e-05 2.3389959e-01 1.9337911e-09]"
..\Dataset\artefact2\unseen\persian_cat\persian+cat_10007.jpg,persian_cat,13,siamese_cat,0.6525,"[[1.58489203e-05 1.07665373e-06 3.42997648e-04 2.59228396e-08
  3.10325580e-08 8.06079516e-02 1.17579416e-04 2.56283249e-05
  5.48592742e-02 6.93009144e-02 5.68038071e-06 7.67205603e-02
  6.64540251e-07 6.52532610e-01 6.48415898e-02 1.27977992e-06
  6.03899673e-04 2.23873243e-05]]","(['persian_cat', 'humpback_whale', 'giant_panda', 'rat', 'pig'], [0.5674245953559875, 0.3945450186729431, 0.36070340871810913, 0.33418962359428406, 0.32779648900032043])","[0.5674245953559875, 0.3945450186729431, 0.36070340871810913, 0.33418962359428406, 0.32779648900032043]",5,5,"[1.5848920e-05 1.0766537e-06 3.4299764e-04 2.5922839e-08 3.1032560e-08
 8.0607951e-02 1.1757942e-04 2.5628326e-05 5.4859273e-02 6.9300912e-02
 5.6803806e-06 7.6720558e-02 6.6454027e-07 6.5253264e-01 6.4841591e-02
 1.2797799e-06 6.0389965e-04 2.2387325e-05]"
..\Dataset\artefact2\unseen\persian_cat\persian+cat_10008.jpg,persian_cat,14,skunk,0.9396,"[[1.00053261e-04 6.28903045e-10 1.88300785e-07 8.42915090e-11
  6.66027904e-09 3.25722682e-02 1.10885689e-04 1.83931668e-04
  1.53623312e-02 9.30331386e-06 1.42763910e-03 7.95093179e-06
  4.52536626e-09 8.83451545e-03 9.39555102e-01 1.29092339e-03
  3.38453508e-04 2.06441966e-04]]","(['rat', 'raccoon', 'pig', 'hippopotamus', 'leopard'], [0.439208447933197, 0.39865046739578247, 0.35863208770751953, 0.3306923508644104, 0.3278276324272156])","[0.439208447933197, 0.39865046739578247, 0.35863208770751953, 0.3306923508644104, 0.3278276324272156]",8,5,"[1.0005326e-04 6.2890304e-10 1.8830079e-07 8.4291511e-11 6.6602790e-09
 3.2572269e-02 1.1088569e-04 1.8393167e-04 1.5362332e-02 9.3033141e-06
 1.4276390e-03 7.9509318e-06 4.5253663e-09 8.8345157e-03 9.3955511e-01
 1.2909233e-03 3.3845351e-04 2.0644197e-04]"
..\Dataset\artefact2\unseen\persian_cat\persian+cat_10009.jpg,persian_cat,9,mouse,0.9939,"[[2.27483445e-05 1.29310711e-05 5.03667872e-05 3.39435437e-05
  1.57802637e-05 6.21838814e-07 2.49276839e-09 5.92023249e-04
  1.12557832e-05 9.93911457e-01 2.83870190e-10 9.32622331e-06
  4.70271314e-07 3.91337844e-04 1.64322285e-03 3.28409744e-03
  2.00828817e-05 3.31541968e-07]]","(['rat', 'leopard', 'raccoon', 'hippopotamus', 'pig'], [0.5725405812263489, 0.4258768558502197, 0.34460416436195374, 0.3298698663711548, 0.2852146625518799])","[0.5725405812263489, 0.4258768558502197, 0.34460416436195374, 0.3298698663711548, 0.2852146625518799]",8,5,"[2.2748345e-05 1.2931071e-05 5.0366787e-05 3.3943543e-05 1.5780264e-05
 6.2183881e-07 2.4927684e-09 5.9202325e-04 1.1255784e-05 9.9391145e-01
 2.8387018e-10 9.3262233e-06 4.7027132e-07 3.9133785e-04 1.6432229e-03
 3.2840974e-03 2.0082882e-05 3.3154197e-07]"
..\Dataset\artefact2\unseen\persian_cat\persian+cat_10010.jpg,persian_cat,14,skunk,0.4421,"[[1.96157777e-02 2.05813571e-04 3.11035864e-03 6.02416594e-06
  2.68598623e-05 6.30095897e-06 3.21330299e-04 3.69673517e-01
  3.75925997e-03 5.20097173e-03 3.23625289e-04 1.16864147e-02
  1.28361808e-05 3.58319563e-02 4.42069118e-01 3.24177375e-02
  7.57080589e-02 2.40398133e-05]]","(['rat', 'raccoon', 'pig', 'hippopotamus', 'leopard'], [0.439208447933197, 0.39865046739578247, 0.35863208770751953, 0.3306923508644104, 0.3278276324272156])","[0.439208447933197, 0.39865046739578247, 0.35863208770751953, 0.3306923508644104, 0.3278276324272156]",8,5,"[1.96157768e-02 2.05813572e-04 3.11035872e-03 6.02416594e-06
 2.68598615e-05 6.30095883e-06 3.21330299e-04 3.69673520e-01
 3.75926006e-03 5.20097185e-03 3.23625281e-04 1.16864145e-02
 1.28361808e-05 3.58319581e-02 4.42069113e-01 3.24177369e-02
 7.57080615e-02 2.40398131e-05]"
..\Dataset\artefact2\unseen\pig\pig_10001.jpg,pig,17,walrus,0.7965,"[[4.10117807e-05 4.53941924e-07 1.93704804e-05 5.86717157e-07
  5.23389595e-04 6.67782725e-04 1.12989933e-08 4.57220882e-03
  5.84795877e-05 7.16960186e-02 9.64259487e-04 8.04190978e-06
  8.72730066e-04 1.43844191e-05 1.23825990e-01 1.58869129e-04
  3.59002676e-05 7.96540512e-01]]","(['humpback_whale', 'leopard', 'persian_cat', 'raccoon', 'rat'], [0.39619892835617065, 0.3818282186985016, 0.3737187683582306, 0.3706657886505127, 0.33637791872024536])","[0.39619892835617065, 0.3818282186985016, 0.3737187683582306, 0.3706657886505127, 0.33637791872024536]",3,6,"[4.1011779e-05 4.5394194e-07 1.9370480e-05 5.8671714e-07 5.2338961e-04
 6.6778273e-04 1.1298994e-08 4.5722090e-03 5.8479589e-05 7.1696021e-02
 9.6425950e-04 8.0419095e-06 8.7273004e-04 1.4384419e-05 1.2382599e-01
 1.5886912e-04 3.5900266e-05 7.9654050e-01]"
..\Dataset\artefact2\unseen\pig\pig_10002.jpg,pig,9,mouse,0.9999,"[[8.40377553e-10 9.76337526e-14 2.98486068e-08 2.47788776e-10
  4.14464047e-08 3.88824623e-11 5.12854316e-12 1.15191987e-10
  4.13017860e-09 9.99922274e-01 1.87306172e-09 6.20827054e-05
  4.36657486e-07 1.50426210e-05 5.85947599e-08 7.60477789e-11
  2.60209708e-08 4.76720767e-10]]","(['rat', 'leopard', 'raccoon', 'hippopotamus', 'pig'], [0.5725405812263489, 0.4258768558502197, 0.34460416436195374, 0.3298698663711548, 0.2852146625518799])","[0.5725405812263489, 0.4258768558502197, 0.34460416436195374, 0.3298698663711548, 0.2852146625518799]",6,6,"[8.4037755e-10 9.7633754e-14 2.9848607e-08 2.4778879e-10 4.1446405e-08
 3.8882463e-11 5.1285430e-12 1.1519199e-10 4.1301784e-09 9.9992228e-01
 1.8730617e-09 6.2082705e-05 4.3665747e-07 1.5042621e-05 5.8594761e-08
 7.6047779e-11 2.6020970e-08 4.7672077e-10]"
..\Dataset\artefact2\unseen\pig\pig_10003.jpg,pig,13,siamese_cat,0.9987,"[[1.95129831e-05 4.71278232e-15 2.45273826e-05 1.41887339e-04
  2.77836282e-04 2.78893047e-09 9.96666279e-10 5.84927269e-07
  2.15075884e-07 4.84596072e-04 2.44782669e-06 4.91402430e-05
  2.75210339e-04 9.98692296e-01 2.34441725e-09 5.85422280e-07
  9.21650071e-06 2.19378291e-05]]","(['persian_cat', 'humpback_whale', 'giant_panda', 'rat', 'pig'], [0.5674245953559875, 0.3945450186729431, 0.36070340871810913, 0.33418962359428406, 0.32779648900032043])","[0.5674245953559875, 0.3945450186729431, 0.36070340871810913, 0.33418962359428406, 0.32779648900032043]",6,6,"[1.9512983e-05 4.7127825e-15 2.4527382e-05 1.4188734e-04 2.7783628e-04
 2.7889304e-09 9.9666631e-10 5.8492725e-07 2.1507589e-07 4.8459606e-04
 2.4478268e-06 4.9140242e-05 2.7521033e-04 9.9869227e-01 2.3444173e-09
 5.8542230e-07 9.2165010e-06 2.1937829e-05]"
..\Dataset\artefact2\unseen\pig\pig_10004.jpg,pig,17,walrus,0.5669,"[[2.25735641e-03 3.87420853e-09 3.24312665e-05 7.12659736e-03
  1.23438748e-05 3.38656916e-02 2.72474176e-05 1.34924921e-03
  7.71998549e-04 1.80697290e-01 7.99913473e-11 2.15512586e-04
  1.76464111e-01 3.51988047e-03 2.03114771e-02 6.30130940e-03
  1.70110185e-04 5.66877390e-01]]","(['humpback_whale', 'leopard', 'persian_cat', 'raccoon', 'rat'], [0.39619892835617065, 0.3818282186985016, 0.3737187683582306, 0.3706657886505127, 0.33637791872024536])","[0.39619892835617065, 0.3818282186985016, 0.3737187683582306, 0.3706657886505127, 0.33637791872024536]",3,6,"[2.2573564e-03 3.8742085e-09 3.2431268e-05 7.1265972e-03 1.2343875e-05
 3.3865690e-02 2.7247417e-05 1.3492492e-03 7.7199854e-04 1.8069729e-01
 7.9991347e-11 2.1551258e-04 1.7646411e-01 3.5198806e-03 2.0311477e-02
 6.3013094e-03 1.7011019e-04 5.6687737e-01]"
..\Dataset\artefact2\unseen\pig\pig_10005.jpg,pig,9,mouse,0.4817,"[[1.51521075e-04 1.57938775e-19 2.09342489e-08 3.81094772e-09
  1.83743601e-08 2.66026290e-05 2.45505100e-08 2.04093227e-05
  6.28345499e-06 4.81664827e-01 2.44310004e-01 8.42679164e-05
  3.33512044e-06 2.45877266e-04 2.73437606e-01 4.29347537e-05
  2.43304411e-06 3.83102713e-06]]","(['rat', 'leopard', 'raccoon', 'hippopotamus', 'pig'], [0.5725405812263489, 0.4258768558502197, 0.34460416436195374, 0.3298698663711548, 0.2852146625518799])","[0.5725405812263489, 0.4258768558502197, 0.34460416436195374, 0.3298698663711548, 0.2852146625518799]",6,6,"[1.5152108e-04 1.5793878e-19 2.0934248e-08 3.8109476e-09 1.8374360e-08
 2.6602629e-05 2.4550509e-08 2.0409323e-05 6.2834551e-06 4.8166484e-01
 2.4431001e-01 8.4267915e-05 3.3351205e-06 2.4587728e-04 2.7343762e-01
 4.2934753e-05 2.4330441e-06 3.8310272e-06]"
..\Dataset\artefact2\unseen\pig\pig_10006.jpg,pig,4,dolphin,0.6732,"[[7.28617767e-11 4.93182619e-26 1.96225737e-09 3.36118985e-05
  6.73181867e-01 3.73086800e-15 4.49670515e-11 1.56426325e-11
  7.69426731e-11 2.55977091e-03 3.24204827e-01 3.41166212e-06
  1.49079962e-08 1.61411699e-05 2.39736497e-07 6.20263295e-08
  2.17526211e-08 2.93671287e-08]]","(['humpback_whale', 'leopard', 'rat', 'raccoon', 'seal'], [0.5068448781967163, 0.49823737144470215, 0.4419063329696655, 0.43361467123031616, 0.4013235569000244])","[0.5068448781967163, 0.49823737144470215, 0.4419063329696655, 0.43361467123031616, 0.4013235569000244]",3,6,"[7.2861779e-11 4.9318262e-26 1.9622575e-09 3.3611897e-05 6.7318189e-01
 3.7308680e-15 4.4967051e-11 1.5642633e-11 7.6942674e-11 2.5597708e-03
 3.2420483e-01 3.4116622e-06 1.4907997e-08 1.6141170e-05 2.3973649e-07
 6.2026331e-08 2.1752621e-08 2.9367129e-08]"
..\Dataset\artefact2\unseen\pig\pig_10007.jpg,pig,10,ox,0.7163,"[[4.27377995e-10 2.67199355e-20 9.36773781e-07 1.21086421e-05
  1.62475608e-06 2.67798732e-11 1.28923980e-13 2.14138435e-07
  2.32613375e-11 2.65087505e-01 7.16281199e-01 1.51193460e-07
  2.43256314e-04 2.31524564e-05 6.52884157e-09 7.26376112e-07
  9.74329455e-06 1.83393754e-02]]","(['leopard', 'pig', 'rat', 'humpback_whale', 'persian_cat'], [0.35827940702438354, 0.33485275506973267, 0.2936652898788452, 0.2843073308467865, 0.25823819637298584])","[0.35827940702438354, 0.33485275506973267, 0.2936652898788452, 0.2843073308467865, 0.25823819637298584]",6,6,"[4.2737799e-10 2.6719935e-20 9.3677380e-07 1.2108642e-05 1.6247561e-06
 2.6779873e-11 1.2892398e-13 2.1413844e-07 2.3261337e-11 2.6508752e-01
 7.1628118e-01 1.5119346e-07 2.4325632e-04 2.3152457e-05 6.5288415e-09
 7.2637613e-07 9.7432949e-06 1.8339375e-02]"
..\Dataset\artefact2\unseen\pig\pig_10008.jpg,pig,13,siamese_cat,0.988,"[[3.47317736e-05 2.83964779e-14 1.18611961e-06 1.33975009e-04
  2.88283179e-03 2.62799436e-05 1.12888993e-03 3.99789993e-09
  8.00994336e-08 2.03585257e-05 1.05902232e-07 4.31239813e-03
  1.86061620e-03 9.88026235e-01 4.50194756e-04 5.56759301e-06
  8.95474664e-05 1.02699749e-03]]","(['persian_cat', 'humpback_whale', 'giant_panda', 'rat', 'pig'], [0.5674245953559875, 0.3945450186729431, 0.36070340871810913, 0.33418962359428406, 0.32779648900032043])","[0.5674245953559875, 0.3945450186729431, 0.36070340871810913, 0.33418962359428406, 0.32779648900032043]",6,6,"[3.4731773e-05 2.8396478e-14 1.1861196e-06 1.3397502e-04 2.8828317e-03
 2.6279944e-05 1.1288900e-03 3.9978998e-09 8.0099433e-08 2.0358526e-05
 1.0590223e-07 4.3123979e-03 1.8606161e-03 9.8802626e-01 4.5019476e-04
 5.5675932e-06 8.9547466e-05 1.0269975e-03]"
..\Dataset\artefact2\unseen\pig\pig_10009.jpg,pig,0,bear,0.9016,"[[9.01626972e-01 4.23764725e-10 1.53180334e-05 1.24089631e-05
  2.92034549e-08 8.87549399e-04 2.49084550e-04 1.50388372e-06
  3.70229540e-05 6.39101301e-02 8.58746940e-07 1.78337486e-03
  6.04192351e-03 7.90957745e-03 8.14899513e-03 2.65174211e-04
  1.46650975e-03 7.64356688e-03]]","(['rat', 'pig', 'raccoon', 'leopard', 'humpback_whale'], [0.4330500662326813, 0.4241596460342407, 0.3845028877258301, 0.36484232544898987, 0.3614022135734558])","[0.4330500662326813, 0.4241596460342407, 0.3845028877258301, 0.36484232544898987, 0.3614022135734558]",6,6,"[9.0162694e-01 4.2376472e-10 1.5318034e-05 1.2408963e-05 2.9203456e-08
 8.8754942e-04 2.4908455e-04 1.5038837e-06 3.7022954e-05 6.3910127e-02
 8.5874694e-07 1.7833748e-03 6.0419235e-03 7.9095773e-03 8.1489952e-03
 2.6517423e-04 1.4665098e-03 7.6435669e-03]"
..\Dataset\artefact2\unseen\pig\pig_10010.jpg,pig,3,cow,0.9339,"[[2.82404253e-04 2.42292580e-11 9.07378898e-08 9.33866055e-01
  7.39552221e-10 1.79487754e-05 1.50874327e-06 9.56597052e-07
  2.47201804e-07 1.88098264e-05 6.92313811e-07 4.77530208e-05
  5.38217883e-02 7.31210733e-05 1.14234552e-02 9.78312817e-08
  4.20700705e-05 4.03000252e-04]]","(['pig', 'raccoon', 'humpback_whale', 'rat', 'chimpanzee'], [0.5526159405708313, 0.4351488947868347, 0.4163978695869446, 0.34031087160110474, 0.3183020353317261])","[0.5526159405708313, 0.4351488947868347, 0.4163978695869446, 0.34031087160110474, 0.3183020353317261]",6,6,"[2.8240425e-04 2.4229257e-11 9.0737892e-08 9.3386608e-01 7.3955220e-10
 1.7948776e-05 1.5087433e-06 9.5659709e-07 2.4720180e-07 1.8809826e-05
 6.9231379e-07 4.7753019e-05 5.3821787e-02 7.3121075e-05 1.1423456e-02
 9.7831283e-08 4.2070071e-05 4.0300025e-04]"
..\Dataset\artefact2\unseen\raccoon\raccoon_10001.jpg,raccoon,8,monkey,0.9943,"[[2.44500209e-04 6.61427849e-09 3.93518382e-03 9.56280276e-12
  2.92501975e-11 6.66014475e-06 4.04112497e-07 4.08016350e-05
  9.94293414e-01 5.51839712e-06 2.04693001e-07 9.80665505e-04
  3.23927422e-09 1.63357536e-04 2.84777231e-04 2.19111915e-05
  2.25912268e-05 7.99074159e-11]]","(['chimpanzee', 'rat', 'leopard', 'raccoon', 'giant_panda'], [0.6258541345596313, 0.462008535861969, 0.4370909035205841, 0.42878904938697815, 0.37368571758270264])","[0.6258541345596313, 0.462008535861969, 0.4370909035205841, 0.42878904938697815, 0.37368571758270264]",7,7,"[2.4450020e-04 6.6142785e-09 3.9351839e-03 9.5628028e-12 2.9250196e-11
 6.6601447e-06 4.0411248e-07 4.0801635e-05 9.9429339e-01 5.5183973e-06
 2.0469299e-07 9.8066556e-04 3.2392742e-09 1.6335753e-04 2.8477723e-04
 2.1911192e-05 2.2591226e-05 7.9907414e-11]"
..\Dataset\artefact2\unseen\raccoon\raccoon_10002.jpg,raccoon,11,rabbit,0.9127,"[[1.46717755e-04 1.52541520e-10 5.33857500e-04 6.81882318e-13
  1.25356027e-08 2.52327111e-04 3.85303834e-04 5.86810576e-06
  1.17366445e-05 1.58773222e-07 8.19874998e-02 9.12674947e-01
  1.07276340e-06 5.46729596e-04 1.53062568e-03 1.31288387e-03
  6.10255590e-04 3.59981826e-09]]","(['rat', 'pig', 'raccoon', 'chimpanzee', 'humpback_whale'], [0.6581212282180786, 0.6184419989585876, 0.44522997736930847, 0.39159059524536133, 0.3537502586841583])","[0.6581212282180786, 0.6184419989585876, 0.44522997736930847, 0.39159059524536133, 0.3537502586841583]",7,7,"[1.4671775e-04 1.5254152e-10 5.3385750e-04 6.8188234e-13 1.2535603e-08
 2.5232713e-04 3.8530384e-04 5.8681057e-06 1.1736644e-05 1.5877322e-07
 8.1987500e-02 9.1267496e-01 1.0727634e-06 5.4672960e-04 1.5306256e-03
 1.3128839e-03 6.1025558e-04 3.5998182e-09]"
..\Dataset\artefact2\unseen\raccoon\raccoon_10003.jpg,raccoon,8,monkey,0.9248,"[[4.78887150e-05 4.34382999e-10 1.63047092e-04 4.43173465e-08
  9.22714266e-07 2.65054709e-03 1.55285535e-05 5.98526171e-06
  9.24828748e-01 1.48948751e-03 2.98752808e-07 3.05949343e-02
  1.03612916e-07 4.73786653e-04 3.89676115e-02 4.59484642e-04
  3.01579907e-04 1.07154558e-09]]","(['chimpanzee', 'rat', 'leopard', 'raccoon', 'giant_panda'], [0.6258541345596313, 0.462008535861969, 0.4370909035205841, 0.42878904938697815, 0.37368571758270264])","[0.6258541345596313, 0.462008535861969, 0.4370909035205841, 0.42878904938697815, 0.37368571758270264]",7,7,"[4.7888716e-05 4.3438300e-10 1.6304709e-04 4.4317346e-08 9.2271426e-07
 2.6505471e-03 1.5528554e-05 5.9852619e-06 9.2482877e-01 1.4894875e-03
 2.9875281e-07 3.0594934e-02 1.0361292e-07 4.7378664e-04 3.8967613e-02
 4.5948464e-04 3.0157992e-04 1.0715456e-09]"
..\Dataset\artefact2\unseen\raccoon\raccoon_10004.jpg,raccoon,15,squirrel,0.6375,"[[4.66700708e-06 3.03359841e-10 1.92716694e-04 4.66801396e-08
  1.38539097e-09 9.86991567e-05 1.64167041e-05 2.71762107e-07
  1.80780465e-04 3.60627603e-01 1.14236896e-09 6.03840854e-04
  1.00018825e-05 4.84074324e-06 7.59654194e-04 6.37490790e-01
  6.17642368e-06 3.49257473e-06]]","(['rat', 'raccoon', 'pig', 'chimpanzee', 'hippopotamus'], [0.6328659057617188, 0.5736215114593506, 0.4902893602848053, 0.4157371520996094, 0.3696724474430084])","[0.6328659057617188, 0.5736215114593506, 0.4902893602848053, 0.4157371520996094, 0.3696724474430084]",7,7,"[4.6670070e-06 3.0335984e-10 1.9271669e-04 4.6680139e-08 1.3853910e-09
 9.8699158e-05 1.6416705e-05 2.7176210e-07 1.8078047e-04 3.6062759e-01
 1.1423690e-09 6.0384086e-04 1.0001882e-05 4.8407433e-06 7.5965421e-04
 6.3749081e-01 6.1764235e-06 3.4925747e-06]"
..\Dataset\artefact2\unseen\raccoon\raccoon_10005.jpg,raccoon,15,squirrel,0.857,"[[7.31283081e-04 4.24768312e-12 6.61230057e-06 6.71653279e-11
  1.01237819e-08 4.32973128e-03 4.13392166e-03 3.36444014e-06
  2.12116914e-02 5.59287355e-04 2.16433307e-07 4.37355777e-05
  9.84054504e-02 1.59173080e-04 1.29438475e-02 8.57035396e-01
  2.62900030e-05 4.09988834e-04]]","(['rat', 'raccoon', 'pig', 'chimpanzee', 'hippopotamus'], [0.6328659057617188, 0.5736215114593506, 0.4902893602848053, 0.4157371520996094, 0.3696724474430084])","[0.6328659057617188, 0.5736215114593506, 0.4902893602848053, 0.4157371520996094, 0.3696724474430084]",7,7,"[7.3128310e-04 4.2476829e-12 6.6123007e-06 6.7165329e-11 1.0123782e-08
 4.3297312e-03 4.1339216e-03 3.3644401e-06 2.1211691e-02 5.5928738e-04
 2.1643331e-07 4.3735577e-05 9.8405451e-02 1.5917308e-04 1.2943847e-02
 8.5703540e-01 2.6290003e-05 4.0998883e-04]"
..\Dataset\artefact2\unseen\raccoon\raccoon_10006.jpg,raccoon,8,monkey,0.9149,"[[2.05334080e-06 4.19137430e-08 2.27188079e-05 7.68025034e-11
  3.90828772e-08 3.03837309e-06 1.00034312e-06 3.90874521e-06
  9.14877848e-01 3.06226450e-05 8.14768936e-04 1.54047701e-06
  1.66985277e-06 2.34290810e-06 4.00830427e-05 8.10106450e-02
  6.85866362e-06 3.18081929e-03]]","(['chimpanzee', 'rat', 'leopard', 'raccoon', 'giant_panda'], [0.6258541345596313, 0.462008535861969, 0.4370909035205841, 0.42878904938697815, 0.37368571758270264])","[0.6258541345596313, 0.462008535861969, 0.4370909035205841, 0.42878904938697815, 0.37368571758270264]",7,7,"[2.0533407e-06 4.1913744e-08 2.2718808e-05 7.6802502e-11 3.9082877e-08
 3.0383731e-06 1.0003431e-06 3.9087454e-06 9.1487783e-01 3.0622647e-05
 8.1476895e-04 1.5404770e-06 1.6698527e-06 2.3429081e-06 4.0083043e-05
 8.1010647e-02 6.8586637e-06 3.1808193e-03]"
..\Dataset\artefact2\unseen\raccoon\raccoon_10007.jpg,raccoon,5,gorilla,0.8926,"[[1.19390300e-02 1.81818297e-07 6.29274405e-05 5.82999707e-05
  3.90150250e-06 8.92600520e-01 1.17758570e-03 1.53804808e-04
  1.66828947e-04 3.53513265e-02 7.43946523e-04 3.91997314e-04
  1.79819918e-02 2.25809902e-02 3.47615691e-04 3.30793057e-05
  2.61346239e-03 1.37925096e-02]]","(['chimpanzee', 'hippopotamus', 'raccoon', 'humpback_whale', 'rat'], [0.6233536005020142, 0.4889954626560211, 0.43780049681663513, 0.4027078151702881, 0.3928019106388092])","[0.6233536005020142, 0.4889954626560211, 0.43780049681663513, 0.4027078151702881, 0.3928019106388092]",7,7,"[1.1939030e-02 1.8181829e-07 6.2927444e-05 5.8299971e-05 3.9015026e-06
 8.9260054e-01 1.1775857e-03 1.5380481e-04 1.6682895e-04 3.5351325e-02
 7.4394653e-04 3.9199731e-04 1.7981991e-02 2.2580991e-02 3.4761569e-04
 3.3079305e-05 2.6134623e-03 1.3792509e-02]"
..\Dataset\artefact2\unseen\raccoon\raccoon_10008.jpg,raccoon,6,killer_whale,0.9988,"[[4.90346585e-06 8.52941681e-15 1.84810969e-04 2.75366104e-06
  1.90158661e-10 7.16809239e-10 9.98770200e-01 2.36863415e-08
  2.40034528e-07 6.66511015e-14 1.42817541e-12 9.40036731e-04
  3.98242668e-12 1.25964462e-06 3.31855755e-08 9.52039839e-05
  5.33974640e-07 1.17323145e-12]]","(['humpback_whale', 'giant_panda', 'pig', 'rat', 'seal'], [0.6762049198150635, 0.3915695548057556, 0.3802926242351532, 0.3427806496620178, 0.33529239892959595])","[0.6762049198150635, 0.3915695548057556, 0.3802926242351532, 0.3427806496620178, 0.33529239892959595]",3,7,"[4.9034657e-06 8.5294168e-15 1.8481097e-04 2.7536610e-06 1.9015867e-10
 7.1680922e-10 9.9877018e-01 2.3686342e-08 2.4003452e-07 6.6651098e-14
 1.4281754e-12 9.4003673e-04 3.9824268e-12 1.2596446e-06 3.3185575e-08
 9.5203985e-05 5.3397463e-07 1.1732314e-12]"
..\Dataset\artefact2\unseen\raccoon\raccoon_10009.jpg,raccoon,14,skunk,0.3809,"[[1.87021812e-04 1.21078066e-07 8.50264832e-05 4.46203144e-06
  3.81965246e-06 6.82382778e-02 4.92850423e-07 3.27757801e-06
  1.91088808e-01 2.03214214e-02 6.18165546e-07 6.31364877e-04
  7.46558348e-06 3.37644948e-01 3.80908579e-01 3.03757379e-04
  1.75306487e-04 3.95231377e-04]]","(['rat', 'raccoon', 'pig', 'hippopotamus', 'leopard'], [0.439208447933197, 0.39865046739578247, 0.35863208770751953, 0.3306923508644104, 0.3278276324272156])","[0.439208447933197, 0.39865046739578247, 0.35863208770751953, 0.3306923508644104, 0.3278276324272156]",7,7,"[1.8702181e-04 1.2107806e-07 8.5026484e-05 4.4620315e-06 3.8196526e-06
 6.8238281e-02 4.9285040e-07 3.2775781e-06 1.9108881e-01 2.0321421e-02
 6.1816553e-07 6.3136488e-04 7.4655836e-06 3.3764493e-01 3.8090858e-01
 3.0375738e-04 1.7530649e-04 3.9523139e-04]"
..\Dataset\artefact2\unseen\raccoon\raccoon_10010.jpg,raccoon,9,mouse,0.9998,"[[3.07250375e-07 6.13576517e-10 2.60013303e-05 3.32954756e-07
  1.19502705e-07 7.02820390e-06 5.42267636e-08 1.52156327e-05
  6.06471632e-06 9.99814165e-01 2.84833092e-12 9.87904301e-06
  1.19873175e-05 6.01086253e-07 1.20373255e-05 9.55058090e-05
  5.46862806e-07 1.53317108e-07]]","(['rat', 'leopard', 'raccoon', 'hippopotamus', 'pig'], [0.5725405812263489, 0.4258768558502197, 0.34460416436195374, 0.3298698663711548, 0.2852146625518799])","[0.5725405812263489, 0.4258768558502197, 0.34460416436195374, 0.3298698663711548, 0.2852146625518799]",7,7,"[3.07250389e-07 6.13576523e-10 2.60013312e-05 3.32954755e-07
 1.19502701e-07 7.02820398e-06 5.42267635e-08 1.52156326e-05
 6.06471622e-06 9.99814153e-01 2.84833095e-12 9.87904332e-06
 1.19873175e-05 6.01086242e-07 1.20373252e-05 9.55058058e-05
 5.46862793e-07 1.53317103e-07]"
..\Dataset\artefact2\unseen\rat\rat_10001.jpg,rat,4,dolphin,0.978,"[[4.05884496e-04 2.50922776e-07 5.10205694e-06 1.63332407e-07
  9.77976199e-01 4.50377289e-08 9.21654030e-03 1.32261740e-05
  9.54861092e-07 7.37492385e-03 1.06442567e-05 8.07167051e-05
  1.01493873e-05 2.41150166e-03 1.45773616e-05 7.78165448e-07
  9.42429640e-05 2.38409966e-03]]","(['humpback_whale', 'leopard', 'rat', 'raccoon', 'seal'], [0.5068448781967163, 0.49823737144470215, 0.4419063329696655, 0.43361467123031616, 0.4013235569000244])","[0.5068448781967163, 0.49823737144470215, 0.4419063329696655, 0.43361467123031616, 0.4013235569000244]",8,8,"[4.0588449e-04 2.5092277e-07 5.1020570e-06 1.6333240e-07 9.7797620e-01
 4.5037730e-08 9.2165405e-03 1.3226174e-05 9.5486109e-07 7.3749237e-03
 1.0644257e-05 8.0716702e-05 1.0149387e-05 2.4115017e-03 1.4577362e-05
 7.7816543e-07 9.4242961e-05 2.3840996e-03]"
..\Dataset\artefact2\unseen\rat\rat_10002.jpg,rat,9,mouse,0.9987,"[[3.95531266e-06 7.22210322e-08 5.04474891e-07 2.73541608e-06
  1.39917483e-05 1.03128160e-05 1.63298985e-07 1.36020836e-07
  3.05845791e-05 9.98714683e-01 6.43197773e-07 5.55851419e-05
  1.62464185e-07 4.51755675e-04 3.17078715e-05 2.44587887e-06
  1.77503612e-06 6.78785783e-04]]","(['rat', 'leopard', 'raccoon', 'hippopotamus', 'pig'], [0.5725405812263489, 0.4258768558502197, 0.34460416436195374, 0.3298698663711548, 0.2852146625518799])","[0.5725405812263489, 0.4258768558502197, 0.34460416436195374, 0.3298698663711548, 0.2852146625518799]",8,8,"[3.9553129e-06 7.2221034e-08 5.0447488e-07 2.7354160e-06 1.3991748e-05
 1.0312816e-05 1.6329898e-07 1.3602083e-07 3.0584579e-05 9.9871469e-01
 6.4319778e-07 5.5585140e-05 1.6246419e-07 4.5175568e-04 3.1707870e-05
 2.4458789e-06 1.7750361e-06 6.7878579e-04]"
..\Dataset\artefact2\unseen\rat\rat_10003.jpg,rat,9,mouse,0.9871,"[[1.25657036e-03 1.62196816e-07 4.01731219e-08 5.84729837e-09
  2.48939919e-06 2.14118263e-06 6.35656602e-06 7.55895553e-07
  1.16483478e-05 9.87125604e-01 3.15830596e-05 9.85158395e-05
  8.85627737e-07 2.43766029e-05 1.11965557e-02 1.19067279e-04
  2.09399984e-06 1.21148025e-04]]","(['rat', 'leopard', 'raccoon', 'hippopotamus', 'pig'], [0.5725405812263489, 0.4258768558502197, 0.34460416436195374, 0.3298698663711548, 0.2852146625518799])","[0.5725405812263489, 0.4258768558502197, 0.34460416436195374, 0.3298698663711548, 0.2852146625518799]",8,8,"[1.2565703e-03 1.6219681e-07 4.0173123e-08 5.8472982e-09 2.4893991e-06
 2.1411827e-06 6.3565662e-06 7.5589554e-07 1.1648348e-05 9.8712558e-01
 3.1583058e-05 9.8515840e-05 8.8562774e-07 2.4376603e-05 1.1196556e-02
 1.1906728e-04 2.0939999e-06 1.2114803e-04]"
..\Dataset\artefact2\unseen\rat\rat_10004.jpg,rat,9,mouse,1.0,"[[1.50615763e-11 1.24688563e-13 1.00451101e-10 2.96130001e-12
  2.89717078e-10 4.51316896e-10 8.31999326e-13 1.36849583e-13
  3.55882514e-11 9.99998669e-01 2.02849758e-11 1.01015339e-07
  1.14688181e-10 1.07844869e-06 1.49603967e-07 6.86979917e-10
  6.90688410e-12 4.33611612e-11]]","(['rat', 'leopard', 'raccoon', 'hippopotamus', 'pig'], [0.5725405812263489, 0.4258768558502197, 0.34460416436195374, 0.3298698663711548, 0.2852146625518799])","[0.5725405812263489, 0.4258768558502197, 0.34460416436195374, 0.3298698663711548, 0.2852146625518799]",8,8,"[1.5061577e-11 1.2468856e-13 1.0045110e-10 2.9613000e-12 2.8971708e-10
 4.5131690e-10 8.3199935e-13 1.3684958e-13 3.5588251e-11 9.9999869e-01
 2.0284975e-11 1.0101534e-07 1.1468818e-10 1.0784487e-06 1.4960396e-07
 6.8697992e-10 6.9068839e-12 4.3361162e-11]"
..\Dataset\artefact2\unseen\rat\rat_10005.jpg,rat,8,monkey,0.9548,"[[4.82171109e-04 1.94148924e-06 9.93585848e-06 4.36879496e-07
  2.09854953e-09 1.45981208e-05 1.77994321e-02 1.48054207e-05
  9.54766304e-01 5.14885426e-03 1.37725577e-03 2.25584158e-03
  1.52570203e-05 8.89309636e-03 4.16340448e-03 2.00931404e-04
  1.10052013e-03 3.75521176e-03]]","(['chimpanzee', 'rat', 'leopard', 'raccoon', 'giant_panda'], [0.6258541345596313, 0.462008535861969, 0.4370909035205841, 0.42878904938697815, 0.37368571758270264])","[0.6258541345596313, 0.462008535861969, 0.4370909035205841, 0.42878904938697815, 0.37368571758270264]",8,8,"[4.82171105e-04 1.94148924e-06 9.93585854e-06 4.36879503e-07
 2.09854956e-09 1.45981212e-05 1.77994315e-02 1.48054205e-05
 9.54766333e-01 5.14885411e-03 1.37725577e-03 2.25584162e-03
 1.52570201e-05 8.89309682e-03 4.16340446e-03 2.00931405e-04
 1.10052014e-03 3.75521183e-03]"
..\Dataset\artefact2\unseen\rat\rat_10006.jpg,rat,9,mouse,0.9995,"[[1.68562960e-10 4.71193590e-14 2.04797654e-09 3.00742729e-17
  1.50014188e-08 7.51113817e-10 5.87981654e-14 1.28512223e-13
  4.37041250e-10 9.99526444e-01 3.56590719e-04 3.58298904e-05
  4.67684212e-09 7.99914635e-05 1.07315190e-06 4.75352575e-08
  6.14334351e-10 4.82146137e-12]]","(['rat', 'leopard', 'raccoon', 'hippopotamus', 'pig'], [0.5725405812263489, 0.4258768558502197, 0.34460416436195374, 0.3298698663711548, 0.2852146625518799])","[0.5725405812263489, 0.4258768558502197, 0.34460416436195374, 0.3298698663711548, 0.2852146625518799]",8,8,"[1.6856296e-10 4.7119359e-14 2.0479765e-09 3.0074272e-17 1.5001419e-08
 7.5111384e-10 5.8798168e-14 1.2851222e-13 4.3704124e-10 9.9952644e-01
 3.5659072e-04 3.5829889e-05 4.6768420e-09 7.9991463e-05 1.0731519e-06
 4.7535256e-08 6.1433436e-10 4.8214614e-12]"
..\Dataset\artefact2\unseen\rat\rat_10007.jpg,rat,9,mouse,0.9457,"[[5.51355324e-05 1.99599545e-05 1.81647000e-06 6.58312382e-05
  1.05127013e-04 9.63297631e-06 1.71404145e-04 4.01201641e-06
  1.06167133e-04 9.45724294e-01 4.33141327e-06 4.00219883e-05
  6.66417990e-05 5.77802534e-04 6.44275032e-03 4.67709438e-04
  7.39301587e-05 4.60634315e-02]]","(['rat', 'leopard', 'raccoon', 'hippopotamus', 'pig'], [0.5725405812263489, 0.4258768558502197, 0.34460416436195374, 0.3298698663711548, 0.2852146625518799])","[0.5725405812263489, 0.4258768558502197, 0.34460416436195374, 0.3298698663711548, 0.2852146625518799]",8,8,"[5.51355333e-05 1.99599544e-05 1.81646999e-06 6.58312347e-05
 1.05127016e-04 9.63297589e-06 1.71404143e-04 4.01201623e-06
 1.06167136e-04 9.45724308e-01 4.33141349e-06 4.00219869e-05
 6.66417982e-05 5.77802537e-04 6.44275034e-03 4.67709440e-04
 7.39301613e-05 4.60634306e-02]"
..\Dataset\artefact2\unseen\rat\rat_10008.jpg,rat,8,monkey,0.966,"[[1.06977237e-05 1.61196663e-06 1.20392757e-05 1.50408736e-05
  3.75572532e-09 1.15527917e-05 3.39882910e-04 2.95690363e-06
  9.66048678e-01 2.03086882e-02 3.70871310e-05 2.36017667e-04
  7.20307804e-05 9.01062094e-03 2.38149476e-03 1.46103988e-05
  4.70465094e-04 1.02652110e-03]]","(['chimpanzee', 'rat', 'leopard', 'raccoon', 'giant_panda'], [0.6258541345596313, 0.462008535861969, 0.4370909035205841, 0.42878904938697815, 0.37368571758270264])","[0.6258541345596313, 0.462008535861969, 0.4370909035205841, 0.42878904938697815, 0.37368571758270264]",8,8,"[1.06977241e-05 1.61196658e-06 1.20392760e-05 1.50408732e-05
 3.75572551e-09 1.15527919e-05 3.39882914e-04 2.95690370e-06
 9.66048658e-01 2.03086883e-02 3.70871312e-05 2.36017673e-04
 7.20307798e-05 9.01062135e-03 2.38149473e-03 1.46103985e-05
 4.70465107e-04 1.02652109e-03]"
..\Dataset\artefact2\unseen\rat\rat_10009.jpg,rat,9,mouse,0.9976,"[[4.54601644e-09 4.03831983e-11 2.36429914e-08 1.04631801e-06
  1.04477186e-09 2.20586066e-09 1.42223036e-08 2.29532539e-10
  1.19387036e-07 9.97608595e-01 3.12057977e-12 1.01237260e-03
  9.32887542e-10 2.80546242e-05 1.34926986e-03 4.88960816e-12
  4.88333615e-07 6.54846094e-09]]","(['rat', 'leopard', 'raccoon', 'hippopotamus', 'pig'], [0.5725405812263489, 0.4258768558502197, 0.34460416436195374, 0.3298698663711548, 0.2852146625518799])","[0.5725405812263489, 0.4258768558502197, 0.34460416436195374, 0.3298698663711548, 0.2852146625518799]",8,8,"[4.5460165e-09 4.0383197e-11 2.3642992e-08 1.0463181e-06 1.0447718e-09
 2.2058606e-09 1.4222303e-08 2.2953255e-10 1.1938704e-07 9.9760860e-01
 3.1205797e-12 1.0123726e-03 9.3288754e-10 2.8054625e-05 1.3492699e-03
 4.8896082e-12 4.8833363e-07 6.5484609e-09]"
..\Dataset\artefact2\unseen\rat\rat_10010.jpg,rat,9,mouse,0.511,"[[7.38320829e-07 2.11194219e-05 1.90556363e-06 2.48869926e-05
  4.56419477e-05 2.39442241e-06 1.24900271e-03 2.72439132e-07
  4.70007795e-01 5.10983193e-01 7.70582351e-07 9.56096553e-07
  2.31156677e-06 2.49999142e-05 1.41270913e-05 9.23373009e-05
  5.43774424e-05 1.74731711e-02]]","(['rat', 'leopard', 'raccoon', 'hippopotamus', 'pig'], [0.5725405812263489, 0.4258768558502197, 0.34460416436195374, 0.3298698663711548, 0.2852146625518799])","[0.5725405812263489, 0.4258768558502197, 0.34460416436195374, 0.3298698663711548, 0.2852146625518799]",8,8,"[7.3832081e-07 2.1119422e-05 1.9055636e-06 2.4886993e-05 4.5641948e-05
 2.3944224e-06 1.2490028e-03 2.7243914e-07 4.7000781e-01 5.1098317e-01
 7.7058235e-07 9.5609653e-07 2.3115667e-06 2.4999914e-05 1.4127091e-05
 9.2337301e-05 5.4377444e-05 1.7473171e-02]"
..\Dataset\artefact2\unseen\seal\seal_10001.jpg,seal,17,walrus,0.987,"[[1.21977049e-05 7.55842333e-03 8.59445204e-08 1.24616124e-08
  1.27922623e-06 4.43549617e-08 2.83820799e-03 8.33135282e-06
  2.17695418e-08 6.02657765e-09 2.95364291e-09 8.72363046e-09
  2.59562200e-03 8.93245987e-09 1.90864150e-06 1.30189181e-06
  3.93508153e-07 9.86982143e-01]]","(['humpback_whale', 'leopard', 'persian_cat', 'raccoon', 'rat'], [0.39619892835617065, 0.3818282186985016, 0.3737187683582306, 0.3706657886505127, 0.33637791872024536])","[0.39619892835617065, 0.3818282186985016, 0.3737187683582306, 0.3706657886505127, 0.33637791872024536]",3,9,"[1.2197705e-05 7.5584236e-03 8.5944521e-08 1.2461612e-08 1.2792262e-06
 4.4354962e-08 2.8382079e-03 8.3313525e-06 2.1769543e-08 6.0265775e-09
 2.9536429e-09 8.7236307e-09 2.5956221e-03 8.9324601e-09 1.9086415e-06
 1.3018918e-06 3.9350815e-07 9.8698217e-01]"
..\Dataset\artefact2\unseen\seal\seal_10002.jpg,seal,17,walrus,0.7377,"[[4.31570908e-06 9.86012653e-11 3.71264548e-09 8.91975305e-14
  1.55186831e-07 3.64104072e-06 2.74748574e-08 6.57078438e-06
  1.03296098e-09 1.57805909e-08 1.47039851e-07 1.19917964e-10
  2.62274666e-01 3.35729036e-09 7.71946916e-08 1.31617147e-07
  2.79180811e-08 7.37710216e-01]]","(['humpback_whale', 'leopard', 'persian_cat', 'raccoon', 'rat'], [0.39619892835617065, 0.3818282186985016, 0.3737187683582306, 0.3706657886505127, 0.33637791872024536])","[0.39619892835617065, 0.3818282186985016, 0.3737187683582306, 0.3706657886505127, 0.33637791872024536]",3,9,"[4.3157092e-06 9.8601266e-11 3.7126455e-09 8.9197530e-14 1.5518683e-07
 3.6410406e-06 2.7474858e-08 6.5707845e-06 1.0329609e-09 1.5780591e-08
 1.4703986e-07 1.1991796e-10 2.6227465e-01 3.3572904e-09 7.7194692e-08
 1.3161714e-07 2.7918080e-08 7.3771024e-01]"
..\Dataset\artefact2\unseen\seal\seal_10003.jpg,seal,12,rhinoceros,0.8498,"[[1.16915423e-07 6.75263112e-13 3.34779582e-09 4.97700566e-14
  2.23320557e-04 1.80421424e-06 1.21510504e-07 8.05607801e-08
  2.04335406e-09 2.04190261e-07 2.81733672e-03 3.22167322e-09
  8.49781659e-01 6.30503295e-07 3.14603506e-08 2.16806142e-09
  4.01798565e-06 1.47170665e-01]]","(['raccoon', 'hippopotamus', 'humpback_whale', 'leopard', 'chimpanzee'], [0.506761372089386, 0.4227175712585449, 0.4062507152557373, 0.3877637982368469, 0.336003839969635])","[0.506761372089386, 0.4227175712585449, 0.4062507152557373, 0.3877637982368469, 0.336003839969635]",7,9,"[1.1691542e-07 6.7526312e-13 3.3477958e-09 4.9770057e-14 2.2332056e-04
 1.8042142e-06 1.2151051e-07 8.0560781e-08 2.0433542e-09 2.0419026e-07
 2.8173367e-03 3.2216732e-09 8.4978163e-01 6.3050328e-07 3.1460349e-08
 2.1680615e-09 4.0179857e-06 1.4717066e-01]"
..\Dataset\artefact2\unseen\seal\seal_10004.jpg,seal,17,walrus,0.9981,"[[2.29066314e-06 1.82073633e-03 2.20227747e-09 1.65837170e-11
  2.87973249e-06 4.78367993e-09 2.20546863e-05 1.80572079e-07
  4.00904846e-10 1.54064820e-09 4.65698621e-08 3.29554720e-09
  4.27874502e-06 3.62328690e-09 6.12953414e-08 3.85390328e-09
  2.11776999e-08 9.98147431e-01]]","(['humpback_whale', 'leopard', 'persian_cat', 'raccoon', 'rat'], [0.39619892835617065, 0.3818282186985016, 0.3737187683582306, 0.3706657886505127, 0.33637791872024536])","[0.39619892835617065, 0.3818282186985016, 0.3737187683582306, 0.3706657886505127, 0.33637791872024536]",3,9,"[2.2906631e-06 1.8207363e-03 2.2022775e-09 1.6583717e-11 2.8797324e-06
 4.7836801e-09 2.2054686e-05 1.8057207e-07 4.0090484e-10 1.5406482e-09
 4.6569863e-08 3.2955472e-09 4.2787451e-06 3.6232870e-09 6.1295339e-08
 3.8539034e-09 2.1177700e-08 9.9814743e-01]"
..\Dataset\artefact2\unseen\seal\seal_10005.jpg,seal,17,walrus,0.9572,"[[9.19371886e-05 7.77263410e-11 2.42779580e-07 1.94525074e-04
  1.54270391e-05 3.56005065e-05 4.01804815e-06 2.21448558e-09
  3.15517036e-07 2.36344075e-03 6.92212590e-11 5.98009442e-05
  9.09005605e-08 9.66310065e-04 1.26373834e-09 2.85755424e-11
  3.90735468e-02 9.57194741e-01]]","(['humpback_whale', 'leopard', 'persian_cat', 'raccoon', 'rat'], [0.39619892835617065, 0.3818282186985016, 0.3737187683582306, 0.3706657886505127, 0.33637791872024536])","[0.39619892835617065, 0.3818282186985016, 0.3737187683582306, 0.3706657886505127, 0.33637791872024536]",3,9,"[9.1937189e-05 7.7726339e-11 2.4277958e-07 1.9452507e-04 1.5427038e-05
 3.5600508e-05 4.0180480e-06 2.2144855e-09 3.1551704e-07 2.3634408e-03
 6.9221261e-11 5.9800943e-05 9.0900564e-08 9.6631009e-04 1.2637383e-09
 2.8575543e-11 3.9073545e-02 9.5719475e-01]"
..\Dataset\artefact2\unseen\seal\seal_10006.jpg,seal,17,walrus,0.712,"[[5.82043561e-05 5.03231709e-08 9.47812635e-07 1.14510081e-07
  4.46959288e-08 3.41694627e-05 2.83075469e-07 2.22931225e-04
  2.51195543e-05 2.42165275e-06 3.00636566e-06 8.42993101e-09
  2.87607396e-01 3.80895062e-06 7.00261624e-07 9.77540641e-07
  7.41578702e-06 7.12032400e-01]]","(['humpback_whale', 'leopard', 'persian_cat', 'raccoon', 'rat'], [0.39619892835617065, 0.3818282186985016, 0.3737187683582306, 0.3706657886505127, 0.33637791872024536])","[0.39619892835617065, 0.3818282186985016, 0.3737187683582306, 0.3706657886505127, 0.33637791872024536]",3,9,"[5.8204358e-05 5.0323170e-08 9.4781262e-07 1.1451008e-07 4.4695931e-08
 3.4169461e-05 2.8307548e-07 2.2293122e-04 2.5119554e-05 2.4216527e-06
 3.0063657e-06 8.4299314e-09 2.8760740e-01 3.8089506e-06 7.0026164e-07
 9.7754059e-07 7.4157870e-06 7.1203238e-01]"
..\Dataset\artefact2\unseen\seal\seal_10007.jpg,seal,17,walrus,0.6749,"[[3.08756740e-03 8.28129666e-03 1.58749196e-04 1.62464162e-05
  4.07343045e-04 1.41462433e-04 2.58039811e-01 2.61783062e-02
  8.11387181e-04 7.57919155e-05 1.15147082e-06 3.04409994e-05
  2.05250542e-02 3.42779597e-05 3.75993620e-04 6.61114673e-03
  3.71046753e-04 6.74852927e-01]]","(['humpback_whale', 'leopard', 'persian_cat', 'raccoon', 'rat'], [0.39619892835617065, 0.3818282186985016, 0.3737187683582306, 0.3706657886505127, 0.33637791872024536])","[0.39619892835617065, 0.3818282186985016, 0.3737187683582306, 0.3706657886505127, 0.33637791872024536]",3,9,"[3.0875674e-03 8.2812971e-03 1.5874920e-04 1.6246417e-05 4.0734303e-04
 1.4146243e-04 2.5803980e-01 2.6178306e-02 8.1138720e-04 7.5791919e-05
 1.1514708e-06 3.0440999e-05 2.0525055e-02 3.4277960e-05 3.7599361e-04
 6.6111465e-03 3.7104674e-04 6.7485291e-01]"
..\Dataset\artefact2\unseen\seal\seal_10008.jpg,seal,17,walrus,0.6511,"[[6.84822188e-03 8.69866309e-04 7.21903202e-07 1.25242950e-06
  9.07959816e-05 8.09668109e-05 5.28471299e-03 6.03509084e-05
  1.61395897e-06 1.37070660e-04 5.31581080e-06 1.25111969e-04
  3.28517155e-01 4.41003215e-06 6.71214619e-03 4.93614211e-05
  6.61538343e-05 6.51144772e-01]]","(['humpback_whale', 'leopard', 'persian_cat', 'raccoon', 'rat'], [0.39619892835617065, 0.3818282186985016, 0.3737187683582306, 0.3706657886505127, 0.33637791872024536])","[0.39619892835617065, 0.3818282186985016, 0.3737187683582306, 0.3706657886505127, 0.33637791872024536]",3,9,"[6.8482221e-03 8.6986629e-04 7.2190318e-07 1.2524295e-06 9.0795984e-05
 8.0966813e-05 5.2847131e-03 6.0350907e-05 1.6139589e-06 1.3707066e-04
 5.3158110e-06 1.2511197e-04 3.2851717e-01 4.4100320e-06 6.7121461e-03
 4.9361421e-05 6.6153836e-05 6.5114474e-01]"
..\Dataset\artefact2\unseen\seal\seal_10009.jpg,seal,17,walrus,0.9913,"[[8.14667424e-07 2.57348817e-05 1.15658434e-08 2.63465320e-08
  2.56936790e-07 2.44828855e-05 1.00643082e-06 6.58277952e-05
  1.56031131e-09 2.47915862e-06 8.05876156e-07 3.35621652e-07
  8.59293518e-03 3.11280843e-08 7.57229171e-07 2.44375081e-07
  1.81885534e-07 9.91284066e-01]]","(['humpback_whale', 'leopard', 'persian_cat', 'raccoon', 'rat'], [0.39619892835617065, 0.3818282186985016, 0.3737187683582306, 0.3706657886505127, 0.33637791872024536])","[0.39619892835617065, 0.3818282186985016, 0.3737187683582306, 0.3706657886505127, 0.33637791872024536]",3,9,"[8.1466743e-07 2.5734882e-05 1.1565843e-08 2.6346532e-08 2.5693680e-07
 2.4482886e-05 1.0064308e-06 6.5827793e-05 1.5603113e-09 2.4791586e-06
 8.0587614e-07 3.3562165e-07 8.5929353e-03 3.1128085e-08 7.5722915e-07
 2.4437509e-07 1.8188554e-07 9.9128407e-01]"
..\Dataset\artefact2\unseen\seal\seal_10010.jpg,seal,17,walrus,0.9951,"[[2.40495484e-04 2.27553743e-06 1.09831545e-06 1.24415968e-05
  1.37346424e-05 6.26465757e-05 2.68308846e-03 6.84894443e-07
  5.33330854e-06 3.09742796e-05 2.37866056e-10 2.15746471e-06
  1.80942356e-04 1.48582124e-05 1.53436309e-03 4.45933970e-07
  8.51892285e-05 9.95129270e-01]]","(['humpback_whale', 'leopard', 'persian_cat', 'raccoon', 'rat'], [0.39619892835617065, 0.3818282186985016, 0.3737187683582306, 0.3706657886505127, 0.33637791872024536])","[0.39619892835617065, 0.3818282186985016, 0.3737187683582306, 0.3706657886505127, 0.33637791872024536]",3,9,"[2.40495487e-04 2.27553733e-06 1.09831547e-06 1.24415965e-05
 1.37346424e-05 6.26465771e-05 2.68308842e-03 6.84894417e-07
 5.33330876e-06 3.09742791e-05 2.37866060e-10 2.15746468e-06
 1.80942356e-04 1.48582121e-05 1.53436314e-03 4.45933978e-07
 8.51892255e-05 9.95129287e-01]"
