image_path,class_name,pred_image_label,act_label,pred_label,similar_words
..\Dataset\artefact1\test\rabbit\rabbit_10045.jpg,rabbit,rabbit,11,11,"['bull', 'wolf', 'horse', 'deer', 'cow']"
..\Dataset\artefact1\test\rabbit\rabbit_10046.jpg,rabbit,rabbit,11,11,"['bull', 'wolf', 'horse', 'deer', 'cow']"
..\Dataset\artefact1\test\rabbit\rabbit_10047.jpg,rabbit,rabbit,11,11,"['bull', 'wolf', 'horse', 'deer', 'cow']"
..\Dataset\artefact1\test\rabbit\rabbit_10048.jpg,rabbit,rabbit,11,11,"['bull', 'wolf', 'horse', 'deer', 'cow']"
..\Dataset\artefact1\test\rabbit\rabbit_10049.jpg,rabbit,rabbit,11,11,"['bull', 'wolf', 'horse', 'deer', 'cow']"
..\Dataset\artefact1\test\rabbit\rabbit_10050.jpg,rabbit,rabbit,11,11,"['bull', 'wolf', 'horse', 'deer', 'cow']"
..\Dataset\artefact1\test\rabbit\rabbit_10051.jpg,rabbit,mouse,11,9,"['pig', 'cow', 'spider monkey', 'spider', 'bull']"
..\Dataset\artefact1\test\rabbit\rabbit_10052.jpg,rabbit,rabbit,11,11,"['bull', 'wolf', 'horse', 'deer', 'cow']"
