image_path,image_label,pred_image_label,act_label,pred_label
D:\ZSL\CNN\Test_TRIAL_DATASET_1-CLASS_1\chimpanzee\chimpanzee_10001.jpg,chimpanzee,monkey,18,8
D:\ZSL\CNN\Test_TRIAL_DATASET_1-CLASS_1\chimpanzee\chimpanzee_10002.jpg,chimpanzee,gorilla,18,5
D:\ZSL\CNN\Test_TRIAL_DATASET_1-CLASS_1\chimpanzee\chimpanzee_10003.jpg,chimpanzee,monkey,18,8
D:\ZSL\CNN\Test_TRIAL_DATASET_1-CLASS_1\chimpanzee\chimpanzee_10004.jpg,chimpanzee,gorilla,18,5
D:\ZSL\CNN\Test_TRIAL_DATASET_1-CLASS_1\chimpanzee\chimpanzee_10005.jpg,chimpanzee,monkey,18,8
D:\ZSL\CNN\Test_TRIAL_DATASET_1-CLASS_1\chimpanzee\chimpanzee_10006.jpg,chimpanzee,walrus,18,17
D:\ZSL\CNN\Test_TRIAL_DATASET_1-CLASS_1\chimpanzee\chimpanzee_10007.jpg,chimpanzee,monkey,18,8
D:\ZSL\CNN\Test_TRIAL_DATASET_1-CLASS_1\chimpanzee\chimpanzee_10008.jpg,chimpanzee,monkey,18,8
D:\ZSL\CNN\Test_TRIAL_DATASET_1-CLASS_1\chimpanzee\chimpanzee_10009.jpg,chimpanzee,ox,18,10
D:\ZSL\CNN\Test_TRIAL_DATASET_1-CLASS_1\chimpanzee\chimpanzee_10010.jpg,chimpanzee,monkey,18,8
D:\ZSL\CNN\Test_TRIAL_DATASET_1-CLASS_1\chimpanzee\chimpanzee_10011.jpg,chimpanzee,monkey,18,8
D:\ZSL\CNN\Test_TRIAL_DATASET_1-CLASS_1\chimpanzee\chimpanzee_10012.jpg,chimpanzee,monkey,18,8
D:\ZSL\CNN\Test_TRIAL_DATASET_1-CLASS_1\chimpanzee\chimpanzee_10013.jpg,chimpanzee,gorilla,18,5
D:\ZSL\CNN\Test_TRIAL_DATASET_1-CLASS_1\chimpanzee\chimpanzee_10014.jpg,chimpanzee,monkey,18,8
D:\ZSL\CNN\Test_TRIAL_DATASET_1-CLASS_1\chimpanzee\chimpanzee_10015.jpg,chimpanzee,monkey,18,8
D:\ZSL\CNN\Test_TRIAL_DATASET_1-CLASS_1\chimpanzee\chimpanzee_10016.jpg,chimpanzee,gorilla,18,5
D:\ZSL\CNN\Test_TRIAL_DATASET_1-CLASS_1\chimpanzee\chimpanzee_10017.jpg,chimpanzee,gorilla,18,5
D:\ZSL\CNN\Test_TRIAL_DATASET_1-CLASS_1\chimpanzee\chimpanzee_10018.jpg,chimpanzee,monkey,18,8
D:\ZSL\CNN\Test_TRIAL_DATASET_1-CLASS_1\chimpanzee\chimpanzee_10019.jpg,chimpanzee,gorilla,18,5
D:\ZSL\CNN\Test_TRIAL_DATASET_1-CLASS_1\chimpanzee\chimpanzee_10020.jpg,chimpanzee,gorilla,18,5
D:\ZSL\CNN\Test_TRIAL_DATASET_1-CLASS_1\chimpanzee\chimpanzee_10021.jpg,chimpanzee,gorilla,18,5
D:\ZSL\CNN\Test_TRIAL_DATASET_1-CLASS_1\chimpanzee\chimpanzee_10022.jpg,chimpanzee,monkey,18,8
D:\ZSL\CNN\Test_TRIAL_DATASET_1-CLASS_1\chimpanzee\chimpanzee_10023.jpg,chimpanzee,monkey,18,8
D:\ZSL\CNN\Test_TRIAL_DATASET_1-CLASS_1\chimpanzee\chimpanzee_10024.jpg,chimpanzee,monkey,18,8
D:\ZSL\CNN\Test_TRIAL_DATASET_1-CLASS_1\chimpanzee\chimpanzee_10025.jpg,chimpanzee,gorilla,18,5
D:\ZSL\CNN\Test_TRIAL_DATASET_1-CLASS_1\chimpanzee\chimpanzee_10026.jpg,chimpanzee,gorilla,18,5
D:\ZSL\CNN\Test_TRIAL_DATASET_1-CLASS_1\chimpanzee\chimpanzee_10027.jpg,chimpanzee,gorilla,18,5
D:\ZSL\CNN\Test_TRIAL_DATASET_1-CLASS_1\chimpanzee\chimpanzee_10028.jpg,chimpanzee,cow,18,3
D:\ZSL\CNN\Test_TRIAL_DATASET_1-CLASS_1\chimpanzee\chimpanzee_10029.jpg,chimpanzee,gorilla,18,5
D:\ZSL\CNN\Test_TRIAL_DATASET_1-CLASS_1\chimpanzee\chimpanzee_10030.jpg,chimpanzee,gorilla,18,5
D:\ZSL\CNN\Test_TRIAL_DATASET_1-CLASS_1\chimpanzee\chimpanzee_10031.jpg,chimpanzee,monkey,18,8
D:\ZSL\CNN\Test_TRIAL_DATASET_1-CLASS_1\chimpanzee\chimpanzee_10032.jpg,chimpanzee,monkey,18,8
D:\ZSL\CNN\Test_TRIAL_DATASET_1-CLASS_1\chimpanzee\chimpanzee_10033.jpg,chimpanzee,gorilla,18,5
D:\ZSL\CNN\Test_TRIAL_DATASET_1-CLASS_1\chimpanzee\chimpanzee_10034.jpg,chimpanzee,monkey,18,8
D:\ZSL\CNN\Test_TRIAL_DATASET_1-CLASS_1\chimpanzee\chimpanzee_10035.jpg,chimpanzee,monkey,18,8
D:\ZSL\CNN\Test_TRIAL_DATASET_1-CLASS_1\chimpanzee\chimpanzee_10036.jpg,chimpanzee,gorilla,18,5
D:\ZSL\CNN\Test_TRIAL_DATASET_1-CLASS_1\chimpanzee\chimpanzee_10037.jpg,chimpanzee,monkey,18,8
D:\ZSL\CNN\Test_TRIAL_DATASET_1-CLASS_1\chimpanzee\chimpanzee_10038.jpg,chimpanzee,monkey,18,8
D:\ZSL\CNN\Test_TRIAL_DATASET_1-CLASS_1\chimpanzee\chimpanzee_10039.jpg,chimpanzee,gorilla,18,5
D:\ZSL\CNN\Test_TRIAL_DATASET_1-CLASS_1\chimpanzee\chimpanzee_10040.jpg,chimpanzee,monkey,18,8
D:\ZSL\CNN\Test_TRIAL_DATASET_1-CLASS_1\chimpanzee\chimpanzee_10041.jpg,chimpanzee,monkey,18,8
D:\ZSL\CNN\Test_TRIAL_DATASET_1-CLASS_1\chimpanzee\chimpanzee_10042.jpg,chimpanzee,walrus,18,17
D:\ZSL\CNN\Test_TRIAL_DATASET_1-CLASS_1\chimpanzee\chimpanzee_10043.jpg,chimpanzee,gorilla,18,5
D:\ZSL\CNN\Test_TRIAL_DATASET_1-CLASS_1\chimpanzee\chimpanzee_10044.jpg,chimpanzee,gorilla,18,5
D:\ZSL\CNN\Test_TRIAL_DATASET_1-CLASS_1\chimpanzee\chimpanzee_10045.jpg,chimpanzee,gorilla,18,5
D:\ZSL\CNN\Test_TRIAL_DATASET_1-CLASS_1\chimpanzee\chimpanzee_10046.jpg,chimpanzee,gorilla,18,5
D:\ZSL\CNN\Test_TRIAL_DATASET_1-CLASS_1\chimpanzee\chimpanzee_10047.jpg,chimpanzee,monkey,18,8
D:\ZSL\CNN\Test_TRIAL_DATASET_1-CLASS_1\chimpanzee\chimpanzee_10048.jpg,chimpanzee,monkey,18,8
D:\ZSL\CNN\Test_TRIAL_DATASET_1-CLASS_1\chimpanzee\chimpanzee_10049.jpg,chimpanzee,gorilla,18,5
D:\ZSL\CNN\Test_TRIAL_DATASET_1-CLASS_1\chimpanzee\chimpanzee_10050.jpg,chimpanzee,monkey,18,8
D:\ZSL\CNN\Test_TRIAL_DATASET_1-CLASS_1\chimpanzee\chimpanzee_10051.jpg,chimpanzee,monkey,18,8
D:\ZSL\CNN\Test_TRIAL_DATASET_1-CLASS_1\chimpanzee\chimpanzee_10052.jpg,chimpanzee,gorilla,18,5
D:\ZSL\CNN\Test_TRIAL_DATASET_1-CLASS_1\chimpanzee\chimpanzee_10053.jpg,chimpanzee,gorilla,18,5
D:\ZSL\CNN\Test_TRIAL_DATASET_1-CLASS_1\chimpanzee\chimpanzee_10054.jpg,chimpanzee,walrus,18,17
D:\ZSL\CNN\Test_TRIAL_DATASET_1-CLASS_1\chimpanzee\chimpanzee_10055.jpg,chimpanzee,mouse,18,9
D:\ZSL\CNN\Test_TRIAL_DATASET_1-CLASS_1\chimpanzee\chimpanzee_10056.jpg,chimpanzee,gorilla,18,5
D:\ZSL\CNN\Test_TRIAL_DATASET_1-CLASS_1\chimpanzee\chimpanzee_10057.jpg,chimpanzee,monkey,18,8
D:\ZSL\CNN\Test_TRIAL_DATASET_1-CLASS_1\chimpanzee\chimpanzee_10058.jpg,chimpanzee,monkey,18,8
D:\ZSL\CNN\Test_TRIAL_DATASET_1-CLASS_1\chimpanzee\chimpanzee_10059.jpg,chimpanzee,monkey,18,8
D:\ZSL\CNN\Test_TRIAL_DATASET_1-CLASS_1\chimpanzee\chimpanzee_10060.jpg,chimpanzee,bear,18,0
D:\ZSL\CNN\Test_TRIAL_DATASET_1-CLASS_1\chimpanzee\chimpanzee_10061.jpg,chimpanzee,lion,18,7
D:\ZSL\CNN\Test_TRIAL_DATASET_1-CLASS_1\chimpanzee\chimpanzee_10062.jpg,chimpanzee,gorilla,18,5
D:\ZSL\CNN\Test_TRIAL_DATASET_1-CLASS_1\chimpanzee\chimpanzee_10063.jpg,chimpanzee,gorilla,18,5
D:\ZSL\CNN\Test_TRIAL_DATASET_1-CLASS_1\chimpanzee\chimpanzee_10064.jpg,chimpanzee,gorilla,18,5
D:\ZSL\CNN\Test_TRIAL_DATASET_1-CLASS_1\chimpanzee\chimpanzee_10065.jpg,chimpanzee,gorilla,18,5
D:\ZSL\CNN\Test_TRIAL_DATASET_1-CLASS_1\chimpanzee\chimpanzee_10066.jpg,chimpanzee,monkey,18,8
D:\ZSL\CNN\Test_TRIAL_DATASET_1-CLASS_1\chimpanzee\chimpanzee_10067.jpg,chimpanzee,monkey,18,8
D:\ZSL\CNN\Test_TRIAL_DATASET_1-CLASS_1\chimpanzee\chimpanzee_10068.jpg,chimpanzee,gorilla,18,5
D:\ZSL\CNN\Test_TRIAL_DATASET_1-CLASS_1\chimpanzee\chimpanzee_10069.jpg,chimpanzee,gorilla,18,5
D:\ZSL\CNN\Test_TRIAL_DATASET_1-CLASS_1\chimpanzee\chimpanzee_10070.jpg,chimpanzee,monkey,18,8
D:\ZSL\CNN\Test_TRIAL_DATASET_1-CLASS_1\chimpanzee\chimpanzee_10071.jpg,chimpanzee,monkey,18,8
D:\ZSL\CNN\Test_TRIAL_DATASET_1-CLASS_1\chimpanzee\chimpanzee_10072.jpg,chimpanzee,gorilla,18,5
D:\ZSL\CNN\Test_TRIAL_DATASET_1-CLASS_1\chimpanzee\chimpanzee_10073.jpg,chimpanzee,monkey,18,8
D:\ZSL\CNN\Test_TRIAL_DATASET_1-CLASS_1\chimpanzee\chimpanzee_10074.jpg,chimpanzee,gorilla,18,5
D:\ZSL\CNN\Test_TRIAL_DATASET_1-CLASS_1\chimpanzee\chimpanzee_10075.jpg,chimpanzee,cow,18,3
D:\ZSL\CNN\Test_TRIAL_DATASET_1-CLASS_1\chimpanzee\chimpanzee_10076.jpg,chimpanzee,cow,18,3
D:\ZSL\CNN\Test_TRIAL_DATASET_1-CLASS_1\chimpanzee\chimpanzee_10077.jpg,chimpanzee,monkey,18,8
D:\ZSL\CNN\Test_TRIAL_DATASET_1-CLASS_1\chimpanzee\chimpanzee_10078.jpg,chimpanzee,gorilla,18,5
D:\ZSL\CNN\Test_TRIAL_DATASET_1-CLASS_1\chimpanzee\chimpanzee_10079.jpg,chimpanzee,monkey,18,8
D:\ZSL\CNN\Test_TRIAL_DATASET_1-CLASS_1\chimpanzee\chimpanzee_10080.jpg,chimpanzee,monkey,18,8
D:\ZSL\CNN\Test_TRIAL_DATASET_1-CLASS_1\chimpanzee\chimpanzee_10081.jpg,chimpanzee,gorilla,18,5
D:\ZSL\CNN\Test_TRIAL_DATASET_1-CLASS_1\chimpanzee\chimpanzee_10082.jpg,chimpanzee,gorilla,18,5
D:\ZSL\CNN\Test_TRIAL_DATASET_1-CLASS_1\chimpanzee\chimpanzee_10083.jpg,chimpanzee,gorilla,18,5
D:\ZSL\CNN\Test_TRIAL_DATASET_1-CLASS_1\chimpanzee\chimpanzee_10084.jpg,chimpanzee,gorilla,18,5
D:\ZSL\CNN\Test_TRIAL_DATASET_1-CLASS_1\chimpanzee\chimpanzee_10085.jpg,chimpanzee,gorilla,18,5
D:\ZSL\CNN\Test_TRIAL_DATASET_1-CLASS_1\chimpanzee\chimpanzee_10086.jpg,chimpanzee,gorilla,18,5
D:\ZSL\CNN\Test_TRIAL_DATASET_1-CLASS_1\chimpanzee\chimpanzee_10087.jpg,chimpanzee,gorilla,18,5
D:\ZSL\CNN\Test_TRIAL_DATASET_1-CLASS_1\chimpanzee\chimpanzee_10088.jpg,chimpanzee,gorilla,18,5
D:\ZSL\CNN\Test_TRIAL_DATASET_1-CLASS_1\chimpanzee\chimpanzee_10089.jpg,chimpanzee,gorilla,18,5
D:\ZSL\CNN\Test_TRIAL_DATASET_1-CLASS_1\chimpanzee\chimpanzee_10090.jpg,chimpanzee,gorilla,18,5
D:\ZSL\CNN\Test_TRIAL_DATASET_1-CLASS_1\chimpanzee\chimpanzee_10091.jpg,chimpanzee,monkey,18,8
D:\ZSL\CNN\Test_TRIAL_DATASET_1-CLASS_1\chimpanzee\chimpanzee_10092.jpg,chimpanzee,gorilla,18,5
D:\ZSL\CNN\Test_TRIAL_DATASET_1-CLASS_1\chimpanzee\chimpanzee_10093.jpg,chimpanzee,monkey,18,8
D:\ZSL\CNN\Test_TRIAL_DATASET_1-CLASS_1\chimpanzee\chimpanzee_10094.jpg,chimpanzee,monkey,18,8
D:\ZSL\CNN\Test_TRIAL_DATASET_1-CLASS_1\chimpanzee\chimpanzee_10095.jpg,chimpanzee,monkey,18,8
D:\ZSL\CNN\Test_TRIAL_DATASET_1-CLASS_1\chimpanzee\chimpanzee_10096.jpg,chimpanzee,monkey,18,8
D:\ZSL\CNN\Test_TRIAL_DATASET_1-CLASS_1\chimpanzee\chimpanzee_10097.jpg,chimpanzee,gorilla,18,5
D:\ZSL\CNN\Test_TRIAL_DATASET_1-CLASS_1\chimpanzee\chimpanzee_10098.jpg,chimpanzee,gorilla,18,5
D:\ZSL\CNN\Test_TRIAL_DATASET_1-CLASS_1\chimpanzee\chimpanzee_10099.jpg,chimpanzee,gorilla,18,5
D:\ZSL\CNN\Test_TRIAL_DATASET_1-CLASS_1\chimpanzee\chimpanzee_10100.jpg,chimpanzee,gorilla,18,5
D:\ZSL\CNN\Test_TRIAL_DATASET_1-CLASS_1\chimpanzee\chimpanzee_10101.jpg,chimpanzee,gorilla,18,5
D:\ZSL\CNN\Test_TRIAL_DATASET_1-CLASS_1\chimpanzee\chimpanzee_10102.jpg,chimpanzee,gorilla,18,5
D:\ZSL\CNN\Test_TRIAL_DATASET_1-CLASS_1\chimpanzee\chimpanzee_10103.jpg,chimpanzee,gorilla,18,5
D:\ZSL\CNN\Test_TRIAL_DATASET_1-CLASS_1\chimpanzee\chimpanzee_10104.jpg,chimpanzee,gorilla,18,5
D:\ZSL\CNN\Test_TRIAL_DATASET_1-CLASS_1\chimpanzee\chimpanzee_10105.jpg,chimpanzee,cow,18,3
D:\ZSL\CNN\Test_TRIAL_DATASET_1-CLASS_1\chimpanzee\chimpanzee_10106.jpg,chimpanzee,gorilla,18,5
D:\ZSL\CNN\Test_TRIAL_DATASET_1-CLASS_1\chimpanzee\chimpanzee_10107.jpg,chimpanzee,monkey,18,8
D:\ZSL\CNN\Test_TRIAL_DATASET_1-CLASS_1\chimpanzee\chimpanzee_10108.jpg,chimpanzee,gorilla,18,5
D:\ZSL\CNN\Test_TRIAL_DATASET_1-CLASS_1\chimpanzee\chimpanzee_10109.jpg,chimpanzee,gorilla,18,5
D:\ZSL\CNN\Test_TRIAL_DATASET_1-CLASS_1\chimpanzee\chimpanzee_10110.jpg,chimpanzee,monkey,18,8
D:\ZSL\CNN\Test_TRIAL_DATASET_1-CLASS_1\chimpanzee\chimpanzee_10111.jpg,chimpanzee,monkey,18,8
D:\ZSL\CNN\Test_TRIAL_DATASET_1-CLASS_1\chimpanzee\chimpanzee_10112.jpg,chimpanzee,gorilla,18,5
D:\ZSL\CNN\Test_TRIAL_DATASET_1-CLASS_1\chimpanzee\chimpanzee_10113.jpg,chimpanzee,gorilla,18,5
D:\ZSL\CNN\Test_TRIAL_DATASET_1-CLASS_1\chimpanzee\chimpanzee_10114.jpg,chimpanzee,monkey,18,8
D:\ZSL\CNN\Test_TRIAL_DATASET_1-CLASS_1\chimpanzee\chimpanzee_10115.jpg,chimpanzee,monkey,18,8
D:\ZSL\CNN\Test_TRIAL_DATASET_1-CLASS_1\chimpanzee\chimpanzee_10116.jpg,chimpanzee,ox,18,10
D:\ZSL\CNN\Test_TRIAL_DATASET_1-CLASS_1\chimpanzee\chimpanzee_10117.jpg,chimpanzee,gorilla,18,5
D:\ZSL\CNN\Test_TRIAL_DATASET_1-CLASS_1\chimpanzee\chimpanzee_10118.jpg,chimpanzee,gorilla,18,5
D:\ZSL\CNN\Test_TRIAL_DATASET_1-CLASS_1\chimpanzee\chimpanzee_10119.jpg,chimpanzee,ox,18,10
D:\ZSL\CNN\Test_TRIAL_DATASET_1-CLASS_1\chimpanzee\chimpanzee_10120.jpg,chimpanzee,skunk,18,14
D:\ZSL\CNN\Test_TRIAL_DATASET_1-CLASS_1\chimpanzee\chimpanzee_10121.jpg,chimpanzee,gorilla,18,5
D:\ZSL\CNN\Test_TRIAL_DATASET_1-CLASS_1\chimpanzee\chimpanzee_10122.jpg,chimpanzee,gorilla,18,5
D:\ZSL\CNN\Test_TRIAL_DATASET_1-CLASS_1\chimpanzee\chimpanzee_10123.jpg,chimpanzee,gorilla,18,5
D:\ZSL\CNN\Test_TRIAL_DATASET_1-CLASS_1\chimpanzee\chimpanzee_10124.jpg,chimpanzee,monkey,18,8
D:\ZSL\CNN\Test_TRIAL_DATASET_1-CLASS_1\chimpanzee\chimpanzee_10125.jpg,chimpanzee,skunk,18,14
D:\ZSL\CNN\Test_TRIAL_DATASET_1-CLASS_1\chimpanzee\chimpanzee_10126.jpg,chimpanzee,skunk,18,14
D:\ZSL\CNN\Test_TRIAL_DATASET_1-CLASS_1\chimpanzee\chimpanzee_10127.jpg,chimpanzee,gorilla,18,5
D:\ZSL\CNN\Test_TRIAL_DATASET_1-CLASS_1\chimpanzee\chimpanzee_10128.jpg,chimpanzee,monkey,18,8
D:\ZSL\CNN\Test_TRIAL_DATASET_1-CLASS_1\chimpanzee\chimpanzee_10129.jpg,chimpanzee,gorilla,18,5
D:\ZSL\CNN\Test_TRIAL_DATASET_1-CLASS_1\chimpanzee\chimpanzee_10130.jpg,chimpanzee,monkey,18,8
D:\ZSL\CNN\Test_TRIAL_DATASET_1-CLASS_1\chimpanzee\chimpanzee_10131.jpg,chimpanzee,gorilla,18,5
D:\ZSL\CNN\Test_TRIAL_DATASET_1-CLASS_1\chimpanzee\chimpanzee_10132.jpg,chimpanzee,monkey,18,8
D:\ZSL\CNN\Test_TRIAL_DATASET_1-CLASS_1\chimpanzee\chimpanzee_10133.jpg,chimpanzee,monkey,18,8
D:\ZSL\CNN\Test_TRIAL_DATASET_1-CLASS_1\chimpanzee\chimpanzee_10134.jpg,chimpanzee,gorilla,18,5
D:\ZSL\CNN\Test_TRIAL_DATASET_1-CLASS_1\chimpanzee\chimpanzee_10135.jpg,chimpanzee,gorilla,18,5
D:\ZSL\CNN\Test_TRIAL_DATASET_1-CLASS_1\chimpanzee\chimpanzee_10136.jpg,chimpanzee,monkey,18,8
D:\ZSL\CNN\Test_TRIAL_DATASET_1-CLASS_1\chimpanzee\chimpanzee_10137.jpg,chimpanzee,gorilla,18,5
D:\ZSL\CNN\Test_TRIAL_DATASET_1-CLASS_1\chimpanzee\chimpanzee_10138.jpg,chimpanzee,monkey,18,8
D:\ZSL\CNN\Test_TRIAL_DATASET_1-CLASS_1\chimpanzee\chimpanzee_10139.jpg,chimpanzee,gorilla,18,5
D:\ZSL\CNN\Test_TRIAL_DATASET_1-CLASS_1\chimpanzee\chimpanzee_10140.jpg,chimpanzee,monkey,18,8
D:\ZSL\CNN\Test_TRIAL_DATASET_1-CLASS_1\chimpanzee\chimpanzee_10141.jpg,chimpanzee,gorilla,18,5
D:\ZSL\CNN\Test_TRIAL_DATASET_1-CLASS_1\chimpanzee\chimpanzee_10142.jpg,chimpanzee,monkey,18,8
D:\ZSL\CNN\Test_TRIAL_DATASET_1-CLASS_1\chimpanzee\chimpanzee_10143.jpg,chimpanzee,gorilla,18,5
D:\ZSL\CNN\Test_TRIAL_DATASET_1-CLASS_1\chimpanzee\chimpanzee_10144.jpg,chimpanzee,monkey,18,8
D:\ZSL\CNN\Test_TRIAL_DATASET_1-CLASS_1\chimpanzee\chimpanzee_10145.jpg,chimpanzee,gorilla,18,5
D:\ZSL\CNN\Test_TRIAL_DATASET_1-CLASS_1\chimpanzee\chimpanzee_10146.jpg,chimpanzee,gorilla,18,5
D:\ZSL\CNN\Test_TRIAL_DATASET_1-CLASS_1\chimpanzee\chimpanzee_10147.jpg,chimpanzee,gorilla,18,5
D:\ZSL\CNN\Test_TRIAL_DATASET_1-CLASS_1\chimpanzee\chimpanzee_10148.jpg,chimpanzee,gorilla,18,5
D:\ZSL\CNN\Test_TRIAL_DATASET_1-CLASS_1\chimpanzee\chimpanzee_10149.jpg,chimpanzee,lion,18,7
D:\ZSL\CNN\Test_TRIAL_DATASET_1-CLASS_1\chimpanzee\chimpanzee_10150.jpg,chimpanzee,gorilla,18,5
D:\ZSL\CNN\Test_TRIAL_DATASET_1-CLASS_1\chimpanzee\chimpanzee_10151.jpg,chimpanzee,gorilla,18,5
D:\ZSL\CNN\Test_TRIAL_DATASET_1-CLASS_1\chimpanzee\chimpanzee_10152.jpg,chimpanzee,monkey,18,8
D:\ZSL\CNN\Test_TRIAL_DATASET_1-CLASS_1\chimpanzee\chimpanzee_10153.jpg,chimpanzee,monkey,18,8
D:\ZSL\CNN\Test_TRIAL_DATASET_1-CLASS_1\chimpanzee\chimpanzee_10154.jpg,chimpanzee,gorilla,18,5
D:\ZSL\CNN\Test_TRIAL_DATASET_1-CLASS_1\chimpanzee\chimpanzee_10155.jpg,chimpanzee,monkey,18,8
D:\ZSL\CNN\Test_TRIAL_DATASET_1-CLASS_1\chimpanzee\chimpanzee_10156.jpg,chimpanzee,gorilla,18,5
D:\ZSL\CNN\Test_TRIAL_DATASET_1-CLASS_1\chimpanzee\chimpanzee_10157.jpg,chimpanzee,monkey,18,8
D:\ZSL\CNN\Test_TRIAL_DATASET_1-CLASS_1\chimpanzee\chimpanzee_10158.jpg,chimpanzee,lion,18,7
D:\ZSL\CNN\Test_TRIAL_DATASET_1-CLASS_1\chimpanzee\chimpanzee_10159.jpg,chimpanzee,gorilla,18,5
D:\ZSL\CNN\Test_TRIAL_DATASET_1-CLASS_1\chimpanzee\chimpanzee_10160.jpg,chimpanzee,gorilla,18,5
D:\ZSL\CNN\Test_TRIAL_DATASET_1-CLASS_1\chimpanzee\chimpanzee_10161.jpg,chimpanzee,monkey,18,8
D:\ZSL\CNN\Test_TRIAL_DATASET_1-CLASS_1\chimpanzee\chimpanzee_10162.jpg,chimpanzee,gorilla,18,5
D:\ZSL\CNN\Test_TRIAL_DATASET_1-CLASS_1\chimpanzee\chimpanzee_10163.jpg,chimpanzee,gorilla,18,5
D:\ZSL\CNN\Test_TRIAL_DATASET_1-CLASS_1\chimpanzee\chimpanzee_10164.jpg,chimpanzee,gorilla,18,5
D:\ZSL\CNN\Test_TRIAL_DATASET_1-CLASS_1\chimpanzee\chimpanzee_10165.jpg,chimpanzee,gorilla,18,5
D:\ZSL\CNN\Test_TRIAL_DATASET_1-CLASS_1\chimpanzee\chimpanzee_10166.jpg,chimpanzee,gorilla,18,5
D:\ZSL\CNN\Test_TRIAL_DATASET_1-CLASS_1\chimpanzee\chimpanzee_10167.jpg,chimpanzee,monkey,18,8
D:\ZSL\CNN\Test_TRIAL_DATASET_1-CLASS_1\chimpanzee\chimpanzee_10168.jpg,chimpanzee,gorilla,18,5
D:\ZSL\CNN\Test_TRIAL_DATASET_1-CLASS_1\chimpanzee\chimpanzee_10169.jpg,chimpanzee,monkey,18,8
D:\ZSL\CNN\Test_TRIAL_DATASET_1-CLASS_1\chimpanzee\chimpanzee_10170.jpg,chimpanzee,gorilla,18,5
D:\ZSL\CNN\Test_TRIAL_DATASET_1-CLASS_1\chimpanzee\chimpanzee_10171.jpg,chimpanzee,monkey,18,8
D:\ZSL\CNN\Test_TRIAL_DATASET_1-CLASS_1\chimpanzee\chimpanzee_10172.jpg,chimpanzee,gorilla,18,5
D:\ZSL\CNN\Test_TRIAL_DATASET_1-CLASS_1\chimpanzee\chimpanzee_10173.jpg,chimpanzee,gorilla,18,5
D:\ZSL\CNN\Test_TRIAL_DATASET_1-CLASS_1\chimpanzee\chimpanzee_10174.jpg,chimpanzee,gorilla,18,5
D:\ZSL\CNN\Test_TRIAL_DATASET_1-CLASS_1\chimpanzee\chimpanzee_10175.jpg,chimpanzee,skunk,18,14
D:\ZSL\CNN\Test_TRIAL_DATASET_1-CLASS_1\chimpanzee\chimpanzee_10176.jpg,chimpanzee,gorilla,18,5
D:\ZSL\CNN\Test_TRIAL_DATASET_1-CLASS_1\chimpanzee\chimpanzee_10177.jpg,chimpanzee,gorilla,18,5
D:\ZSL\CNN\Test_TRIAL_DATASET_1-CLASS_1\chimpanzee\chimpanzee_10178.jpg,chimpanzee,gorilla,18,5
D:\ZSL\CNN\Test_TRIAL_DATASET_1-CLASS_1\chimpanzee\chimpanzee_10179.jpg,chimpanzee,gorilla,18,5
D:\ZSL\CNN\Test_TRIAL_DATASET_1-CLASS_1\chimpanzee\chimpanzee_10180.jpg,chimpanzee,gorilla,18,5
D:\ZSL\CNN\Test_TRIAL_DATASET_1-CLASS_1\chimpanzee\chimpanzee_10181.jpg,chimpanzee,gorilla,18,5
D:\ZSL\CNN\Test_TRIAL_DATASET_1-CLASS_1\chimpanzee\chimpanzee_10182.jpg,chimpanzee,gorilla,18,5
D:\ZSL\CNN\Test_TRIAL_DATASET_1-CLASS_1\chimpanzee\chimpanzee_10183.jpg,chimpanzee,gorilla,18,5
D:\ZSL\CNN\Test_TRIAL_DATASET_1-CLASS_1\chimpanzee\chimpanzee_10184.jpg,chimpanzee,gorilla,18,5
D:\ZSL\CNN\Test_TRIAL_DATASET_1-CLASS_1\chimpanzee\chimpanzee_10185.jpg,chimpanzee,gorilla,18,5
D:\ZSL\CNN\Test_TRIAL_DATASET_1-CLASS_1\chimpanzee\chimpanzee_10186.jpg,chimpanzee,walrus,18,17
D:\ZSL\CNN\Test_TRIAL_DATASET_1-CLASS_1\chimpanzee\chimpanzee_10187.jpg,chimpanzee,gorilla,18,5
D:\ZSL\CNN\Test_TRIAL_DATASET_1-CLASS_1\chimpanzee\chimpanzee_10188.jpg,chimpanzee,gorilla,18,5
D:\ZSL\CNN\Test_TRIAL_DATASET_1-CLASS_1\chimpanzee\chimpanzee_10189.jpg,chimpanzee,gorilla,18,5
D:\ZSL\CNN\Test_TRIAL_DATASET_1-CLASS_1\chimpanzee\chimpanzee_10190.jpg,chimpanzee,monkey,18,8
D:\ZSL\CNN\Test_TRIAL_DATASET_1-CLASS_1\chimpanzee\chimpanzee_10191.jpg,chimpanzee,gorilla,18,5
D:\ZSL\CNN\Test_TRIAL_DATASET_1-CLASS_1\chimpanzee\chimpanzee_10192.jpg,chimpanzee,gorilla,18,5
D:\ZSL\CNN\Test_TRIAL_DATASET_1-CLASS_1\chimpanzee\chimpanzee_10193.jpg,chimpanzee,monkey,18,8
D:\ZSL\CNN\Test_TRIAL_DATASET_1-CLASS_1\chimpanzee\chimpanzee_10194.jpg,chimpanzee,monkey,18,8
D:\ZSL\CNN\Test_TRIAL_DATASET_1-CLASS_1\chimpanzee\chimpanzee_10195.jpg,chimpanzee,skunk,18,14
D:\ZSL\CNN\Test_TRIAL_DATASET_1-CLASS_1\chimpanzee\chimpanzee_10196.jpg,chimpanzee,monkey,18,8
D:\ZSL\CNN\Test_TRIAL_DATASET_1-CLASS_1\chimpanzee\chimpanzee_10197.jpg,chimpanzee,gorilla,18,5
D:\ZSL\CNN\Test_TRIAL_DATASET_1-CLASS_1\chimpanzee\chimpanzee_10198.jpg,chimpanzee,monkey,18,8
D:\ZSL\CNN\Test_TRIAL_DATASET_1-CLASS_1\chimpanzee\chimpanzee_10199.jpg,chimpanzee,cow,18,3
D:\ZSL\CNN\Test_TRIAL_DATASET_1-CLASS_1\chimpanzee\chimpanzee_10200.jpg,chimpanzee,gorilla,18,5
D:\ZSL\CNN\Test_TRIAL_DATASET_1-CLASS_1\chimpanzee\chimpanzee_10201.jpg,chimpanzee,walrus,18,17
D:\ZSL\CNN\Test_TRIAL_DATASET_1-CLASS_1\chimpanzee\chimpanzee_10202.jpg,chimpanzee,gorilla,18,5
D:\ZSL\CNN\Test_TRIAL_DATASET_1-CLASS_1\chimpanzee\chimpanzee_10203.jpg,chimpanzee,monkey,18,8
D:\ZSL\CNN\Test_TRIAL_DATASET_1-CLASS_1\chimpanzee\chimpanzee_10204.jpg,chimpanzee,monkey,18,8
D:\ZSL\CNN\Test_TRIAL_DATASET_1-CLASS_1\chimpanzee\chimpanzee_10205.jpg,chimpanzee,monkey,18,8
D:\ZSL\CNN\Test_TRIAL_DATASET_1-CLASS_1\chimpanzee\chimpanzee_10206.jpg,chimpanzee,monkey,18,8
D:\ZSL\CNN\Test_TRIAL_DATASET_1-CLASS_1\chimpanzee\chimpanzee_10207.jpg,chimpanzee,monkey,18,8
D:\ZSL\CNN\Test_TRIAL_DATASET_1-CLASS_1\chimpanzee\chimpanzee_10208.jpg,chimpanzee,monkey,18,8
D:\ZSL\CNN\Test_TRIAL_DATASET_1-CLASS_1\chimpanzee\chimpanzee_10209.jpg,chimpanzee,gorilla,18,5
D:\ZSL\CNN\Test_TRIAL_DATASET_1-CLASS_1\chimpanzee\chimpanzee_10210.jpg,chimpanzee,monkey,18,8
D:\ZSL\CNN\Test_TRIAL_DATASET_1-CLASS_1\chimpanzee\chimpanzee_10211.jpg,chimpanzee,gorilla,18,5
D:\ZSL\CNN\Test_TRIAL_DATASET_1-CLASS_1\chimpanzee\chimpanzee_10212.jpg,chimpanzee,gorilla,18,5
D:\ZSL\CNN\Test_TRIAL_DATASET_1-CLASS_1\chimpanzee\chimpanzee_10213.jpg,chimpanzee,gorilla,18,5
D:\ZSL\CNN\Test_TRIAL_DATASET_1-CLASS_1\chimpanzee\chimpanzee_10214.jpg,chimpanzee,gorilla,18,5
D:\ZSL\CNN\Test_TRIAL_DATASET_1-CLASS_1\chimpanzee\chimpanzee_10215.jpg,chimpanzee,gorilla,18,5
D:\ZSL\CNN\Test_TRIAL_DATASET_1-CLASS_1\chimpanzee\chimpanzee_10216.jpg,chimpanzee,gorilla,18,5
D:\ZSL\CNN\Test_TRIAL_DATASET_1-CLASS_1\chimpanzee\chimpanzee_10217.jpg,chimpanzee,gorilla,18,5
D:\ZSL\CNN\Test_TRIAL_DATASET_1-CLASS_1\chimpanzee\chimpanzee_10218.jpg,chimpanzee,monkey,18,8
D:\ZSL\CNN\Test_TRIAL_DATASET_1-CLASS_1\chimpanzee\chimpanzee_10219.jpg,chimpanzee,gorilla,18,5
D:\ZSL\CNN\Test_TRIAL_DATASET_1-CLASS_1\chimpanzee\chimpanzee_10220.jpg,chimpanzee,gorilla,18,5
D:\ZSL\CNN\Test_TRIAL_DATASET_1-CLASS_1\chimpanzee\chimpanzee_10221.jpg,chimpanzee,walrus,18,17
D:\ZSL\CNN\Test_TRIAL_DATASET_1-CLASS_1\chimpanzee\chimpanzee_10222.jpg,chimpanzee,monkey,18,8
D:\ZSL\CNN\Test_TRIAL_DATASET_1-CLASS_1\chimpanzee\chimpanzee_10223.jpg,chimpanzee,monkey,18,8
D:\ZSL\CNN\Test_TRIAL_DATASET_1-CLASS_1\chimpanzee\chimpanzee_10224.jpg,chimpanzee,gorilla,18,5
D:\ZSL\CNN\Test_TRIAL_DATASET_1-CLASS_1\chimpanzee\chimpanzee_10225.jpg,chimpanzee,gorilla,18,5
D:\ZSL\CNN\Test_TRIAL_DATASET_1-CLASS_1\chimpanzee\chimpanzee_10226.jpg,chimpanzee,monkey,18,8
D:\ZSL\CNN\Test_TRIAL_DATASET_1-CLASS_1\chimpanzee\chimpanzee_10227.jpg,chimpanzee,gorilla,18,5
D:\ZSL\CNN\Test_TRIAL_DATASET_1-CLASS_1\chimpanzee\chimpanzee_10228.jpg,chimpanzee,siamese_cat,18,13
D:\ZSL\CNN\Test_TRIAL_DATASET_1-CLASS_1\chimpanzee\chimpanzee_10229.jpg,chimpanzee,monkey,18,8
D:\ZSL\CNN\Test_TRIAL_DATASET_1-CLASS_1\chimpanzee\chimpanzee_10230.jpg,chimpanzee,gorilla,18,5
D:\ZSL\CNN\Test_TRIAL_DATASET_1-CLASS_1\chimpanzee\chimpanzee_10231.jpg,chimpanzee,gorilla,18,5
D:\ZSL\CNN\Test_TRIAL_DATASET_1-CLASS_1\chimpanzee\chimpanzee_10232.jpg,chimpanzee,gorilla,18,5
D:\ZSL\CNN\Test_TRIAL_DATASET_1-CLASS_1\chimpanzee\chimpanzee_10233.jpg,chimpanzee,monkey,18,8
D:\ZSL\CNN\Test_TRIAL_DATASET_1-CLASS_1\chimpanzee\chimpanzee_10234.jpg,chimpanzee,gorilla,18,5
D:\ZSL\CNN\Test_TRIAL_DATASET_1-CLASS_1\chimpanzee\chimpanzee_10235.jpg,chimpanzee,gorilla,18,5
D:\ZSL\CNN\Test_TRIAL_DATASET_1-CLASS_1\chimpanzee\chimpanzee_10236.jpg,chimpanzee,gorilla,18,5
D:\ZSL\CNN\Test_TRIAL_DATASET_1-CLASS_1\chimpanzee\chimpanzee_10237.jpg,chimpanzee,monkey,18,8
D:\ZSL\CNN\Test_TRIAL_DATASET_1-CLASS_1\chimpanzee\chimpanzee_10238.jpg,chimpanzee,monkey,18,8
D:\ZSL\CNN\Test_TRIAL_DATASET_1-CLASS_1\chimpanzee\chimpanzee_10239.jpg,chimpanzee,monkey,18,8
D:\ZSL\CNN\Test_TRIAL_DATASET_1-CLASS_1\chimpanzee\chimpanzee_10240.jpg,chimpanzee,monkey,18,8
D:\ZSL\CNN\Test_TRIAL_DATASET_1-CLASS_1\chimpanzee\chimpanzee_10241.jpg,chimpanzee,gorilla,18,5
D:\ZSL\CNN\Test_TRIAL_DATASET_1-CLASS_1\chimpanzee\chimpanzee_10242.jpg,chimpanzee,gorilla,18,5
D:\ZSL\CNN\Test_TRIAL_DATASET_1-CLASS_1\chimpanzee\chimpanzee_10243.jpg,chimpanzee,gorilla,18,5
D:\ZSL\CNN\Test_TRIAL_DATASET_1-CLASS_1\chimpanzee\chimpanzee_10244.jpg,chimpanzee,monkey,18,8
D:\ZSL\CNN\Test_TRIAL_DATASET_1-CLASS_1\chimpanzee\chimpanzee_10245.jpg,chimpanzee,monkey,18,8
D:\ZSL\CNN\Test_TRIAL_DATASET_1-CLASS_1\chimpanzee\chimpanzee_10246.jpg,chimpanzee,gorilla,18,5
D:\ZSL\CNN\Test_TRIAL_DATASET_1-CLASS_1\chimpanzee\chimpanzee_10247.jpg,chimpanzee,gorilla,18,5
D:\ZSL\CNN\Test_TRIAL_DATASET_1-CLASS_1\chimpanzee\chimpanzee_10248.jpg,chimpanzee,gorilla,18,5
D:\ZSL\CNN\Test_TRIAL_DATASET_1-CLASS_1\chimpanzee\chimpanzee_10249.jpg,chimpanzee,monkey,18,8
D:\ZSL\CNN\Test_TRIAL_DATASET_1-CLASS_1\chimpanzee\chimpanzee_10250.jpg,chimpanzee,gorilla,18,5
D:\ZSL\CNN\Test_TRIAL_DATASET_1-CLASS_1\chimpanzee\chimpanzee_10251.jpg,chimpanzee,monkey,18,8
D:\ZSL\CNN\Test_TRIAL_DATASET_1-CLASS_1\chimpanzee\chimpanzee_10252.jpg,chimpanzee,gorilla,18,5
D:\ZSL\CNN\Test_TRIAL_DATASET_1-CLASS_1\chimpanzee\chimpanzee_10253.jpg,chimpanzee,gorilla,18,5
D:\ZSL\CNN\Test_TRIAL_DATASET_1-CLASS_1\chimpanzee\chimpanzee_10254.jpg,chimpanzee,gorilla,18,5
D:\ZSL\CNN\Test_TRIAL_DATASET_1-CLASS_1\chimpanzee\chimpanzee_10255.jpg,chimpanzee,gorilla,18,5
D:\ZSL\CNN\Test_TRIAL_DATASET_1-CLASS_1\chimpanzee\chimpanzee_10256.jpg,chimpanzee,gorilla,18,5
D:\ZSL\CNN\Test_TRIAL_DATASET_1-CLASS_1\chimpanzee\chimpanzee_10257.jpg,chimpanzee,monkey,18,8
D:\ZSL\CNN\Test_TRIAL_DATASET_1-CLASS_1\chimpanzee\chimpanzee_10258.jpg,chimpanzee,gorilla,18,5
D:\ZSL\CNN\Test_TRIAL_DATASET_1-CLASS_1\chimpanzee\chimpanzee_10259.jpg,chimpanzee,gorilla,18,5
D:\ZSL\CNN\Test_TRIAL_DATASET_1-CLASS_1\chimpanzee\chimpanzee_10260.jpg,chimpanzee,monkey,18,8
D:\ZSL\CNN\Test_TRIAL_DATASET_1-CLASS_1\chimpanzee\chimpanzee_10261.jpg,chimpanzee,gorilla,18,5
D:\ZSL\CNN\Test_TRIAL_DATASET_1-CLASS_1\chimpanzee\chimpanzee_10262.jpg,chimpanzee,monkey,18,8
D:\ZSL\CNN\Test_TRIAL_DATASET_1-CLASS_1\chimpanzee\chimpanzee_10263.jpg,chimpanzee,gorilla,18,5
D:\ZSL\CNN\Test_TRIAL_DATASET_1-CLASS_1\chimpanzee\chimpanzee_10264.jpg,chimpanzee,monkey,18,8
D:\ZSL\CNN\Test_TRIAL_DATASET_1-CLASS_1\chimpanzee\chimpanzee_10265.jpg,chimpanzee,monkey,18,8
D:\ZSL\CNN\Test_TRIAL_DATASET_1-CLASS_1\chimpanzee\chimpanzee_10266.jpg,chimpanzee,monkey,18,8
D:\ZSL\CNN\Test_TRIAL_DATASET_1-CLASS_1\chimpanzee\chimpanzee_10267.jpg,chimpanzee,monkey,18,8
D:\ZSL\CNN\Test_TRIAL_DATASET_1-CLASS_1\chimpanzee\chimpanzee_10268.jpg,chimpanzee,gorilla,18,5
D:\ZSL\CNN\Test_TRIAL_DATASET_1-CLASS_1\chimpanzee\chimpanzee_10269.jpg,chimpanzee,monkey,18,8
D:\ZSL\CNN\Test_TRIAL_DATASET_1-CLASS_1\chimpanzee\chimpanzee_10270.jpg,chimpanzee,monkey,18,8
D:\ZSL\CNN\Test_TRIAL_DATASET_1-CLASS_1\chimpanzee\chimpanzee_10271.jpg,chimpanzee,monkey,18,8
D:\ZSL\CNN\Test_TRIAL_DATASET_1-CLASS_1\chimpanzee\chimpanzee_10272.jpg,chimpanzee,gorilla,18,5
D:\ZSL\CNN\Test_TRIAL_DATASET_1-CLASS_1\chimpanzee\chimpanzee_10273.jpg,chimpanzee,gorilla,18,5
D:\ZSL\CNN\Test_TRIAL_DATASET_1-CLASS_1\chimpanzee\chimpanzee_10274.jpg,chimpanzee,siamese_cat,18,13
D:\ZSL\CNN\Test_TRIAL_DATASET_1-CLASS_1\chimpanzee\chimpanzee_10275.jpg,chimpanzee,gorilla,18,5
D:\ZSL\CNN\Test_TRIAL_DATASET_1-CLASS_1\chimpanzee\chimpanzee_10276.jpg,chimpanzee,monkey,18,8
D:\ZSL\CNN\Test_TRIAL_DATASET_1-CLASS_1\chimpanzee\chimpanzee_10277.jpg,chimpanzee,gorilla,18,5
D:\ZSL\CNN\Test_TRIAL_DATASET_1-CLASS_1\chimpanzee\chimpanzee_10278.jpg,chimpanzee,monkey,18,8
D:\ZSL\CNN\Test_TRIAL_DATASET_1-CLASS_1\chimpanzee\chimpanzee_10279.jpg,chimpanzee,gorilla,18,5
D:\ZSL\CNN\Test_TRIAL_DATASET_1-CLASS_1\chimpanzee\chimpanzee_10280.jpg,chimpanzee,gorilla,18,5
D:\ZSL\CNN\Test_TRIAL_DATASET_1-CLASS_1\chimpanzee\chimpanzee_10281.jpg,chimpanzee,monkey,18,8
D:\ZSL\CNN\Test_TRIAL_DATASET_1-CLASS_1\chimpanzee\chimpanzee_10282.jpg,chimpanzee,monkey,18,8
D:\ZSL\CNN\Test_TRIAL_DATASET_1-CLASS_1\chimpanzee\chimpanzee_10283.jpg,chimpanzee,gorilla,18,5
D:\ZSL\CNN\Test_TRIAL_DATASET_1-CLASS_1\chimpanzee\chimpanzee_10284.jpg,chimpanzee,monkey,18,8
D:\ZSL\CNN\Test_TRIAL_DATASET_1-CLASS_1\chimpanzee\chimpanzee_10285.jpg,chimpanzee,cow,18,3
D:\ZSL\CNN\Test_TRIAL_DATASET_1-CLASS_1\chimpanzee\chimpanzee_10286.jpg,chimpanzee,siamese_cat,18,13
D:\ZSL\CNN\Test_TRIAL_DATASET_1-CLASS_1\chimpanzee\chimpanzee_10287.jpg,chimpanzee,gorilla,18,5
D:\ZSL\CNN\Test_TRIAL_DATASET_1-CLASS_1\chimpanzee\chimpanzee_10288.jpg,chimpanzee,cow,18,3
D:\ZSL\CNN\Test_TRIAL_DATASET_1-CLASS_1\chimpanzee\chimpanzee_10289.jpg,chimpanzee,gorilla,18,5
D:\ZSL\CNN\Test_TRIAL_DATASET_1-CLASS_1\chimpanzee\chimpanzee_10290.jpg,chimpanzee,gorilla,18,5
D:\ZSL\CNN\Test_TRIAL_DATASET_1-CLASS_1\chimpanzee\chimpanzee_10291.jpg,chimpanzee,gorilla,18,5
D:\ZSL\CNN\Test_TRIAL_DATASET_1-CLASS_1\chimpanzee\chimpanzee_10292.jpg,chimpanzee,monkey,18,8
D:\ZSL\CNN\Test_TRIAL_DATASET_1-CLASS_1\chimpanzee\chimpanzee_10293.jpg,chimpanzee,monkey,18,8
D:\ZSL\CNN\Test_TRIAL_DATASET_1-CLASS_1\chimpanzee\chimpanzee_10294.jpg,chimpanzee,gorilla,18,5
D:\ZSL\CNN\Test_TRIAL_DATASET_1-CLASS_1\chimpanzee\chimpanzee_10295.jpg,chimpanzee,monkey,18,8
D:\ZSL\CNN\Test_TRIAL_DATASET_1-CLASS_1\chimpanzee\chimpanzee_10296.jpg,chimpanzee,monkey,18,8
D:\ZSL\CNN\Test_TRIAL_DATASET_1-CLASS_1\chimpanzee\chimpanzee_10297.jpg,chimpanzee,gorilla,18,5
D:\ZSL\CNN\Test_TRIAL_DATASET_1-CLASS_1\chimpanzee\chimpanzee_10298.jpg,chimpanzee,monkey,18,8
D:\ZSL\CNN\Test_TRIAL_DATASET_1-CLASS_1\chimpanzee\chimpanzee_10299.jpg,chimpanzee,gorilla,18,5
D:\ZSL\CNN\Test_TRIAL_DATASET_1-CLASS_1\chimpanzee\chimpanzee_10300.jpg,chimpanzee,monkey,18,8
D:\ZSL\CNN\Test_TRIAL_DATASET_1-CLASS_1\chimpanzee\chimpanzee_10301.jpg,chimpanzee,gorilla,18,5
D:\ZSL\CNN\Test_TRIAL_DATASET_1-CLASS_1\chimpanzee\chimpanzee_10302.jpg,chimpanzee,monkey,18,8
D:\ZSL\CNN\Test_TRIAL_DATASET_1-CLASS_1\chimpanzee\chimpanzee_10303.jpg,chimpanzee,monkey,18,8
D:\ZSL\CNN\Test_TRIAL_DATASET_1-CLASS_1\chimpanzee\chimpanzee_10304.jpg,chimpanzee,gorilla,18,5
D:\ZSL\CNN\Test_TRIAL_DATASET_1-CLASS_1\chimpanzee\chimpanzee_10305.jpg,chimpanzee,gorilla,18,5
D:\ZSL\CNN\Test_TRIAL_DATASET_1-CLASS_1\chimpanzee\chimpanzee_10306.jpg,chimpanzee,monkey,18,8
D:\ZSL\CNN\Test_TRIAL_DATASET_1-CLASS_1\chimpanzee\chimpanzee_10307.jpg,chimpanzee,gorilla,18,5
D:\ZSL\CNN\Test_TRIAL_DATASET_1-CLASS_1\chimpanzee\chimpanzee_10308.jpg,chimpanzee,monkey,18,8
D:\ZSL\CNN\Test_TRIAL_DATASET_1-CLASS_1\chimpanzee\chimpanzee_10309.jpg,chimpanzee,monkey,18,8
D:\ZSL\CNN\Test_TRIAL_DATASET_1-CLASS_1\chimpanzee\chimpanzee_10310.jpg,chimpanzee,monkey,18,8
D:\ZSL\CNN\Test_TRIAL_DATASET_1-CLASS_1\chimpanzee\chimpanzee_10311.jpg,chimpanzee,monkey,18,8
D:\ZSL\CNN\Test_TRIAL_DATASET_1-CLASS_1\chimpanzee\chimpanzee_10312.jpg,chimpanzee,gorilla,18,5
D:\ZSL\CNN\Test_TRIAL_DATASET_1-CLASS_1\chimpanzee\chimpanzee_10313.jpg,chimpanzee,gorilla,18,5
D:\ZSL\CNN\Test_TRIAL_DATASET_1-CLASS_1\chimpanzee\chimpanzee_10314.jpg,chimpanzee,gorilla,18,5
D:\ZSL\CNN\Test_TRIAL_DATASET_1-CLASS_1\chimpanzee\chimpanzee_10315.jpg,chimpanzee,gorilla,18,5
D:\ZSL\CNN\Test_TRIAL_DATASET_1-CLASS_1\chimpanzee\chimpanzee_10316.jpg,chimpanzee,monkey,18,8
D:\ZSL\CNN\Test_TRIAL_DATASET_1-CLASS_1\chimpanzee\chimpanzee_10317.jpg,chimpanzee,monkey,18,8
D:\ZSL\CNN\Test_TRIAL_DATASET_1-CLASS_1\chimpanzee\chimpanzee_10318.jpg,chimpanzee,gorilla,18,5
D:\ZSL\CNN\Test_TRIAL_DATASET_1-CLASS_1\chimpanzee\chimpanzee_10319.jpg,chimpanzee,gorilla,18,5
D:\ZSL\CNN\Test_TRIAL_DATASET_1-CLASS_1\chimpanzee\chimpanzee_10320.jpg,chimpanzee,gorilla,18,5
D:\ZSL\CNN\Test_TRIAL_DATASET_1-CLASS_1\chimpanzee\chimpanzee_10321.jpg,chimpanzee,gorilla,18,5
D:\ZSL\CNN\Test_TRIAL_DATASET_1-CLASS_1\chimpanzee\chimpanzee_10322.jpg,chimpanzee,monkey,18,8
D:\ZSL\CNN\Test_TRIAL_DATASET_1-CLASS_1\chimpanzee\chimpanzee_10323.jpg,chimpanzee,gorilla,18,5
D:\ZSL\CNN\Test_TRIAL_DATASET_1-CLASS_1\chimpanzee\chimpanzee_10324.jpg,chimpanzee,gorilla,18,5
D:\ZSL\CNN\Test_TRIAL_DATASET_1-CLASS_1\chimpanzee\chimpanzee_10325.jpg,chimpanzee,gorilla,18,5
D:\ZSL\CNN\Test_TRIAL_DATASET_1-CLASS_1\chimpanzee\chimpanzee_10326.jpg,chimpanzee,gorilla,18,5
D:\ZSL\CNN\Test_TRIAL_DATASET_1-CLASS_1\chimpanzee\chimpanzee_10327.jpg,chimpanzee,gorilla,18,5
D:\ZSL\CNN\Test_TRIAL_DATASET_1-CLASS_1\chimpanzee\chimpanzee_10328.jpg,chimpanzee,gorilla,18,5
D:\ZSL\CNN\Test_TRIAL_DATASET_1-CLASS_1\chimpanzee\chimpanzee_10329.jpg,chimpanzee,monkey,18,8
D:\ZSL\CNN\Test_TRIAL_DATASET_1-CLASS_1\chimpanzee\chimpanzee_10330.jpg,chimpanzee,gorilla,18,5
D:\ZSL\CNN\Test_TRIAL_DATASET_1-CLASS_1\chimpanzee\chimpanzee_10331.jpg,chimpanzee,gorilla,18,5
D:\ZSL\CNN\Test_TRIAL_DATASET_1-CLASS_1\chimpanzee\chimpanzee_10332.jpg,chimpanzee,gorilla,18,5
D:\ZSL\CNN\Test_TRIAL_DATASET_1-CLASS_1\chimpanzee\chimpanzee_10333.jpg,chimpanzee,gorilla,18,5
D:\ZSL\CNN\Test_TRIAL_DATASET_1-CLASS_1\chimpanzee\chimpanzee_10334.jpg,chimpanzee,gorilla,18,5
D:\ZSL\CNN\Test_TRIAL_DATASET_1-CLASS_1\chimpanzee\chimpanzee_10335.jpg,chimpanzee,monkey,18,8
D:\ZSL\CNN\Test_TRIAL_DATASET_1-CLASS_1\chimpanzee\chimpanzee_10336.jpg,chimpanzee,gorilla,18,5
D:\ZSL\CNN\Test_TRIAL_DATASET_1-CLASS_1\chimpanzee\chimpanzee_10337.jpg,chimpanzee,gorilla,18,5
D:\ZSL\CNN\Test_TRIAL_DATASET_1-CLASS_1\chimpanzee\chimpanzee_10338.jpg,chimpanzee,gorilla,18,5
D:\ZSL\CNN\Test_TRIAL_DATASET_1-CLASS_1\chimpanzee\chimpanzee_10339.jpg,chimpanzee,gorilla,18,5
D:\ZSL\CNN\Test_TRIAL_DATASET_1-CLASS_1\chimpanzee\chimpanzee_10340.jpg,chimpanzee,monkey,18,8
D:\ZSL\CNN\Test_TRIAL_DATASET_1-CLASS_1\chimpanzee\chimpanzee_10341.jpg,chimpanzee,gorilla,18,5
D:\ZSL\CNN\Test_TRIAL_DATASET_1-CLASS_1\chimpanzee\chimpanzee_10342.jpg,chimpanzee,gorilla,18,5
D:\ZSL\CNN\Test_TRIAL_DATASET_1-CLASS_1\chimpanzee\chimpanzee_10343.jpg,chimpanzee,monkey,18,8
D:\ZSL\CNN\Test_TRIAL_DATASET_1-CLASS_1\chimpanzee\chimpanzee_10344.jpg,chimpanzee,monkey,18,8
D:\ZSL\CNN\Test_TRIAL_DATASET_1-CLASS_1\chimpanzee\chimpanzee_10345.jpg,chimpanzee,monkey,18,8
D:\ZSL\CNN\Test_TRIAL_DATASET_1-CLASS_1\chimpanzee\chimpanzee_10346.jpg,chimpanzee,gorilla,18,5
D:\ZSL\CNN\Test_TRIAL_DATASET_1-CLASS_1\chimpanzee\chimpanzee_10347.jpg,chimpanzee,gorilla,18,5
D:\ZSL\CNN\Test_TRIAL_DATASET_1-CLASS_1\chimpanzee\chimpanzee_10348.jpg,chimpanzee,gorilla,18,5
D:\ZSL\CNN\Test_TRIAL_DATASET_1-CLASS_1\chimpanzee\chimpanzee_10349.jpg,chimpanzee,gorilla,18,5
D:\ZSL\CNN\Test_TRIAL_DATASET_1-CLASS_1\chimpanzee\chimpanzee_10350.jpg,chimpanzee,gorilla,18,5
D:\ZSL\CNN\Test_TRIAL_DATASET_1-CLASS_1\chimpanzee\chimpanzee_10351.jpg,chimpanzee,gorilla,18,5
D:\ZSL\CNN\Test_TRIAL_DATASET_1-CLASS_1\chimpanzee\chimpanzee_10352.jpg,chimpanzee,monkey,18,8
D:\ZSL\CNN\Test_TRIAL_DATASET_1-CLASS_1\chimpanzee\chimpanzee_10353.jpg,chimpanzee,gorilla,18,5
D:\ZSL\CNN\Test_TRIAL_DATASET_1-CLASS_1\chimpanzee\chimpanzee_10354.jpg,chimpanzee,gorilla,18,5
D:\ZSL\CNN\Test_TRIAL_DATASET_1-CLASS_1\chimpanzee\chimpanzee_10355.jpg,chimpanzee,gorilla,18,5
D:\ZSL\CNN\Test_TRIAL_DATASET_1-CLASS_1\chimpanzee\chimpanzee_10356.jpg,chimpanzee,gorilla,18,5
D:\ZSL\CNN\Test_TRIAL_DATASET_1-CLASS_1\chimpanzee\chimpanzee_10357.jpg,chimpanzee,gorilla,18,5
D:\ZSL\CNN\Test_TRIAL_DATASET_1-CLASS_1\chimpanzee\chimpanzee_10358.jpg,chimpanzee,gorilla,18,5
D:\ZSL\CNN\Test_TRIAL_DATASET_1-CLASS_1\chimpanzee\chimpanzee_10359.jpg,chimpanzee,gorilla,18,5
D:\ZSL\CNN\Test_TRIAL_DATASET_1-CLASS_1\chimpanzee\chimpanzee_10360.jpg,chimpanzee,gorilla,18,5
D:\ZSL\CNN\Test_TRIAL_DATASET_1-CLASS_1\chimpanzee\chimpanzee_10361.jpg,chimpanzee,gorilla,18,5
D:\ZSL\CNN\Test_TRIAL_DATASET_1-CLASS_1\chimpanzee\chimpanzee_10362.jpg,chimpanzee,walrus,18,17
D:\ZSL\CNN\Test_TRIAL_DATASET_1-CLASS_1\chimpanzee\chimpanzee_10363.jpg,chimpanzee,gorilla,18,5
D:\ZSL\CNN\Test_TRIAL_DATASET_1-CLASS_1\chimpanzee\chimpanzee_10364.jpg,chimpanzee,gorilla,18,5
D:\ZSL\CNN\Test_TRIAL_DATASET_1-CLASS_1\chimpanzee\chimpanzee_10365.jpg,chimpanzee,cow,18,3
D:\ZSL\CNN\Test_TRIAL_DATASET_1-CLASS_1\chimpanzee\chimpanzee_10366.jpg,chimpanzee,monkey,18,8
D:\ZSL\CNN\Test_TRIAL_DATASET_1-CLASS_1\chimpanzee\chimpanzee_10367.jpg,chimpanzee,gorilla,18,5
D:\ZSL\CNN\Test_TRIAL_DATASET_1-CLASS_1\chimpanzee\chimpanzee_10368.jpg,chimpanzee,gorilla,18,5
D:\ZSL\CNN\Test_TRIAL_DATASET_1-CLASS_1\chimpanzee\chimpanzee_10369.jpg,chimpanzee,monkey,18,8
D:\ZSL\CNN\Test_TRIAL_DATASET_1-CLASS_1\chimpanzee\chimpanzee_10370.jpg,chimpanzee,monkey,18,8
D:\ZSL\CNN\Test_TRIAL_DATASET_1-CLASS_1\chimpanzee\chimpanzee_10371.jpg,chimpanzee,gorilla,18,5
D:\ZSL\CNN\Test_TRIAL_DATASET_1-CLASS_1\chimpanzee\chimpanzee_10372.jpg,chimpanzee,gorilla,18,5
D:\ZSL\CNN\Test_TRIAL_DATASET_1-CLASS_1\chimpanzee\chimpanzee_10373.jpg,chimpanzee,gorilla,18,5
D:\ZSL\CNN\Test_TRIAL_DATASET_1-CLASS_1\chimpanzee\chimpanzee_10374.jpg,chimpanzee,gorilla,18,5
D:\ZSL\CNN\Test_TRIAL_DATASET_1-CLASS_1\chimpanzee\chimpanzee_10375.jpg,chimpanzee,gorilla,18,5
D:\ZSL\CNN\Test_TRIAL_DATASET_1-CLASS_1\chimpanzee\chimpanzee_10376.jpg,chimpanzee,gorilla,18,5
D:\ZSL\CNN\Test_TRIAL_DATASET_1-CLASS_1\chimpanzee\chimpanzee_10377.jpg,chimpanzee,gorilla,18,5
D:\ZSL\CNN\Test_TRIAL_DATASET_1-CLASS_1\chimpanzee\chimpanzee_10378.jpg,chimpanzee,monkey,18,8
D:\ZSL\CNN\Test_TRIAL_DATASET_1-CLASS_1\chimpanzee\chimpanzee_10379.jpg,chimpanzee,gorilla,18,5
D:\ZSL\CNN\Test_TRIAL_DATASET_1-CLASS_1\chimpanzee\chimpanzee_10380.jpg,chimpanzee,gorilla,18,5
D:\ZSL\CNN\Test_TRIAL_DATASET_1-CLASS_1\chimpanzee\chimpanzee_10381.jpg,chimpanzee,monkey,18,8
D:\ZSL\CNN\Test_TRIAL_DATASET_1-CLASS_1\chimpanzee\chimpanzee_10382.jpg,chimpanzee,cow,18,3
D:\ZSL\CNN\Test_TRIAL_DATASET_1-CLASS_1\chimpanzee\chimpanzee_10383.jpg,chimpanzee,siamese_cat,18,13
D:\ZSL\CNN\Test_TRIAL_DATASET_1-CLASS_1\chimpanzee\chimpanzee_10384.jpg,chimpanzee,gorilla,18,5
D:\ZSL\CNN\Test_TRIAL_DATASET_1-CLASS_1\chimpanzee\chimpanzee_10385.jpg,chimpanzee,gorilla,18,5
D:\ZSL\CNN\Test_TRIAL_DATASET_1-CLASS_1\chimpanzee\chimpanzee_10386.jpg,chimpanzee,monkey,18,8
D:\ZSL\CNN\Test_TRIAL_DATASET_1-CLASS_1\chimpanzee\chimpanzee_10387.jpg,chimpanzee,monkey,18,8
D:\ZSL\CNN\Test_TRIAL_DATASET_1-CLASS_1\chimpanzee\chimpanzee_10388.jpg,chimpanzee,gorilla,18,5
D:\ZSL\CNN\Test_TRIAL_DATASET_1-CLASS_1\chimpanzee\chimpanzee_10389.jpg,chimpanzee,monkey,18,8
D:\ZSL\CNN\Test_TRIAL_DATASET_1-CLASS_1\chimpanzee\chimpanzee_10390.jpg,chimpanzee,rhinoceros,18,12
D:\ZSL\CNN\Test_TRIAL_DATASET_1-CLASS_1\chimpanzee\chimpanzee_10391.jpg,chimpanzee,monkey,18,8
D:\ZSL\CNN\Test_TRIAL_DATASET_1-CLASS_1\chimpanzee\chimpanzee_10392.jpg,chimpanzee,gorilla,18,5
D:\ZSL\CNN\Test_TRIAL_DATASET_1-CLASS_1\chimpanzee\chimpanzee_10393.jpg,chimpanzee,walrus,18,17
D:\ZSL\CNN\Test_TRIAL_DATASET_1-CLASS_1\chimpanzee\chimpanzee_10394.jpg,chimpanzee,monkey,18,8
D:\ZSL\CNN\Test_TRIAL_DATASET_1-CLASS_1\chimpanzee\chimpanzee_10395.jpg,chimpanzee,monkey,18,8
D:\ZSL\CNN\Test_TRIAL_DATASET_1-CLASS_1\chimpanzee\chimpanzee_10396.jpg,chimpanzee,monkey,18,8
D:\ZSL\CNN\Test_TRIAL_DATASET_1-CLASS_1\chimpanzee\chimpanzee_10397.jpg,chimpanzee,monkey,18,8
D:\ZSL\CNN\Test_TRIAL_DATASET_1-CLASS_1\chimpanzee\chimpanzee_10398.jpg,chimpanzee,gorilla,18,5
D:\ZSL\CNN\Test_TRIAL_DATASET_1-CLASS_1\chimpanzee\chimpanzee_10399.jpg,chimpanzee,gorilla,18,5
D:\ZSL\CNN\Test_TRIAL_DATASET_1-CLASS_1\chimpanzee\chimpanzee_10400.jpg,chimpanzee,gorilla,18,5
D:\ZSL\CNN\Test_TRIAL_DATASET_1-CLASS_1\chimpanzee\chimpanzee_10401.jpg,chimpanzee,gorilla,18,5
D:\ZSL\CNN\Test_TRIAL_DATASET_1-CLASS_1\chimpanzee\chimpanzee_10402.jpg,chimpanzee,gorilla,18,5
D:\ZSL\CNN\Test_TRIAL_DATASET_1-CLASS_1\chimpanzee\chimpanzee_10403.jpg,chimpanzee,monkey,18,8
D:\ZSL\CNN\Test_TRIAL_DATASET_1-CLASS_1\chimpanzee\chimpanzee_10404.jpg,chimpanzee,monkey,18,8
D:\ZSL\CNN\Test_TRIAL_DATASET_1-CLASS_1\chimpanzee\chimpanzee_10405.jpg,chimpanzee,gorilla,18,5
D:\ZSL\CNN\Test_TRIAL_DATASET_1-CLASS_1\chimpanzee\chimpanzee_10406.jpg,chimpanzee,gorilla,18,5
D:\ZSL\CNN\Test_TRIAL_DATASET_1-CLASS_1\chimpanzee\chimpanzee_10407.jpg,chimpanzee,gorilla,18,5
D:\ZSL\CNN\Test_TRIAL_DATASET_1-CLASS_1\chimpanzee\chimpanzee_10408.jpg,chimpanzee,gorilla,18,5
D:\ZSL\CNN\Test_TRIAL_DATASET_1-CLASS_1\chimpanzee\chimpanzee_10409.jpg,chimpanzee,gorilla,18,5
D:\ZSL\CNN\Test_TRIAL_DATASET_1-CLASS_1\chimpanzee\chimpanzee_10410.jpg,chimpanzee,monkey,18,8
D:\ZSL\CNN\Test_TRIAL_DATASET_1-CLASS_1\chimpanzee\chimpanzee_10411.jpg,chimpanzee,monkey,18,8
D:\ZSL\CNN\Test_TRIAL_DATASET_1-CLASS_1\chimpanzee\chimpanzee_10412.jpg,chimpanzee,monkey,18,8
D:\ZSL\CNN\Test_TRIAL_DATASET_1-CLASS_1\chimpanzee\chimpanzee_10413.jpg,chimpanzee,monkey,18,8
D:\ZSL\CNN\Test_TRIAL_DATASET_1-CLASS_1\chimpanzee\chimpanzee_10414.jpg,chimpanzee,monkey,18,8
D:\ZSL\CNN\Test_TRIAL_DATASET_1-CLASS_1\chimpanzee\chimpanzee_10415.jpg,chimpanzee,gorilla,18,5
D:\ZSL\CNN\Test_TRIAL_DATASET_1-CLASS_1\chimpanzee\chimpanzee_10416.jpg,chimpanzee,gorilla,18,5
D:\ZSL\CNN\Test_TRIAL_DATASET_1-CLASS_1\chimpanzee\chimpanzee_10417.jpg,chimpanzee,monkey,18,8
D:\ZSL\CNN\Test_TRIAL_DATASET_1-CLASS_1\chimpanzee\chimpanzee_10418.jpg,chimpanzee,gorilla,18,5
D:\ZSL\CNN\Test_TRIAL_DATASET_1-CLASS_1\chimpanzee\chimpanzee_10419.jpg,chimpanzee,monkey,18,8
D:\ZSL\CNN\Test_TRIAL_DATASET_1-CLASS_1\chimpanzee\chimpanzee_10420.jpg,chimpanzee,gorilla,18,5
D:\ZSL\CNN\Test_TRIAL_DATASET_1-CLASS_1\chimpanzee\chimpanzee_10421.jpg,chimpanzee,monkey,18,8
D:\ZSL\CNN\Test_TRIAL_DATASET_1-CLASS_1\chimpanzee\chimpanzee_10422.jpg,chimpanzee,monkey,18,8
D:\ZSL\CNN\Test_TRIAL_DATASET_1-CLASS_1\chimpanzee\chimpanzee_10423.jpg,chimpanzee,monkey,18,8
D:\ZSL\CNN\Test_TRIAL_DATASET_1-CLASS_1\chimpanzee\chimpanzee_10424.jpg,chimpanzee,monkey,18,8
D:\ZSL\CNN\Test_TRIAL_DATASET_1-CLASS_1\chimpanzee\chimpanzee_10425.jpg,chimpanzee,monkey,18,8
D:\ZSL\CNN\Test_TRIAL_DATASET_1-CLASS_1\chimpanzee\chimpanzee_10426.jpg,chimpanzee,monkey,18,8
D:\ZSL\CNN\Test_TRIAL_DATASET_1-CLASS_1\chimpanzee\chimpanzee_10427.jpg,chimpanzee,gorilla,18,5
D:\ZSL\CNN\Test_TRIAL_DATASET_1-CLASS_1\chimpanzee\chimpanzee_10428.jpg,chimpanzee,gorilla,18,5
D:\ZSL\CNN\Test_TRIAL_DATASET_1-CLASS_1\chimpanzee\chimpanzee_10429.jpg,chimpanzee,gorilla,18,5
D:\ZSL\CNN\Test_TRIAL_DATASET_1-CLASS_1\chimpanzee\chimpanzee_10430.jpg,chimpanzee,gorilla,18,5
D:\ZSL\CNN\Test_TRIAL_DATASET_1-CLASS_1\chimpanzee\chimpanzee_10431.jpg,chimpanzee,gorilla,18,5
D:\ZSL\CNN\Test_TRIAL_DATASET_1-CLASS_1\chimpanzee\chimpanzee_10432.jpg,chimpanzee,gorilla,18,5
D:\ZSL\CNN\Test_TRIAL_DATASET_1-CLASS_1\chimpanzee\chimpanzee_10433.jpg,chimpanzee,monkey,18,8
D:\ZSL\CNN\Test_TRIAL_DATASET_1-CLASS_1\chimpanzee\chimpanzee_10434.jpg,chimpanzee,gorilla,18,5
D:\ZSL\CNN\Test_TRIAL_DATASET_1-CLASS_1\chimpanzee\chimpanzee_10435.jpg,chimpanzee,gorilla,18,5
D:\ZSL\CNN\Test_TRIAL_DATASET_1-CLASS_1\chimpanzee\chimpanzee_10436.jpg,chimpanzee,gorilla,18,5
D:\ZSL\CNN\Test_TRIAL_DATASET_1-CLASS_1\chimpanzee\chimpanzee_10437.jpg,chimpanzee,monkey,18,8
D:\ZSL\CNN\Test_TRIAL_DATASET_1-CLASS_1\chimpanzee\chimpanzee_10438.jpg,chimpanzee,monkey,18,8
D:\ZSL\CNN\Test_TRIAL_DATASET_1-CLASS_1\chimpanzee\chimpanzee_10439.jpg,chimpanzee,gorilla,18,5
D:\ZSL\CNN\Test_TRIAL_DATASET_1-CLASS_1\chimpanzee\chimpanzee_10440.jpg,chimpanzee,gorilla,18,5
D:\ZSL\CNN\Test_TRIAL_DATASET_1-CLASS_1\chimpanzee\chimpanzee_10441.jpg,chimpanzee,gorilla,18,5
D:\ZSL\CNN\Test_TRIAL_DATASET_1-CLASS_1\chimpanzee\chimpanzee_10442.jpg,chimpanzee,monkey,18,8
D:\ZSL\CNN\Test_TRIAL_DATASET_1-CLASS_1\chimpanzee\chimpanzee_10443.jpg,chimpanzee,gorilla,18,5
D:\ZSL\CNN\Test_TRIAL_DATASET_1-CLASS_1\chimpanzee\chimpanzee_10444.jpg,chimpanzee,monkey,18,8
D:\ZSL\CNN\Test_TRIAL_DATASET_1-CLASS_1\chimpanzee\chimpanzee_10445.jpg,chimpanzee,gorilla,18,5
D:\ZSL\CNN\Test_TRIAL_DATASET_1-CLASS_1\chimpanzee\chimpanzee_10446.jpg,chimpanzee,monkey,18,8
D:\ZSL\CNN\Test_TRIAL_DATASET_1-CLASS_1\chimpanzee\chimpanzee_10447.jpg,chimpanzee,monkey,18,8
D:\ZSL\CNN\Test_TRIAL_DATASET_1-CLASS_1\chimpanzee\chimpanzee_10448.jpg,chimpanzee,monkey,18,8
D:\ZSL\CNN\Test_TRIAL_DATASET_1-CLASS_1\chimpanzee\chimpanzee_10449.jpg,chimpanzee,monkey,18,8
D:\ZSL\CNN\Test_TRIAL_DATASET_1-CLASS_1\chimpanzee\chimpanzee_10450.jpg,chimpanzee,monkey,18,8
D:\ZSL\CNN\Test_TRIAL_DATASET_1-CLASS_1\chimpanzee\chimpanzee_10451.jpg,chimpanzee,monkey,18,8
D:\ZSL\CNN\Test_TRIAL_DATASET_1-CLASS_1\chimpanzee\chimpanzee_10452.jpg,chimpanzee,monkey,18,8
D:\ZSL\CNN\Test_TRIAL_DATASET_1-CLASS_1\chimpanzee\chimpanzee_10453.jpg,chimpanzee,monkey,18,8
D:\ZSL\CNN\Test_TRIAL_DATASET_1-CLASS_1\chimpanzee\chimpanzee_10454.jpg,chimpanzee,gorilla,18,5
D:\ZSL\CNN\Test_TRIAL_DATASET_1-CLASS_1\chimpanzee\chimpanzee_10455.jpg,chimpanzee,gorilla,18,5
D:\ZSL\CNN\Test_TRIAL_DATASET_1-CLASS_1\chimpanzee\chimpanzee_10456.jpg,chimpanzee,walrus,18,17
D:\ZSL\CNN\Test_TRIAL_DATASET_1-CLASS_1\chimpanzee\chimpanzee_10457.jpg,chimpanzee,gorilla,18,5
D:\ZSL\CNN\Test_TRIAL_DATASET_1-CLASS_1\chimpanzee\chimpanzee_10458.jpg,chimpanzee,monkey,18,8
D:\ZSL\CNN\Test_TRIAL_DATASET_1-CLASS_1\chimpanzee\chimpanzee_10459.jpg,chimpanzee,gorilla,18,5
D:\ZSL\CNN\Test_TRIAL_DATASET_1-CLASS_1\chimpanzee\chimpanzee_10460.jpg,chimpanzee,monkey,18,8
D:\ZSL\CNN\Test_TRIAL_DATASET_1-CLASS_1\chimpanzee\chimpanzee_10461.jpg,chimpanzee,monkey,18,8
D:\ZSL\CNN\Test_TRIAL_DATASET_1-CLASS_1\chimpanzee\chimpanzee_10462.jpg,chimpanzee,gorilla,18,5
D:\ZSL\CNN\Test_TRIAL_DATASET_1-CLASS_1\chimpanzee\chimpanzee_10463.jpg,chimpanzee,monkey,18,8
D:\ZSL\CNN\Test_TRIAL_DATASET_1-CLASS_1\chimpanzee\chimpanzee_10464.jpg,chimpanzee,gorilla,18,5
D:\ZSL\CNN\Test_TRIAL_DATASET_1-CLASS_1\chimpanzee\chimpanzee_10465.jpg,chimpanzee,gorilla,18,5
D:\ZSL\CNN\Test_TRIAL_DATASET_1-CLASS_1\chimpanzee\chimpanzee_10466.jpg,chimpanzee,gorilla,18,5
D:\ZSL\CNN\Test_TRIAL_DATASET_1-CLASS_1\chimpanzee\chimpanzee_10467.jpg,chimpanzee,monkey,18,8
D:\ZSL\CNN\Test_TRIAL_DATASET_1-CLASS_1\chimpanzee\chimpanzee_10468.jpg,chimpanzee,gorilla,18,5
D:\ZSL\CNN\Test_TRIAL_DATASET_1-CLASS_1\chimpanzee\chimpanzee_10469.jpg,chimpanzee,gorilla,18,5
D:\ZSL\CNN\Test_TRIAL_DATASET_1-CLASS_1\chimpanzee\chimpanzee_10470.jpg,chimpanzee,monkey,18,8
D:\ZSL\CNN\Test_TRIAL_DATASET_1-CLASS_1\chimpanzee\chimpanzee_10471.jpg,chimpanzee,gorilla,18,5
D:\ZSL\CNN\Test_TRIAL_DATASET_1-CLASS_1\chimpanzee\chimpanzee_10472.jpg,chimpanzee,cow,18,3
D:\ZSL\CNN\Test_TRIAL_DATASET_1-CLASS_1\chimpanzee\chimpanzee_10473.jpg,chimpanzee,gorilla,18,5
D:\ZSL\CNN\Test_TRIAL_DATASET_1-CLASS_1\chimpanzee\chimpanzee_10474.jpg,chimpanzee,gorilla,18,5
D:\ZSL\CNN\Test_TRIAL_DATASET_1-CLASS_1\chimpanzee\chimpanzee_10475.jpg,chimpanzee,gorilla,18,5
D:\ZSL\CNN\Test_TRIAL_DATASET_1-CLASS_1\chimpanzee\chimpanzee_10476.jpg,chimpanzee,ox,18,10
D:\ZSL\CNN\Test_TRIAL_DATASET_1-CLASS_1\chimpanzee\chimpanzee_10477.jpg,chimpanzee,gorilla,18,5
D:\ZSL\CNN\Test_TRIAL_DATASET_1-CLASS_1\chimpanzee\chimpanzee_10478.jpg,chimpanzee,monkey,18,8
D:\ZSL\CNN\Test_TRIAL_DATASET_1-CLASS_1\chimpanzee\chimpanzee_10479.jpg,chimpanzee,gorilla,18,5
D:\ZSL\CNN\Test_TRIAL_DATASET_1-CLASS_1\chimpanzee\chimpanzee_10480.jpg,chimpanzee,gorilla,18,5
D:\ZSL\CNN\Test_TRIAL_DATASET_1-CLASS_1\chimpanzee\chimpanzee_10481.jpg,chimpanzee,gorilla,18,5
D:\ZSL\CNN\Test_TRIAL_DATASET_1-CLASS_1\chimpanzee\chimpanzee_10482.jpg,chimpanzee,monkey,18,8
D:\ZSL\CNN\Test_TRIAL_DATASET_1-CLASS_1\chimpanzee\chimpanzee_10483.jpg,chimpanzee,walrus,18,17
D:\ZSL\CNN\Test_TRIAL_DATASET_1-CLASS_1\chimpanzee\chimpanzee_10484.jpg,chimpanzee,monkey,18,8
D:\ZSL\CNN\Test_TRIAL_DATASET_1-CLASS_1\chimpanzee\chimpanzee_10485.jpg,chimpanzee,gorilla,18,5
D:\ZSL\CNN\Test_TRIAL_DATASET_1-CLASS_1\chimpanzee\chimpanzee_10486.jpg,chimpanzee,gorilla,18,5
D:\ZSL\CNN\Test_TRIAL_DATASET_1-CLASS_1\chimpanzee\chimpanzee_10487.jpg,chimpanzee,gorilla,18,5
D:\ZSL\CNN\Test_TRIAL_DATASET_1-CLASS_1\chimpanzee\chimpanzee_10488.jpg,chimpanzee,monkey,18,8
D:\ZSL\CNN\Test_TRIAL_DATASET_1-CLASS_1\chimpanzee\chimpanzee_10489.jpg,chimpanzee,monkey,18,8
D:\ZSL\CNN\Test_TRIAL_DATASET_1-CLASS_1\chimpanzee\chimpanzee_10490.jpg,chimpanzee,gorilla,18,5
D:\ZSL\CNN\Test_TRIAL_DATASET_1-CLASS_1\chimpanzee\chimpanzee_10491.jpg,chimpanzee,gorilla,18,5
D:\ZSL\CNN\Test_TRIAL_DATASET_1-CLASS_1\chimpanzee\chimpanzee_10492.jpg,chimpanzee,monkey,18,8
D:\ZSL\CNN\Test_TRIAL_DATASET_1-CLASS_1\chimpanzee\chimpanzee_10493.jpg,chimpanzee,gorilla,18,5
D:\ZSL\CNN\Test_TRIAL_DATASET_1-CLASS_1\chimpanzee\chimpanzee_10494.jpg,chimpanzee,walrus,18,17
D:\ZSL\CNN\Test_TRIAL_DATASET_1-CLASS_1\chimpanzee\chimpanzee_10495.jpg,chimpanzee,monkey,18,8
D:\ZSL\CNN\Test_TRIAL_DATASET_1-CLASS_1\chimpanzee\chimpanzee_10496.jpg,chimpanzee,monkey,18,8
D:\ZSL\CNN\Test_TRIAL_DATASET_1-CLASS_1\chimpanzee\chimpanzee_10497.jpg,chimpanzee,monkey,18,8
D:\ZSL\CNN\Test_TRIAL_DATASET_1-CLASS_1\chimpanzee\chimpanzee_10498.jpg,chimpanzee,gorilla,18,5
D:\ZSL\CNN\Test_TRIAL_DATASET_1-CLASS_1\chimpanzee\chimpanzee_10499.jpg,chimpanzee,gorilla,18,5
D:\ZSL\CNN\Test_TRIAL_DATASET_1-CLASS_1\chimpanzee\chimpanzee_10500.jpg,chimpanzee,monkey,18,8
D:\ZSL\CNN\Test_TRIAL_DATASET_1-CLASS_1\chimpanzee\chimpanzee_10501.jpg,chimpanzee,monkey,18,8
D:\ZSL\CNN\Test_TRIAL_DATASET_1-CLASS_1\chimpanzee\chimpanzee_10502.jpg,chimpanzee,monkey,18,8
D:\ZSL\CNN\Test_TRIAL_DATASET_1-CLASS_1\chimpanzee\chimpanzee_10503.jpg,chimpanzee,monkey,18,8
D:\ZSL\CNN\Test_TRIAL_DATASET_1-CLASS_1\chimpanzee\chimpanzee_10504.jpg,chimpanzee,monkey,18,8
D:\ZSL\CNN\Test_TRIAL_DATASET_1-CLASS_1\chimpanzee\chimpanzee_10505.jpg,chimpanzee,monkey,18,8
D:\ZSL\CNN\Test_TRIAL_DATASET_1-CLASS_1\chimpanzee\chimpanzee_10506.jpg,chimpanzee,gorilla,18,5
D:\ZSL\CNN\Test_TRIAL_DATASET_1-CLASS_1\chimpanzee\chimpanzee_10507.jpg,chimpanzee,gorilla,18,5
D:\ZSL\CNN\Test_TRIAL_DATASET_1-CLASS_1\chimpanzee\chimpanzee_10508.jpg,chimpanzee,gorilla,18,5
D:\ZSL\CNN\Test_TRIAL_DATASET_1-CLASS_1\chimpanzee\chimpanzee_10509.jpg,chimpanzee,monkey,18,8
D:\ZSL\CNN\Test_TRIAL_DATASET_1-CLASS_1\chimpanzee\chimpanzee_10510.jpg,chimpanzee,gorilla,18,5
D:\ZSL\CNN\Test_TRIAL_DATASET_1-CLASS_1\chimpanzee\chimpanzee_10511.jpg,chimpanzee,gorilla,18,5
D:\ZSL\CNN\Test_TRIAL_DATASET_1-CLASS_1\chimpanzee\chimpanzee_10512.jpg,chimpanzee,monkey,18,8
D:\ZSL\CNN\Test_TRIAL_DATASET_1-CLASS_1\chimpanzee\chimpanzee_10513.jpg,chimpanzee,monkey,18,8
D:\ZSL\CNN\Test_TRIAL_DATASET_1-CLASS_1\chimpanzee\chimpanzee_10514.jpg,chimpanzee,monkey,18,8
D:\ZSL\CNN\Test_TRIAL_DATASET_1-CLASS_1\chimpanzee\chimpanzee_10515.jpg,chimpanzee,monkey,18,8
D:\ZSL\CNN\Test_TRIAL_DATASET_1-CLASS_1\chimpanzee\chimpanzee_10516.jpg,chimpanzee,monkey,18,8
D:\ZSL\CNN\Test_TRIAL_DATASET_1-CLASS_1\chimpanzee\chimpanzee_10517.jpg,chimpanzee,monkey,18,8
D:\ZSL\CNN\Test_TRIAL_DATASET_1-CLASS_1\chimpanzee\chimpanzee_10518.jpg,chimpanzee,monkey,18,8
D:\ZSL\CNN\Test_TRIAL_DATASET_1-CLASS_1\chimpanzee\chimpanzee_10519.jpg,chimpanzee,gorilla,18,5
D:\ZSL\CNN\Test_TRIAL_DATASET_1-CLASS_1\chimpanzee\chimpanzee_10520.jpg,chimpanzee,gorilla,18,5
D:\ZSL\CNN\Test_TRIAL_DATASET_1-CLASS_1\chimpanzee\chimpanzee_10521.jpg,chimpanzee,gorilla,18,5
D:\ZSL\CNN\Test_TRIAL_DATASET_1-CLASS_1\chimpanzee\chimpanzee_10522.jpg,chimpanzee,gorilla,18,5
D:\ZSL\CNN\Test_TRIAL_DATASET_1-CLASS_1\chimpanzee\chimpanzee_10523.jpg,chimpanzee,monkey,18,8
D:\ZSL\CNN\Test_TRIAL_DATASET_1-CLASS_1\chimpanzee\chimpanzee_10524.jpg,chimpanzee,monkey,18,8
D:\ZSL\CNN\Test_TRIAL_DATASET_1-CLASS_1\chimpanzee\chimpanzee_10525.jpg,chimpanzee,gorilla,18,5
D:\ZSL\CNN\Test_TRIAL_DATASET_1-CLASS_1\chimpanzee\chimpanzee_10526.jpg,chimpanzee,gorilla,18,5
D:\ZSL\CNN\Test_TRIAL_DATASET_1-CLASS_1\chimpanzee\chimpanzee_10527.jpg,chimpanzee,gorilla,18,5
D:\ZSL\CNN\Test_TRIAL_DATASET_1-CLASS_1\chimpanzee\chimpanzee_10528.jpg,chimpanzee,gorilla,18,5
D:\ZSL\CNN\Test_TRIAL_DATASET_1-CLASS_1\chimpanzee\chimpanzee_10529.jpg,chimpanzee,gorilla,18,5
D:\ZSL\CNN\Test_TRIAL_DATASET_1-CLASS_1\chimpanzee\chimpanzee_10530.jpg,chimpanzee,monkey,18,8
D:\ZSL\CNN\Test_TRIAL_DATASET_1-CLASS_1\chimpanzee\chimpanzee_10531.jpg,chimpanzee,gorilla,18,5
D:\ZSL\CNN\Test_TRIAL_DATASET_1-CLASS_1\chimpanzee\chimpanzee_10532.jpg,chimpanzee,monkey,18,8
D:\ZSL\CNN\Test_TRIAL_DATASET_1-CLASS_1\chimpanzee\chimpanzee_10533.jpg,chimpanzee,mouse,18,9
D:\ZSL\CNN\Test_TRIAL_DATASET_1-CLASS_1\chimpanzee\chimpanzee_10534.jpg,chimpanzee,gorilla,18,5
D:\ZSL\CNN\Test_TRIAL_DATASET_1-CLASS_1\chimpanzee\chimpanzee_10535.jpg,chimpanzee,monkey,18,8
D:\ZSL\CNN\Test_TRIAL_DATASET_1-CLASS_1\chimpanzee\chimpanzee_10536.jpg,chimpanzee,skunk,18,14
D:\ZSL\CNN\Test_TRIAL_DATASET_1-CLASS_1\chimpanzee\chimpanzee_10537.jpg,chimpanzee,gorilla,18,5
D:\ZSL\CNN\Test_TRIAL_DATASET_1-CLASS_1\chimpanzee\chimpanzee_10538.jpg,chimpanzee,monkey,18,8
D:\ZSL\CNN\Test_TRIAL_DATASET_1-CLASS_1\chimpanzee\chimpanzee_10539.jpg,chimpanzee,monkey,18,8
D:\ZSL\CNN\Test_TRIAL_DATASET_1-CLASS_1\chimpanzee\chimpanzee_10540.jpg,chimpanzee,monkey,18,8
D:\ZSL\CNN\Test_TRIAL_DATASET_1-CLASS_1\chimpanzee\chimpanzee_10541.jpg,chimpanzee,gorilla,18,5
D:\ZSL\CNN\Test_TRIAL_DATASET_1-CLASS_1\chimpanzee\chimpanzee_10542.jpg,chimpanzee,monkey,18,8
D:\ZSL\CNN\Test_TRIAL_DATASET_1-CLASS_1\chimpanzee\chimpanzee_10543.jpg,chimpanzee,monkey,18,8
D:\ZSL\CNN\Test_TRIAL_DATASET_1-CLASS_1\chimpanzee\chimpanzee_10544.jpg,chimpanzee,gorilla,18,5
D:\ZSL\CNN\Test_TRIAL_DATASET_1-CLASS_1\chimpanzee\chimpanzee_10545.jpg,chimpanzee,gorilla,18,5
D:\ZSL\CNN\Test_TRIAL_DATASET_1-CLASS_1\chimpanzee\chimpanzee_10546.jpg,chimpanzee,monkey,18,8
D:\ZSL\CNN\Test_TRIAL_DATASET_1-CLASS_1\chimpanzee\chimpanzee_10547.jpg,chimpanzee,monkey,18,8
D:\ZSL\CNN\Test_TRIAL_DATASET_1-CLASS_1\chimpanzee\chimpanzee_10548.jpg,chimpanzee,monkey,18,8
D:\ZSL\CNN\Test_TRIAL_DATASET_1-CLASS_1\chimpanzee\chimpanzee_10549.jpg,chimpanzee,gorilla,18,5
D:\ZSL\CNN\Test_TRIAL_DATASET_1-CLASS_1\chimpanzee\chimpanzee_10550.jpg,chimpanzee,gorilla,18,5
D:\ZSL\CNN\Test_TRIAL_DATASET_1-CLASS_1\chimpanzee\chimpanzee_10551.jpg,chimpanzee,gorilla,18,5
D:\ZSL\CNN\Test_TRIAL_DATASET_1-CLASS_1\chimpanzee\chimpanzee_10552.jpg,chimpanzee,monkey,18,8
D:\ZSL\CNN\Test_TRIAL_DATASET_1-CLASS_1\chimpanzee\chimpanzee_10553.jpg,chimpanzee,monkey,18,8
D:\ZSL\CNN\Test_TRIAL_DATASET_1-CLASS_1\chimpanzee\chimpanzee_10554.jpg,chimpanzee,cow,18,3
D:\ZSL\CNN\Test_TRIAL_DATASET_1-CLASS_1\chimpanzee\chimpanzee_10555.jpg,chimpanzee,gorilla,18,5
D:\ZSL\CNN\Test_TRIAL_DATASET_1-CLASS_1\chimpanzee\chimpanzee_10556.jpg,chimpanzee,gorilla,18,5
D:\ZSL\CNN\Test_TRIAL_DATASET_1-CLASS_1\chimpanzee\chimpanzee_10557.jpg,chimpanzee,gorilla,18,5
D:\ZSL\CNN\Test_TRIAL_DATASET_1-CLASS_1\chimpanzee\chimpanzee_10558.jpg,chimpanzee,monkey,18,8
D:\ZSL\CNN\Test_TRIAL_DATASET_1-CLASS_1\chimpanzee\chimpanzee_10559.jpg,chimpanzee,monkey,18,8
D:\ZSL\CNN\Test_TRIAL_DATASET_1-CLASS_1\chimpanzee\chimpanzee_10560.jpg,chimpanzee,gorilla,18,5
D:\ZSL\CNN\Test_TRIAL_DATASET_1-CLASS_1\chimpanzee\chimpanzee_10561.jpg,chimpanzee,monkey,18,8
D:\ZSL\CNN\Test_TRIAL_DATASET_1-CLASS_1\chimpanzee\chimpanzee_10562.jpg,chimpanzee,cow,18,3
D:\ZSL\CNN\Test_TRIAL_DATASET_1-CLASS_1\chimpanzee\chimpanzee_10563.jpg,chimpanzee,gorilla,18,5
D:\ZSL\CNN\Test_TRIAL_DATASET_1-CLASS_1\chimpanzee\chimpanzee_10564.jpg,chimpanzee,monkey,18,8
D:\ZSL\CNN\Test_TRIAL_DATASET_1-CLASS_1\chimpanzee\chimpanzee_10565.jpg,chimpanzee,gorilla,18,5
D:\ZSL\CNN\Test_TRIAL_DATASET_1-CLASS_1\chimpanzee\chimpanzee_10566.jpg,chimpanzee,gorilla,18,5
D:\ZSL\CNN\Test_TRIAL_DATASET_1-CLASS_1\chimpanzee\chimpanzee_10567.jpg,chimpanzee,gorilla,18,5
D:\ZSL\CNN\Test_TRIAL_DATASET_1-CLASS_1\chimpanzee\chimpanzee_10568.jpg,chimpanzee,monkey,18,8
D:\ZSL\CNN\Test_TRIAL_DATASET_1-CLASS_1\chimpanzee\chimpanzee_10569.jpg,chimpanzee,gorilla,18,5
D:\ZSL\CNN\Test_TRIAL_DATASET_1-CLASS_1\chimpanzee\chimpanzee_10570.jpg,chimpanzee,gorilla,18,5
D:\ZSL\CNN\Test_TRIAL_DATASET_1-CLASS_1\chimpanzee\chimpanzee_10571.jpg,chimpanzee,cow,18,3
D:\ZSL\CNN\Test_TRIAL_DATASET_1-CLASS_1\chimpanzee\chimpanzee_10572.jpg,chimpanzee,gorilla,18,5
D:\ZSL\CNN\Test_TRIAL_DATASET_1-CLASS_1\chimpanzee\chimpanzee_10573.jpg,chimpanzee,monkey,18,8
D:\ZSL\CNN\Test_TRIAL_DATASET_1-CLASS_1\chimpanzee\chimpanzee_10574.jpg,chimpanzee,gorilla,18,5
D:\ZSL\CNN\Test_TRIAL_DATASET_1-CLASS_1\chimpanzee\chimpanzee_10575.jpg,chimpanzee,monkey,18,8
D:\ZSL\CNN\Test_TRIAL_DATASET_1-CLASS_1\chimpanzee\chimpanzee_10576.jpg,chimpanzee,gorilla,18,5
D:\ZSL\CNN\Test_TRIAL_DATASET_1-CLASS_1\chimpanzee\chimpanzee_10577.jpg,chimpanzee,monkey,18,8
D:\ZSL\CNN\Test_TRIAL_DATASET_1-CLASS_1\chimpanzee\chimpanzee_10578.jpg,chimpanzee,gorilla,18,5
D:\ZSL\CNN\Test_TRIAL_DATASET_1-CLASS_1\chimpanzee\chimpanzee_10579.jpg,chimpanzee,gorilla,18,5
D:\ZSL\CNN\Test_TRIAL_DATASET_1-CLASS_1\chimpanzee\chimpanzee_10580.jpg,chimpanzee,gorilla,18,5
D:\ZSL\CNN\Test_TRIAL_DATASET_1-CLASS_1\chimpanzee\chimpanzee_10581.jpg,chimpanzee,monkey,18,8
D:\ZSL\CNN\Test_TRIAL_DATASET_1-CLASS_1\chimpanzee\chimpanzee_10582.jpg,chimpanzee,gorilla,18,5
D:\ZSL\CNN\Test_TRIAL_DATASET_1-CLASS_1\chimpanzee\chimpanzee_10583.jpg,chimpanzee,cow,18,3
D:\ZSL\CNN\Test_TRIAL_DATASET_1-CLASS_1\chimpanzee\chimpanzee_10584.jpg,chimpanzee,monkey,18,8
D:\ZSL\CNN\Test_TRIAL_DATASET_1-CLASS_1\chimpanzee\chimpanzee_10585.jpg,chimpanzee,monkey,18,8
D:\ZSL\CNN\Test_TRIAL_DATASET_1-CLASS_1\chimpanzee\chimpanzee_10586.jpg,chimpanzee,bobcat,18,2
D:\ZSL\CNN\Test_TRIAL_DATASET_1-CLASS_1\chimpanzee\chimpanzee_10587.jpg,chimpanzee,gorilla,18,5
D:\ZSL\CNN\Test_TRIAL_DATASET_1-CLASS_1\chimpanzee\chimpanzee_10588.jpg,chimpanzee,gorilla,18,5
D:\ZSL\CNN\Test_TRIAL_DATASET_1-CLASS_1\chimpanzee\chimpanzee_10589.jpg,chimpanzee,monkey,18,8
D:\ZSL\CNN\Test_TRIAL_DATASET_1-CLASS_1\chimpanzee\chimpanzee_10590.jpg,chimpanzee,monkey,18,8
D:\ZSL\CNN\Test_TRIAL_DATASET_1-CLASS_1\chimpanzee\chimpanzee_10591.jpg,chimpanzee,gorilla,18,5
D:\ZSL\CNN\Test_TRIAL_DATASET_1-CLASS_1\chimpanzee\chimpanzee_10592.jpg,chimpanzee,gorilla,18,5
D:\ZSL\CNN\Test_TRIAL_DATASET_1-CLASS_1\chimpanzee\chimpanzee_10593.jpg,chimpanzee,monkey,18,8
D:\ZSL\CNN\Test_TRIAL_DATASET_1-CLASS_1\chimpanzee\chimpanzee_10594.jpg,chimpanzee,gorilla,18,5
D:\ZSL\CNN\Test_TRIAL_DATASET_1-CLASS_1\chimpanzee\chimpanzee_10595.jpg,chimpanzee,monkey,18,8
D:\ZSL\CNN\Test_TRIAL_DATASET_1-CLASS_1\chimpanzee\chimpanzee_10596.jpg,chimpanzee,monkey,18,8
D:\ZSL\CNN\Test_TRIAL_DATASET_1-CLASS_1\chimpanzee\chimpanzee_10597.jpg,chimpanzee,cow,18,3
D:\ZSL\CNN\Test_TRIAL_DATASET_1-CLASS_1\chimpanzee\chimpanzee_10598.jpg,chimpanzee,walrus,18,17
D:\ZSL\CNN\Test_TRIAL_DATASET_1-CLASS_1\chimpanzee\chimpanzee_10599.jpg,chimpanzee,siamese_cat,18,13
D:\ZSL\CNN\Test_TRIAL_DATASET_1-CLASS_1\chimpanzee\chimpanzee_10600.jpg,chimpanzee,monkey,18,8
D:\ZSL\CNN\Test_TRIAL_DATASET_1-CLASS_1\chimpanzee\chimpanzee_10601.jpg,chimpanzee,monkey,18,8
D:\ZSL\CNN\Test_TRIAL_DATASET_1-CLASS_1\chimpanzee\chimpanzee_10602.jpg,chimpanzee,cow,18,3
D:\ZSL\CNN\Test_TRIAL_DATASET_1-CLASS_1\chimpanzee\chimpanzee_10603.jpg,chimpanzee,monkey,18,8
D:\ZSL\CNN\Test_TRIAL_DATASET_1-CLASS_1\chimpanzee\chimpanzee_10604.jpg,chimpanzee,walrus,18,17
D:\ZSL\CNN\Test_TRIAL_DATASET_1-CLASS_1\chimpanzee\chimpanzee_10605.jpg,chimpanzee,monkey,18,8
D:\ZSL\CNN\Test_TRIAL_DATASET_1-CLASS_1\chimpanzee\chimpanzee_10606.jpg,chimpanzee,gorilla,18,5
D:\ZSL\CNN\Test_TRIAL_DATASET_1-CLASS_1\chimpanzee\chimpanzee_10607.jpg,chimpanzee,gorilla,18,5
D:\ZSL\CNN\Test_TRIAL_DATASET_1-CLASS_1\chimpanzee\chimpanzee_10608.jpg,chimpanzee,gorilla,18,5
D:\ZSL\CNN\Test_TRIAL_DATASET_1-CLASS_1\chimpanzee\chimpanzee_10609.jpg,chimpanzee,gorilla,18,5
D:\ZSL\CNN\Test_TRIAL_DATASET_1-CLASS_1\chimpanzee\chimpanzee_10610.jpg,chimpanzee,monkey,18,8
D:\ZSL\CNN\Test_TRIAL_DATASET_1-CLASS_1\chimpanzee\chimpanzee_10611.jpg,chimpanzee,gorilla,18,5
D:\ZSL\CNN\Test_TRIAL_DATASET_1-CLASS_1\chimpanzee\chimpanzee_10612.jpg,chimpanzee,monkey,18,8
D:\ZSL\CNN\Test_TRIAL_DATASET_1-CLASS_1\chimpanzee\chimpanzee_10613.jpg,chimpanzee,monkey,18,8
D:\ZSL\CNN\Test_TRIAL_DATASET_1-CLASS_1\chimpanzee\chimpanzee_10614.jpg,chimpanzee,gorilla,18,5
D:\ZSL\CNN\Test_TRIAL_DATASET_1-CLASS_1\chimpanzee\chimpanzee_10615.jpg,chimpanzee,monkey,18,8
D:\ZSL\CNN\Test_TRIAL_DATASET_1-CLASS_1\chimpanzee\chimpanzee_10616.jpg,chimpanzee,monkey,18,8
D:\ZSL\CNN\Test_TRIAL_DATASET_1-CLASS_1\chimpanzee\chimpanzee_10617.jpg,chimpanzee,gorilla,18,5
D:\ZSL\CNN\Test_TRIAL_DATASET_1-CLASS_1\chimpanzee\chimpanzee_10618.jpg,chimpanzee,gorilla,18,5
D:\ZSL\CNN\Test_TRIAL_DATASET_1-CLASS_1\chimpanzee\chimpanzee_10619.jpg,chimpanzee,gorilla,18,5
D:\ZSL\CNN\Test_TRIAL_DATASET_1-CLASS_1\chimpanzee\chimpanzee_10620.jpg,chimpanzee,monkey,18,8
D:\ZSL\CNN\Test_TRIAL_DATASET_1-CLASS_1\chimpanzee\chimpanzee_10621.jpg,chimpanzee,gorilla,18,5
D:\ZSL\CNN\Test_TRIAL_DATASET_1-CLASS_1\chimpanzee\chimpanzee_10622.jpg,chimpanzee,gorilla,18,5
D:\ZSL\CNN\Test_TRIAL_DATASET_1-CLASS_1\chimpanzee\chimpanzee_10623.jpg,chimpanzee,gorilla,18,5
D:\ZSL\CNN\Test_TRIAL_DATASET_1-CLASS_1\chimpanzee\chimpanzee_10624.jpg,chimpanzee,gorilla,18,5
D:\ZSL\CNN\Test_TRIAL_DATASET_1-CLASS_1\chimpanzee\chimpanzee_10625.jpg,chimpanzee,gorilla,18,5
D:\ZSL\CNN\Test_TRIAL_DATASET_1-CLASS_1\chimpanzee\chimpanzee_10626.jpg,chimpanzee,monkey,18,8
D:\ZSL\CNN\Test_TRIAL_DATASET_1-CLASS_1\chimpanzee\chimpanzee_10627.jpg,chimpanzee,monkey,18,8
D:\ZSL\CNN\Test_TRIAL_DATASET_1-CLASS_1\chimpanzee\chimpanzee_10628.jpg,chimpanzee,gorilla,18,5
D:\ZSL\CNN\Test_TRIAL_DATASET_1-CLASS_1\chimpanzee\chimpanzee_10629.jpg,chimpanzee,gorilla,18,5
D:\ZSL\CNN\Test_TRIAL_DATASET_1-CLASS_1\chimpanzee\chimpanzee_10630.jpg,chimpanzee,gorilla,18,5
D:\ZSL\CNN\Test_TRIAL_DATASET_1-CLASS_1\chimpanzee\chimpanzee_10631.jpg,chimpanzee,gorilla,18,5
D:\ZSL\CNN\Test_TRIAL_DATASET_1-CLASS_1\chimpanzee\chimpanzee_10632.jpg,chimpanzee,monkey,18,8
D:\ZSL\CNN\Test_TRIAL_DATASET_1-CLASS_1\chimpanzee\chimpanzee_10633.jpg,chimpanzee,gorilla,18,5
D:\ZSL\CNN\Test_TRIAL_DATASET_1-CLASS_1\chimpanzee\chimpanzee_10634.jpg,chimpanzee,monkey,18,8
D:\ZSL\CNN\Test_TRIAL_DATASET_1-CLASS_1\chimpanzee\chimpanzee_10635.jpg,chimpanzee,monkey,18,8
D:\ZSL\CNN\Test_TRIAL_DATASET_1-CLASS_1\chimpanzee\chimpanzee_10636.jpg,chimpanzee,monkey,18,8
D:\ZSL\CNN\Test_TRIAL_DATASET_1-CLASS_1\chimpanzee\chimpanzee_10637.jpg,chimpanzee,monkey,18,8
D:\ZSL\CNN\Test_TRIAL_DATASET_1-CLASS_1\chimpanzee\chimpanzee_10638.jpg,chimpanzee,gorilla,18,5
D:\ZSL\CNN\Test_TRIAL_DATASET_1-CLASS_1\chimpanzee\chimpanzee_10639.jpg,chimpanzee,gorilla,18,5
D:\ZSL\CNN\Test_TRIAL_DATASET_1-CLASS_1\chimpanzee\chimpanzee_10640.jpg,chimpanzee,monkey,18,8
D:\ZSL\CNN\Test_TRIAL_DATASET_1-CLASS_1\chimpanzee\chimpanzee_10641.jpg,chimpanzee,monkey,18,8
D:\ZSL\CNN\Test_TRIAL_DATASET_1-CLASS_1\chimpanzee\chimpanzee_10642.jpg,chimpanzee,killer_whale,18,6
D:\ZSL\CNN\Test_TRIAL_DATASET_1-CLASS_1\chimpanzee\chimpanzee_10643.jpg,chimpanzee,monkey,18,8
D:\ZSL\CNN\Test_TRIAL_DATASET_1-CLASS_1\chimpanzee\chimpanzee_10644.jpg,chimpanzee,gorilla,18,5
D:\ZSL\CNN\Test_TRIAL_DATASET_1-CLASS_1\chimpanzee\chimpanzee_10645.jpg,chimpanzee,monkey,18,8
D:\ZSL\CNN\Test_TRIAL_DATASET_1-CLASS_1\chimpanzee\chimpanzee_10646.jpg,chimpanzee,monkey,18,8
D:\ZSL\CNN\Test_TRIAL_DATASET_1-CLASS_1\chimpanzee\chimpanzee_10647.jpg,chimpanzee,monkey,18,8
D:\ZSL\CNN\Test_TRIAL_DATASET_1-CLASS_1\chimpanzee\chimpanzee_10648.jpg,chimpanzee,monkey,18,8
D:\ZSL\CNN\Test_TRIAL_DATASET_1-CLASS_1\chimpanzee\chimpanzee_10649.jpg,chimpanzee,gorilla,18,5
D:\ZSL\CNN\Test_TRIAL_DATASET_1-CLASS_1\chimpanzee\chimpanzee_10650.jpg,chimpanzee,monkey,18,8
D:\ZSL\CNN\Test_TRIAL_DATASET_1-CLASS_1\chimpanzee\chimpanzee_10651.jpg,chimpanzee,monkey,18,8
D:\ZSL\CNN\Test_TRIAL_DATASET_1-CLASS_1\chimpanzee\chimpanzee_10652.jpg,chimpanzee,skunk,18,14
D:\ZSL\CNN\Test_TRIAL_DATASET_1-CLASS_1\chimpanzee\chimpanzee_10653.jpg,chimpanzee,gorilla,18,5
D:\ZSL\CNN\Test_TRIAL_DATASET_1-CLASS_1\chimpanzee\chimpanzee_10654.jpg,chimpanzee,monkey,18,8
D:\ZSL\CNN\Test_TRIAL_DATASET_1-CLASS_1\chimpanzee\chimpanzee_10655.jpg,chimpanzee,monkey,18,8
D:\ZSL\CNN\Test_TRIAL_DATASET_1-CLASS_1\chimpanzee\chimpanzee_10656.jpg,chimpanzee,gorilla,18,5
D:\ZSL\CNN\Test_TRIAL_DATASET_1-CLASS_1\chimpanzee\chimpanzee_10657.jpg,chimpanzee,gorilla,18,5
D:\ZSL\CNN\Test_TRIAL_DATASET_1-CLASS_1\chimpanzee\chimpanzee_10658.jpg,chimpanzee,monkey,18,8
D:\ZSL\CNN\Test_TRIAL_DATASET_1-CLASS_1\chimpanzee\chimpanzee_10659.jpg,chimpanzee,monkey,18,8
D:\ZSL\CNN\Test_TRIAL_DATASET_1-CLASS_1\chimpanzee\chimpanzee_10660.jpg,chimpanzee,cow,18,3
D:\ZSL\CNN\Test_TRIAL_DATASET_1-CLASS_1\chimpanzee\chimpanzee_10661.jpg,chimpanzee,monkey,18,8
D:\ZSL\CNN\Test_TRIAL_DATASET_1-CLASS_1\chimpanzee\chimpanzee_10662.jpg,chimpanzee,gorilla,18,5
D:\ZSL\CNN\Test_TRIAL_DATASET_1-CLASS_1\chimpanzee\chimpanzee_10663.jpg,chimpanzee,monkey,18,8
D:\ZSL\CNN\Test_TRIAL_DATASET_1-CLASS_1\chimpanzee\chimpanzee_10664.jpg,chimpanzee,gorilla,18,5
D:\ZSL\CNN\Test_TRIAL_DATASET_1-CLASS_1\chimpanzee\chimpanzee_10665.jpg,chimpanzee,gorilla,18,5
D:\ZSL\CNN\Test_TRIAL_DATASET_1-CLASS_1\chimpanzee\chimpanzee_10666.jpg,chimpanzee,gorilla,18,5
D:\ZSL\CNN\Test_TRIAL_DATASET_1-CLASS_1\chimpanzee\chimpanzee_10667.jpg,chimpanzee,monkey,18,8
D:\ZSL\CNN\Test_TRIAL_DATASET_1-CLASS_1\chimpanzee\chimpanzee_10668.jpg,chimpanzee,monkey,18,8
D:\ZSL\CNN\Test_TRIAL_DATASET_1-CLASS_1\chimpanzee\chimpanzee_10669.jpg,chimpanzee,monkey,18,8
D:\ZSL\CNN\Test_TRIAL_DATASET_1-CLASS_1\chimpanzee\chimpanzee_10670.jpg,chimpanzee,monkey,18,8
D:\ZSL\CNN\Test_TRIAL_DATASET_1-CLASS_1\chimpanzee\chimpanzee_10671.jpg,chimpanzee,monkey,18,8
D:\ZSL\CNN\Test_TRIAL_DATASET_1-CLASS_1\chimpanzee\chimpanzee_10672.jpg,chimpanzee,monkey,18,8
D:\ZSL\CNN\Test_TRIAL_DATASET_1-CLASS_1\chimpanzee\chimpanzee_10673.jpg,chimpanzee,monkey,18,8
D:\ZSL\CNN\Test_TRIAL_DATASET_1-CLASS_1\chimpanzee\chimpanzee_10674.jpg,chimpanzee,monkey,18,8
D:\ZSL\CNN\Test_TRIAL_DATASET_1-CLASS_1\chimpanzee\chimpanzee_10675.jpg,chimpanzee,gorilla,18,5
D:\ZSL\CNN\Test_TRIAL_DATASET_1-CLASS_1\chimpanzee\chimpanzee_10676.jpg,chimpanzee,gorilla,18,5
D:\ZSL\CNN\Test_TRIAL_DATASET_1-CLASS_1\chimpanzee\chimpanzee_10677.jpg,chimpanzee,monkey,18,8
D:\ZSL\CNN\Test_TRIAL_DATASET_1-CLASS_1\chimpanzee\chimpanzee_10678.jpg,chimpanzee,monkey,18,8
D:\ZSL\CNN\Test_TRIAL_DATASET_1-CLASS_1\chimpanzee\chimpanzee_10679.jpg,chimpanzee,monkey,18,8
D:\ZSL\CNN\Test_TRIAL_DATASET_1-CLASS_1\chimpanzee\chimpanzee_10680.jpg,chimpanzee,gorilla,18,5
D:\ZSL\CNN\Test_TRIAL_DATASET_1-CLASS_1\chimpanzee\chimpanzee_10681.jpg,chimpanzee,monkey,18,8
D:\ZSL\CNN\Test_TRIAL_DATASET_1-CLASS_1\chimpanzee\chimpanzee_10682.jpg,chimpanzee,gorilla,18,5
D:\ZSL\CNN\Test_TRIAL_DATASET_1-CLASS_1\chimpanzee\chimpanzee_10683.jpg,chimpanzee,gorilla,18,5
D:\ZSL\CNN\Test_TRIAL_DATASET_1-CLASS_1\chimpanzee\chimpanzee_10684.jpg,chimpanzee,monkey,18,8
D:\ZSL\CNN\Test_TRIAL_DATASET_1-CLASS_1\chimpanzee\chimpanzee_10685.jpg,chimpanzee,monkey,18,8
D:\ZSL\CNN\Test_TRIAL_DATASET_1-CLASS_1\chimpanzee\chimpanzee_10686.jpg,chimpanzee,monkey,18,8
D:\ZSL\CNN\Test_TRIAL_DATASET_1-CLASS_1\chimpanzee\chimpanzee_10687.jpg,chimpanzee,gorilla,18,5
D:\ZSL\CNN\Test_TRIAL_DATASET_1-CLASS_1\chimpanzee\chimpanzee_10688.jpg,chimpanzee,gorilla,18,5
D:\ZSL\CNN\Test_TRIAL_DATASET_1-CLASS_1\chimpanzee\chimpanzee_10689.jpg,chimpanzee,gorilla,18,5
D:\ZSL\CNN\Test_TRIAL_DATASET_1-CLASS_1\chimpanzee\chimpanzee_10690.jpg,chimpanzee,monkey,18,8
D:\ZSL\CNN\Test_TRIAL_DATASET_1-CLASS_1\chimpanzee\chimpanzee_10691.jpg,chimpanzee,monkey,18,8
D:\ZSL\CNN\Test_TRIAL_DATASET_1-CLASS_1\chimpanzee\chimpanzee_10692.jpg,chimpanzee,monkey,18,8
D:\ZSL\CNN\Test_TRIAL_DATASET_1-CLASS_1\chimpanzee\chimpanzee_10693.jpg,chimpanzee,monkey,18,8
D:\ZSL\CNN\Test_TRIAL_DATASET_1-CLASS_1\chimpanzee\chimpanzee_10694.jpg,chimpanzee,monkey,18,8
D:\ZSL\CNN\Test_TRIAL_DATASET_1-CLASS_1\chimpanzee\chimpanzee_10695.jpg,chimpanzee,walrus,18,17
D:\ZSL\CNN\Test_TRIAL_DATASET_1-CLASS_1\chimpanzee\chimpanzee_10696.jpg,chimpanzee,monkey,18,8
D:\ZSL\CNN\Test_TRIAL_DATASET_1-CLASS_1\chimpanzee\chimpanzee_10697.jpg,chimpanzee,gorilla,18,5
D:\ZSL\CNN\Test_TRIAL_DATASET_1-CLASS_1\chimpanzee\chimpanzee_10698.jpg,chimpanzee,gorilla,18,5
D:\ZSL\CNN\Test_TRIAL_DATASET_1-CLASS_1\chimpanzee\chimpanzee_10699.jpg,chimpanzee,gorilla,18,5
D:\ZSL\CNN\Test_TRIAL_DATASET_1-CLASS_1\chimpanzee\chimpanzee_10700.jpg,chimpanzee,gorilla,18,5
D:\ZSL\CNN\Test_TRIAL_DATASET_1-CLASS_1\chimpanzee\chimpanzee_10701.jpg,chimpanzee,monkey,18,8
D:\ZSL\CNN\Test_TRIAL_DATASET_1-CLASS_1\chimpanzee\chimpanzee_10702.jpg,chimpanzee,monkey,18,8
D:\ZSL\CNN\Test_TRIAL_DATASET_1-CLASS_1\chimpanzee\chimpanzee_10703.jpg,chimpanzee,gorilla,18,5
D:\ZSL\CNN\Test_TRIAL_DATASET_1-CLASS_1\chimpanzee\chimpanzee_10704.jpg,chimpanzee,monkey,18,8
D:\ZSL\CNN\Test_TRIAL_DATASET_1-CLASS_1\chimpanzee\chimpanzee_10705.jpg,chimpanzee,gorilla,18,5
D:\ZSL\CNN\Test_TRIAL_DATASET_1-CLASS_1\chimpanzee\chimpanzee_10706.jpg,chimpanzee,gorilla,18,5
D:\ZSL\CNN\Test_TRIAL_DATASET_1-CLASS_1\chimpanzee\chimpanzee_10707.jpg,chimpanzee,gorilla,18,5
D:\ZSL\CNN\Test_TRIAL_DATASET_1-CLASS_1\chimpanzee\chimpanzee_10708.jpg,chimpanzee,cow,18,3
D:\ZSL\CNN\Test_TRIAL_DATASET_1-CLASS_1\chimpanzee\chimpanzee_10709.jpg,chimpanzee,gorilla,18,5
D:\ZSL\CNN\Test_TRIAL_DATASET_1-CLASS_1\chimpanzee\chimpanzee_10710.jpg,chimpanzee,gorilla,18,5
D:\ZSL\CNN\Test_TRIAL_DATASET_1-CLASS_1\chimpanzee\chimpanzee_10711.jpg,chimpanzee,gorilla,18,5
D:\ZSL\CNN\Test_TRIAL_DATASET_1-CLASS_1\chimpanzee\chimpanzee_10712.jpg,chimpanzee,gorilla,18,5
D:\ZSL\CNN\Test_TRIAL_DATASET_1-CLASS_1\chimpanzee\chimpanzee_10713.jpg,chimpanzee,gorilla,18,5
D:\ZSL\CNN\Test_TRIAL_DATASET_1-CLASS_1\chimpanzee\chimpanzee_10714.jpg,chimpanzee,monkey,18,8
D:\ZSL\CNN\Test_TRIAL_DATASET_1-CLASS_1\chimpanzee\chimpanzee_10715.jpg,chimpanzee,monkey,18,8
D:\ZSL\CNN\Test_TRIAL_DATASET_1-CLASS_1\chimpanzee\chimpanzee_10716.jpg,chimpanzee,monkey,18,8
D:\ZSL\CNN\Test_TRIAL_DATASET_1-CLASS_1\chimpanzee\chimpanzee_10717.jpg,chimpanzee,monkey,18,8
D:\ZSL\CNN\Test_TRIAL_DATASET_1-CLASS_1\chimpanzee\chimpanzee_10718.jpg,chimpanzee,gorilla,18,5
D:\ZSL\CNN\Test_TRIAL_DATASET_1-CLASS_1\chimpanzee\chimpanzee_10719.jpg,chimpanzee,monkey,18,8
D:\ZSL\CNN\Test_TRIAL_DATASET_1-CLASS_1\chimpanzee\chimpanzee_10720.jpg,chimpanzee,gorilla,18,5
D:\ZSL\CNN\Test_TRIAL_DATASET_1-CLASS_1\chimpanzee\chimpanzee_10721.jpg,chimpanzee,gorilla,18,5
D:\ZSL\CNN\Test_TRIAL_DATASET_1-CLASS_1\chimpanzee\chimpanzee_10722.jpg,chimpanzee,monkey,18,8
D:\ZSL\CNN\Test_TRIAL_DATASET_1-CLASS_1\chimpanzee\chimpanzee_10723.jpg,chimpanzee,monkey,18,8
D:\ZSL\CNN\Test_TRIAL_DATASET_1-CLASS_1\chimpanzee\chimpanzee_10724.jpg,chimpanzee,monkey,18,8
D:\ZSL\CNN\Test_TRIAL_DATASET_1-CLASS_1\chimpanzee\chimpanzee_10725.jpg,chimpanzee,gorilla,18,5
D:\ZSL\CNN\Test_TRIAL_DATASET_1-CLASS_1\chimpanzee\chimpanzee_10726.jpg,chimpanzee,monkey,18,8
D:\ZSL\CNN\Test_TRIAL_DATASET_1-CLASS_1\chimpanzee\chimpanzee_10727.jpg,chimpanzee,monkey,18,8
D:\ZSL\CNN\Test_TRIAL_DATASET_1-CLASS_1\chimpanzee\chimpanzee_10728.jpg,chimpanzee,monkey,18,8
