image_path,image_label,pred_image_label,act_label,pred_label,cleaned_pred_label,top5_similar_labels_with_scores
D:\ZSL\CNN\Test_TRIAL_DATASET_1-CLASS_1\rat\rat_10001.jpg,rat,mouse,26,9,mouse,"(['rat', 'leopard', 'pig', 'raccoon', 'persian cat'], [84.74, 53.94, 16.24, -3.35, -10.14])"
D:\ZSL\CNN\Test_TRIAL_DATASET_1-CLASS_1\rat\rat_10002.jpg,rat,mouse,26,9,mouse,"(['rat', 'leopard', 'pig', 'raccoon', 'persian cat'], [84.74, 53.94, 16.24, -3.35, -10.14])"
D:\ZSL\CNN\Test_TRIAL_DATASET_1-CLASS_1\rat\rat_10003.jpg,rat,mouse,26,9,mouse,"(['rat', 'leopard', 'pig', 'raccoon', 'persian cat'], [84.74, 53.94, 16.24, -3.35, -10.14])"
D:\ZSL\CNN\Test_TRIAL_DATASET_1-CLASS_1\rat\rat_10004.jpg,rat,mouse,26,9,mouse,"(['rat', 'leopard', 'pig', 'raccoon', 'persian cat'], [84.74, 53.94, 16.24, -3.35, -10.14])"
D:\ZSL\CNN\Test_TRIAL_DATASET_1-CLASS_1\rat\rat_10005.jpg,rat,mouse,26,9,mouse,"(['rat', 'leopard', 'pig', 'raccoon', 'persian cat'], [84.74, 53.94, 16.24, -3.35, -10.14])"
D:\ZSL\CNN\Test_TRIAL_DATASET_1-CLASS_1\rat\rat_10006.jpg,rat,mouse,26,9,mouse,"(['rat', 'leopard', 'pig', 'raccoon', 'persian cat'], [84.74, 53.94, 16.24, -3.35, -10.14])"
D:\ZSL\CNN\Test_TRIAL_DATASET_1-CLASS_1\rat\rat_10007.jpg,rat,mouse,26,9,mouse,"(['rat', 'leopard', 'pig', 'raccoon', 'persian cat'], [84.74, 53.94, 16.24, -3.35, -10.14])"
D:\ZSL\CNN\Test_TRIAL_DATASET_1-CLASS_1\rat\rat_10008.jpg,rat,mouse,26,9,mouse,"(['rat', 'leopard', 'pig', 'raccoon', 'persian cat'], [84.74, 53.94, 16.24, -3.35, -10.14])"
D:\ZSL\CNN\Test_TRIAL_DATASET_1-CLASS_1\rat\rat_10009.jpg,rat,mouse,26,9,mouse,"(['rat', 'leopard', 'pig', 'raccoon', 'persian cat'], [84.74, 53.94, 16.24, -3.35, -10.14])"
D:\ZSL\CNN\Test_TRIAL_DATASET_1-CLASS_1\rat\rat_10010.jpg,rat,mouse,26,9,mouse,"(['rat', 'leopard', 'pig', 'raccoon', 'persian cat'], [84.74, 53.94, 16.24, -3.35, -10.14])"
D:\ZSL\CNN\Test_TRIAL_DATASET_1-CLASS_1\rat\rat_10011.jpg,rat,mouse,26,9,mouse,"(['rat', 'leopard', 'pig', 'raccoon', 'persian cat'], [84.74, 53.94, 16.24, -3.35, -10.14])"
D:\ZSL\CNN\Test_TRIAL_DATASET_1-CLASS_1\rat\rat_10012.jpg,rat,mouse,26,9,mouse,"(['rat', 'leopard', 'pig', 'raccoon', 'persian cat'], [84.74, 53.94, 16.24, -3.35, -10.14])"
D:\ZSL\CNN\Test_TRIAL_DATASET_1-CLASS_1\rat\rat_10013.jpg,rat,mouse,26,9,mouse,"(['rat', 'leopard', 'pig', 'raccoon', 'persian cat'], [84.74, 53.94, 16.24, -3.35, -10.14])"
D:\ZSL\CNN\Test_TRIAL_DATASET_1-CLASS_1\rat\rat_10014.jpg,rat,mouse,26,9,mouse,"(['rat', 'leopard', 'pig', 'raccoon', 'persian cat'], [84.74, 53.94, 16.24, -3.35, -10.14])"
D:\ZSL\CNN\Test_TRIAL_DATASET_1-CLASS_1\rat\rat_10015.jpg,rat,mouse,26,9,mouse,"(['rat', 'leopard', 'pig', 'raccoon', 'persian cat'], [84.74, 53.94, 16.24, -3.35, -10.14])"
D:\ZSL\CNN\Test_TRIAL_DATASET_1-CLASS_1\rat\rat_10016.jpg,rat,mouse,26,9,mouse,"(['rat', 'leopard', 'pig', 'raccoon', 'persian cat'], [84.74, 53.94, 16.24, -3.35, -10.14])"
D:\ZSL\CNN\Test_TRIAL_DATASET_1-CLASS_1\rat\rat_10017.jpg,rat,skunk,26,14,skunk,"(['rat', 'raccoon', 'seal', 'pig', 'giant panda'], [62.36, 41.18, 24.96, 18.58, -0.51])"
D:\ZSL\CNN\Test_TRIAL_DATASET_1-CLASS_1\rat\rat_10018.jpg,rat,mouse,26,9,mouse,"(['rat', 'leopard', 'pig', 'raccoon', 'persian cat'], [84.74, 53.94, 16.24, -3.35, -10.14])"
D:\ZSL\CNN\Test_TRIAL_DATASET_1-CLASS_1\rat\rat_10019.jpg,rat,mouse,26,9,mouse,"(['rat', 'leopard', 'pig', 'raccoon', 'persian cat'], [84.74, 53.94, 16.24, -3.35, -10.14])"
D:\ZSL\CNN\Test_TRIAL_DATASET_1-CLASS_1\rat\rat_10020.jpg,rat,skunk,26,14,skunk,"(['rat', 'raccoon', 'seal', 'pig', 'giant panda'], [62.36, 41.18, 24.96, 18.58, -0.51])"
D:\ZSL\CNN\Test_TRIAL_DATASET_1-CLASS_1\rat\rat_10021.jpg,rat,mouse,26,9,mouse,"(['rat', 'leopard', 'pig', 'raccoon', 'persian cat'], [84.74, 53.94, 16.24, -3.35, -10.14])"
D:\ZSL\CNN\Test_TRIAL_DATASET_1-CLASS_1\rat\rat_10022.jpg,rat,mouse,26,9,mouse,"(['rat', 'leopard', 'pig', 'raccoon', 'persian cat'], [84.74, 53.94, 16.24, -3.35, -10.14])"
D:\ZSL\CNN\Test_TRIAL_DATASET_1-CLASS_1\rat\rat_10023.jpg,rat,mouse,26,9,mouse,"(['rat', 'leopard', 'pig', 'raccoon', 'persian cat'], [84.74, 53.94, 16.24, -3.35, -10.14])"
D:\ZSL\CNN\Test_TRIAL_DATASET_1-CLASS_1\rat\rat_10024.jpg,rat,mouse,26,9,mouse,"(['rat', 'leopard', 'pig', 'raccoon', 'persian cat'], [84.74, 53.94, 16.24, -3.35, -10.14])"
D:\ZSL\CNN\Test_TRIAL_DATASET_1-CLASS_1\rat\rat_10025.jpg,rat,mouse,26,9,mouse,"(['rat', 'leopard', 'pig', 'raccoon', 'persian cat'], [84.74, 53.94, 16.24, -3.35, -10.14])"
D:\ZSL\CNN\Test_TRIAL_DATASET_1-CLASS_1\rat\rat_10026.jpg,rat,mouse,26,9,mouse,"(['rat', 'leopard', 'pig', 'raccoon', 'persian cat'], [84.74, 53.94, 16.24, -3.35, -10.14])"
D:\ZSL\CNN\Test_TRIAL_DATASET_1-CLASS_1\rat\rat_10027.jpg,rat,mouse,26,9,mouse,"(['rat', 'leopard', 'pig', 'raccoon', 'persian cat'], [84.74, 53.94, 16.24, -3.35, -10.14])"
D:\ZSL\CNN\Test_TRIAL_DATASET_1-CLASS_1\rat\rat_10028.jpg,rat,skunk,26,14,skunk,"(['rat', 'raccoon', 'seal', 'pig', 'giant panda'], [62.36, 41.18, 24.96, 18.58, -0.51])"
D:\ZSL\CNN\Test_TRIAL_DATASET_1-CLASS_1\rat\rat_10029.jpg,rat,mouse,26,9,mouse,"(['rat', 'leopard', 'pig', 'raccoon', 'persian cat'], [84.74, 53.94, 16.24, -3.35, -10.14])"
D:\ZSL\CNN\Test_TRIAL_DATASET_1-CLASS_1\rat\rat_10030.jpg,rat,mouse,26,9,mouse,"(['rat', 'leopard', 'pig', 'raccoon', 'persian cat'], [84.74, 53.94, 16.24, -3.35, -10.14])"
D:\ZSL\CNN\Test_TRIAL_DATASET_1-CLASS_1\rat\rat_10031.jpg,rat,mouse,26,9,mouse,"(['rat', 'leopard', 'pig', 'raccoon', 'persian cat'], [84.74, 53.94, 16.24, -3.35, -10.14])"
D:\ZSL\CNN\Test_TRIAL_DATASET_1-CLASS_1\rat\rat_10032.jpg,rat,mouse,26,9,mouse,"(['rat', 'leopard', 'pig', 'raccoon', 'persian cat'], [84.74, 53.94, 16.24, -3.35, -10.14])"
D:\ZSL\CNN\Test_TRIAL_DATASET_1-CLASS_1\rat\rat_10033.jpg,rat,skunk,26,14,skunk,"(['rat', 'raccoon', 'seal', 'pig', 'giant panda'], [62.36, 41.18, 24.96, 18.58, -0.51])"
D:\ZSL\CNN\Test_TRIAL_DATASET_1-CLASS_1\rat\rat_10034.jpg,rat,mouse,26,9,mouse,"(['rat', 'leopard', 'pig', 'raccoon', 'persian cat'], [84.74, 53.94, 16.24, -3.35, -10.14])"
D:\ZSL\CNN\Test_TRIAL_DATASET_1-CLASS_1\rat\rat_10035.jpg,rat,mouse,26,9,mouse,"(['rat', 'leopard', 'pig', 'raccoon', 'persian cat'], [84.74, 53.94, 16.24, -3.35, -10.14])"
D:\ZSL\CNN\Test_TRIAL_DATASET_1-CLASS_1\rat\rat_10036.jpg,rat,mouse,26,9,mouse,"(['rat', 'leopard', 'pig', 'raccoon', 'persian cat'], [84.74, 53.94, 16.24, -3.35, -10.14])"
D:\ZSL\CNN\Test_TRIAL_DATASET_1-CLASS_1\rat\rat_10037.jpg,rat,mouse,26,9,mouse,"(['rat', 'leopard', 'pig', 'raccoon', 'persian cat'], [84.74, 53.94, 16.24, -3.35, -10.14])"
D:\ZSL\CNN\Test_TRIAL_DATASET_1-CLASS_1\rat\rat_10038.jpg,rat,mouse,26,9,mouse,"(['rat', 'leopard', 'pig', 'raccoon', 'persian cat'], [84.74, 53.94, 16.24, -3.35, -10.14])"
D:\ZSL\CNN\Test_TRIAL_DATASET_1-CLASS_1\rat\rat_10039.jpg,rat,mouse,26,9,mouse,"(['rat', 'leopard', 'pig', 'raccoon', 'persian cat'], [84.74, 53.94, 16.24, -3.35, -10.14])"
D:\ZSL\CNN\Test_TRIAL_DATASET_1-CLASS_1\rat\rat_10040.jpg,rat,monkey,26,8,monkey,"(['chimpanzee', 'pig', 'rat', 'leopard', 'giant panda'], [75.57, 41.33, 32.04, 6.61, -8.35])"
D:\ZSL\CNN\Test_TRIAL_DATASET_1-CLASS_1\rat\rat_10041.jpg,rat,mouse,26,9,mouse,"(['rat', 'leopard', 'pig', 'raccoon', 'persian cat'], [84.74, 53.94, 16.24, -3.35, -10.14])"
D:\ZSL\CNN\Test_TRIAL_DATASET_1-CLASS_1\rat\rat_10042.jpg,rat,mouse,26,9,mouse,"(['rat', 'leopard', 'pig', 'raccoon', 'persian cat'], [84.74, 53.94, 16.24, -3.35, -10.14])"
D:\ZSL\CNN\Test_TRIAL_DATASET_1-CLASS_1\rat\rat_10043.jpg,rat,mouse,26,9,mouse,"(['rat', 'leopard', 'pig', 'raccoon', 'persian cat'], [84.74, 53.94, 16.24, -3.35, -10.14])"
D:\ZSL\CNN\Test_TRIAL_DATASET_1-CLASS_1\rat\rat_10044.jpg,rat,mouse,26,9,mouse,"(['rat', 'leopard', 'pig', 'raccoon', 'persian cat'], [84.74, 53.94, 16.24, -3.35, -10.14])"
D:\ZSL\CNN\Test_TRIAL_DATASET_1-CLASS_1\rat\rat_10045.jpg,rat,siamese_cat,26,13,siamese cat,"(['persian cat', 'leopard', 'giant panda', 'raccoon', 'seal'], [95.16, 17.06, 6.12, -5.49, -8.13])"
D:\ZSL\CNN\Test_TRIAL_DATASET_1-CLASS_1\rat\rat_10046.jpg,rat,mouse,26,9,mouse,"(['rat', 'leopard', 'pig', 'raccoon', 'persian cat'], [84.74, 53.94, 16.24, -3.35, -10.14])"
D:\ZSL\CNN\Test_TRIAL_DATASET_1-CLASS_1\rat\rat_10047.jpg,rat,mouse,26,9,mouse,"(['rat', 'leopard', 'pig', 'raccoon', 'persian cat'], [84.74, 53.94, 16.24, -3.35, -10.14])"
D:\ZSL\CNN\Test_TRIAL_DATASET_1-CLASS_1\rat\rat_10048.jpg,rat,siamese_cat,26,13,siamese cat,"(['persian cat', 'leopard', 'giant panda', 'raccoon', 'seal'], [95.16, 17.06, 6.12, -5.49, -8.13])"
D:\ZSL\CNN\Test_TRIAL_DATASET_1-CLASS_1\rat\rat_10049.jpg,rat,mouse,26,9,mouse,"(['rat', 'leopard', 'pig', 'raccoon', 'persian cat'], [84.74, 53.94, 16.24, -3.35, -10.14])"
D:\ZSL\CNN\Test_TRIAL_DATASET_1-CLASS_1\rat\rat_10050.jpg,rat,mouse,26,9,mouse,"(['rat', 'leopard', 'pig', 'raccoon', 'persian cat'], [84.74, 53.94, 16.24, -3.35, -10.14])"
D:\ZSL\CNN\Test_TRIAL_DATASET_1-CLASS_1\rat\rat_10051.jpg,rat,siamese_cat,26,13,siamese cat,"(['persian cat', 'leopard', 'giant panda', 'raccoon', 'seal'], [95.16, 17.06, 6.12, -5.49, -8.13])"
D:\ZSL\CNN\Test_TRIAL_DATASET_1-CLASS_1\rat\rat_10052.jpg,rat,mouse,26,9,mouse,"(['rat', 'leopard', 'pig', 'raccoon', 'persian cat'], [84.74, 53.94, 16.24, -3.35, -10.14])"
D:\ZSL\CNN\Test_TRIAL_DATASET_1-CLASS_1\rat\rat_10053.jpg,rat,mouse,26,9,mouse,"(['rat', 'leopard', 'pig', 'raccoon', 'persian cat'], [84.74, 53.94, 16.24, -3.35, -10.14])"
D:\ZSL\CNN\Test_TRIAL_DATASET_1-CLASS_1\rat\rat_10054.jpg,rat,mouse,26,9,mouse,"(['rat', 'leopard', 'pig', 'raccoon', 'persian cat'], [84.74, 53.94, 16.24, -3.35, -10.14])"
D:\ZSL\CNN\Test_TRIAL_DATASET_1-CLASS_1\rat\rat_10055.jpg,rat,mouse,26,9,mouse,"(['rat', 'leopard', 'pig', 'raccoon', 'persian cat'], [84.74, 53.94, 16.24, -3.35, -10.14])"
D:\ZSL\CNN\Test_TRIAL_DATASET_1-CLASS_1\rat\rat_10056.jpg,rat,mouse,26,9,mouse,"(['rat', 'leopard', 'pig', 'raccoon', 'persian cat'], [84.74, 53.94, 16.24, -3.35, -10.14])"
D:\ZSL\CNN\Test_TRIAL_DATASET_1-CLASS_1\rat\rat_10057.jpg,rat,mouse,26,9,mouse,"(['rat', 'leopard', 'pig', 'raccoon', 'persian cat'], [84.74, 53.94, 16.24, -3.35, -10.14])"
D:\ZSL\CNN\Test_TRIAL_DATASET_1-CLASS_1\rat\rat_10058.jpg,rat,mouse,26,9,mouse,"(['rat', 'leopard', 'pig', 'raccoon', 'persian cat'], [84.74, 53.94, 16.24, -3.35, -10.14])"
D:\ZSL\CNN\Test_TRIAL_DATASET_1-CLASS_1\rat\rat_10059.jpg,rat,mouse,26,9,mouse,"(['rat', 'leopard', 'pig', 'raccoon', 'persian cat'], [84.74, 53.94, 16.24, -3.35, -10.14])"
D:\ZSL\CNN\Test_TRIAL_DATASET_1-CLASS_1\rat\rat_10060.jpg,rat,mouse,26,9,mouse,"(['rat', 'leopard', 'pig', 'raccoon', 'persian cat'], [84.74, 53.94, 16.24, -3.35, -10.14])"
D:\ZSL\CNN\Test_TRIAL_DATASET_1-CLASS_1\rat\rat_10061.jpg,rat,mouse,26,9,mouse,"(['rat', 'leopard', 'pig', 'raccoon', 'persian cat'], [84.74, 53.94, 16.24, -3.35, -10.14])"
D:\ZSL\CNN\Test_TRIAL_DATASET_1-CLASS_1\rat\rat_10062.jpg,rat,mouse,26,9,mouse,"(['rat', 'leopard', 'pig', 'raccoon', 'persian cat'], [84.74, 53.94, 16.24, -3.35, -10.14])"
D:\ZSL\CNN\Test_TRIAL_DATASET_1-CLASS_1\rat\rat_10063.jpg,rat,mouse,26,9,mouse,"(['rat', 'leopard', 'pig', 'raccoon', 'persian cat'], [84.74, 53.94, 16.24, -3.35, -10.14])"
D:\ZSL\CNN\Test_TRIAL_DATASET_1-CLASS_1\rat\rat_10064.jpg,rat,mouse,26,9,mouse,"(['rat', 'leopard', 'pig', 'raccoon', 'persian cat'], [84.74, 53.94, 16.24, -3.35, -10.14])"
D:\ZSL\CNN\Test_TRIAL_DATASET_1-CLASS_1\rat\rat_10065.jpg,rat,mouse,26,9,mouse,"(['rat', 'leopard', 'pig', 'raccoon', 'persian cat'], [84.74, 53.94, 16.24, -3.35, -10.14])"
D:\ZSL\CNN\Test_TRIAL_DATASET_1-CLASS_1\rat\rat_10066.jpg,rat,mouse,26,9,mouse,"(['rat', 'leopard', 'pig', 'raccoon', 'persian cat'], [84.74, 53.94, 16.24, -3.35, -10.14])"
D:\ZSL\CNN\Test_TRIAL_DATASET_1-CLASS_1\rat\rat_10067.jpg,rat,mouse,26,9,mouse,"(['rat', 'leopard', 'pig', 'raccoon', 'persian cat'], [84.74, 53.94, 16.24, -3.35, -10.14])"
D:\ZSL\CNN\Test_TRIAL_DATASET_1-CLASS_1\rat\rat_10068.jpg,rat,mouse,26,9,mouse,"(['rat', 'leopard', 'pig', 'raccoon', 'persian cat'], [84.74, 53.94, 16.24, -3.35, -10.14])"
D:\ZSL\CNN\Test_TRIAL_DATASET_1-CLASS_1\rat\rat_10069.jpg,rat,mouse,26,9,mouse,"(['rat', 'leopard', 'pig', 'raccoon', 'persian cat'], [84.74, 53.94, 16.24, -3.35, -10.14])"
D:\ZSL\CNN\Test_TRIAL_DATASET_1-CLASS_1\rat\rat_10070.jpg,rat,rabbit,26,11,rabbit,"(['pig', 'rat', 'giant panda', 'raccoon', 'leopard'], [65.11, 46.21, 18.84, 14.3, -5.72])"
D:\ZSL\CNN\Test_TRIAL_DATASET_1-CLASS_1\rat\rat_10071.jpg,rat,mouse,26,9,mouse,"(['rat', 'leopard', 'pig', 'raccoon', 'persian cat'], [84.74, 53.94, 16.24, -3.35, -10.14])"
D:\ZSL\CNN\Test_TRIAL_DATASET_1-CLASS_1\rat\rat_10072.jpg,rat,mouse,26,9,mouse,"(['rat', 'leopard', 'pig', 'raccoon', 'persian cat'], [84.74, 53.94, 16.24, -3.35, -10.14])"
D:\ZSL\CNN\Test_TRIAL_DATASET_1-CLASS_1\rat\rat_10073.jpg,rat,mouse,26,9,mouse,"(['rat', 'leopard', 'pig', 'raccoon', 'persian cat'], [84.74, 53.94, 16.24, -3.35, -10.14])"
D:\ZSL\CNN\Test_TRIAL_DATASET_1-CLASS_1\rat\rat_10074.jpg,rat,siamese_cat,26,13,siamese cat,"(['persian cat', 'leopard', 'giant panda', 'raccoon', 'seal'], [95.16, 17.06, 6.12, -5.49, -8.13])"
D:\ZSL\CNN\Test_TRIAL_DATASET_1-CLASS_1\rat\rat_10075.jpg,rat,siamese_cat,26,13,siamese cat,"(['persian cat', 'leopard', 'giant panda', 'raccoon', 'seal'], [95.16, 17.06, 6.12, -5.49, -8.13])"
D:\ZSL\CNN\Test_TRIAL_DATASET_1-CLASS_1\rat\rat_10076.jpg,rat,mouse,26,9,mouse,"(['rat', 'leopard', 'pig', 'raccoon', 'persian cat'], [84.74, 53.94, 16.24, -3.35, -10.14])"
D:\ZSL\CNN\Test_TRIAL_DATASET_1-CLASS_1\rat\rat_10077.jpg,rat,siamese_cat,26,13,siamese cat,"(['persian cat', 'leopard', 'giant panda', 'raccoon', 'seal'], [95.16, 17.06, 6.12, -5.49, -8.13])"
D:\ZSL\CNN\Test_TRIAL_DATASET_1-CLASS_1\rat\rat_10078.jpg,rat,mouse,26,9,mouse,"(['rat', 'leopard', 'pig', 'raccoon', 'persian cat'], [84.74, 53.94, 16.24, -3.35, -10.14])"
D:\ZSL\CNN\Test_TRIAL_DATASET_1-CLASS_1\rat\rat_10079.jpg,rat,mouse,26,9,mouse,"(['rat', 'leopard', 'pig', 'raccoon', 'persian cat'], [84.74, 53.94, 16.24, -3.35, -10.14])"
D:\ZSL\CNN\Test_TRIAL_DATASET_1-CLASS_1\rat\rat_10080.jpg,rat,mouse,26,9,mouse,"(['rat', 'leopard', 'pig', 'raccoon', 'persian cat'], [84.74, 53.94, 16.24, -3.35, -10.14])"
D:\ZSL\CNN\Test_TRIAL_DATASET_1-CLASS_1\rat\rat_10081.jpg,rat,mouse,26,9,mouse,"(['rat', 'leopard', 'pig', 'raccoon', 'persian cat'], [84.74, 53.94, 16.24, -3.35, -10.14])"
D:\ZSL\CNN\Test_TRIAL_DATASET_1-CLASS_1\rat\rat_10082.jpg,rat,mouse,26,9,mouse,"(['rat', 'leopard', 'pig', 'raccoon', 'persian cat'], [84.74, 53.94, 16.24, -3.35, -10.14])"
D:\ZSL\CNN\Test_TRIAL_DATASET_1-CLASS_1\rat\rat_10083.jpg,rat,mouse,26,9,mouse,"(['rat', 'leopard', 'pig', 'raccoon', 'persian cat'], [84.74, 53.94, 16.24, -3.35, -10.14])"
D:\ZSL\CNN\Test_TRIAL_DATASET_1-CLASS_1\rat\rat_10084.jpg,rat,mouse,26,9,mouse,"(['rat', 'leopard', 'pig', 'raccoon', 'persian cat'], [84.74, 53.94, 16.24, -3.35, -10.14])"
D:\ZSL\CNN\Test_TRIAL_DATASET_1-CLASS_1\rat\rat_10085.jpg,rat,mouse,26,9,mouse,"(['rat', 'leopard', 'pig', 'raccoon', 'persian cat'], [84.74, 53.94, 16.24, -3.35, -10.14])"
D:\ZSL\CNN\Test_TRIAL_DATASET_1-CLASS_1\rat\rat_10086.jpg,rat,siamese_cat,26,13,siamese cat,"(['persian cat', 'leopard', 'giant panda', 'raccoon', 'seal'], [95.16, 17.06, 6.12, -5.49, -8.13])"
D:\ZSL\CNN\Test_TRIAL_DATASET_1-CLASS_1\rat\rat_10087.jpg,rat,mouse,26,9,mouse,"(['rat', 'leopard', 'pig', 'raccoon', 'persian cat'], [84.74, 53.94, 16.24, -3.35, -10.14])"
D:\ZSL\CNN\Test_TRIAL_DATASET_1-CLASS_1\rat\rat_10088.jpg,rat,mouse,26,9,mouse,"(['rat', 'leopard', 'pig', 'raccoon', 'persian cat'], [84.74, 53.94, 16.24, -3.35, -10.14])"
D:\ZSL\CNN\Test_TRIAL_DATASET_1-CLASS_1\rat\rat_10089.jpg,rat,mouse,26,9,mouse,"(['rat', 'leopard', 'pig', 'raccoon', 'persian cat'], [84.74, 53.94, 16.24, -3.35, -10.14])"
D:\ZSL\CNN\Test_TRIAL_DATASET_1-CLASS_1\rat\rat_10090.jpg,rat,mouse,26,9,mouse,"(['rat', 'leopard', 'pig', 'raccoon', 'persian cat'], [84.74, 53.94, 16.24, -3.35, -10.14])"
D:\ZSL\CNN\Test_TRIAL_DATASET_1-CLASS_1\rat\rat_10091.jpg,rat,siamese_cat,26,13,siamese cat,"(['persian cat', 'leopard', 'giant panda', 'raccoon', 'seal'], [95.16, 17.06, 6.12, -5.49, -8.13])"
D:\ZSL\CNN\Test_TRIAL_DATASET_1-CLASS_1\rat\rat_10092.jpg,rat,mouse,26,9,mouse,"(['rat', 'leopard', 'pig', 'raccoon', 'persian cat'], [84.74, 53.94, 16.24, -3.35, -10.14])"
D:\ZSL\CNN\Test_TRIAL_DATASET_1-CLASS_1\rat\rat_10093.jpg,rat,mouse,26,9,mouse,"(['rat', 'leopard', 'pig', 'raccoon', 'persian cat'], [84.74, 53.94, 16.24, -3.35, -10.14])"
D:\ZSL\CNN\Test_TRIAL_DATASET_1-CLASS_1\rat\rat_10094.jpg,rat,mouse,26,9,mouse,"(['rat', 'leopard', 'pig', 'raccoon', 'persian cat'], [84.74, 53.94, 16.24, -3.35, -10.14])"
D:\ZSL\CNN\Test_TRIAL_DATASET_1-CLASS_1\rat\rat_10095.jpg,rat,mouse,26,9,mouse,"(['rat', 'leopard', 'pig', 'raccoon', 'persian cat'], [84.74, 53.94, 16.24, -3.35, -10.14])"
D:\ZSL\CNN\Test_TRIAL_DATASET_1-CLASS_1\rat\rat_10096.jpg,rat,mouse,26,9,mouse,"(['rat', 'leopard', 'pig', 'raccoon', 'persian cat'], [84.74, 53.94, 16.24, -3.35, -10.14])"
D:\ZSL\CNN\Test_TRIAL_DATASET_1-CLASS_1\rat\rat_10097.jpg,rat,mouse,26,9,mouse,"(['rat', 'leopard', 'pig', 'raccoon', 'persian cat'], [84.74, 53.94, 16.24, -3.35, -10.14])"
D:\ZSL\CNN\Test_TRIAL_DATASET_1-CLASS_1\rat\rat_10098.jpg,rat,rabbit,26,11,rabbit,"(['pig', 'rat', 'giant panda', 'raccoon', 'leopard'], [65.11, 46.21, 18.84, 14.3, -5.72])"
D:\ZSL\CNN\Test_TRIAL_DATASET_1-CLASS_1\rat\rat_10099.jpg,rat,mouse,26,9,mouse,"(['rat', 'leopard', 'pig', 'raccoon', 'persian cat'], [84.74, 53.94, 16.24, -3.35, -10.14])"
D:\ZSL\CNN\Test_TRIAL_DATASET_1-CLASS_1\rat\rat_10100.jpg,rat,mouse,26,9,mouse,"(['rat', 'leopard', 'pig', 'raccoon', 'persian cat'], [84.74, 53.94, 16.24, -3.35, -10.14])"
D:\ZSL\CNN\Test_TRIAL_DATASET_1-CLASS_1\rat\rat_10101.jpg,rat,mouse,26,9,mouse,"(['rat', 'leopard', 'pig', 'raccoon', 'persian cat'], [84.74, 53.94, 16.24, -3.35, -10.14])"
D:\ZSL\CNN\Test_TRIAL_DATASET_1-CLASS_1\rat\rat_10102.jpg,rat,mouse,26,9,mouse,"(['rat', 'leopard', 'pig', 'raccoon', 'persian cat'], [84.74, 53.94, 16.24, -3.35, -10.14])"
D:\ZSL\CNN\Test_TRIAL_DATASET_1-CLASS_1\rat\rat_10103.jpg,rat,mouse,26,9,mouse,"(['rat', 'leopard', 'pig', 'raccoon', 'persian cat'], [84.74, 53.94, 16.24, -3.35, -10.14])"
D:\ZSL\CNN\Test_TRIAL_DATASET_1-CLASS_1\rat\rat_10104.jpg,rat,mouse,26,9,mouse,"(['rat', 'leopard', 'pig', 'raccoon', 'persian cat'], [84.74, 53.94, 16.24, -3.35, -10.14])"
D:\ZSL\CNN\Test_TRIAL_DATASET_1-CLASS_1\rat\rat_10105.jpg,rat,mouse,26,9,mouse,"(['rat', 'leopard', 'pig', 'raccoon', 'persian cat'], [84.74, 53.94, 16.24, -3.35, -10.14])"
D:\ZSL\CNN\Test_TRIAL_DATASET_1-CLASS_1\rat\rat_10106.jpg,rat,mouse,26,9,mouse,"(['rat', 'leopard', 'pig', 'raccoon', 'persian cat'], [84.74, 53.94, 16.24, -3.35, -10.14])"
D:\ZSL\CNN\Test_TRIAL_DATASET_1-CLASS_1\rat\rat_10107.jpg,rat,mouse,26,9,mouse,"(['rat', 'leopard', 'pig', 'raccoon', 'persian cat'], [84.74, 53.94, 16.24, -3.35, -10.14])"
D:\ZSL\CNN\Test_TRIAL_DATASET_1-CLASS_1\rat\rat_10108.jpg,rat,mouse,26,9,mouse,"(['rat', 'leopard', 'pig', 'raccoon', 'persian cat'], [84.74, 53.94, 16.24, -3.35, -10.14])"
D:\ZSL\CNN\Test_TRIAL_DATASET_1-CLASS_1\rat\rat_10109.jpg,rat,mouse,26,9,mouse,"(['rat', 'leopard', 'pig', 'raccoon', 'persian cat'], [84.74, 53.94, 16.24, -3.35, -10.14])"
D:\ZSL\CNN\Test_TRIAL_DATASET_1-CLASS_1\rat\rat_10110.jpg,rat,siamese_cat,26,13,siamese cat,"(['persian cat', 'leopard', 'giant panda', 'raccoon', 'seal'], [95.16, 17.06, 6.12, -5.49, -8.13])"
D:\ZSL\CNN\Test_TRIAL_DATASET_1-CLASS_1\rat\rat_10111.jpg,rat,mouse,26,9,mouse,"(['rat', 'leopard', 'pig', 'raccoon', 'persian cat'], [84.74, 53.94, 16.24, -3.35, -10.14])"
D:\ZSL\CNN\Test_TRIAL_DATASET_1-CLASS_1\rat\rat_10112.jpg,rat,mouse,26,9,mouse,"(['rat', 'leopard', 'pig', 'raccoon', 'persian cat'], [84.74, 53.94, 16.24, -3.35, -10.14])"
D:\ZSL\CNN\Test_TRIAL_DATASET_1-CLASS_1\rat\rat_10113.jpg,rat,mouse,26,9,mouse,"(['rat', 'leopard', 'pig', 'raccoon', 'persian cat'], [84.74, 53.94, 16.24, -3.35, -10.14])"
D:\ZSL\CNN\Test_TRIAL_DATASET_1-CLASS_1\rat\rat_10114.jpg,rat,mouse,26,9,mouse,"(['rat', 'leopard', 'pig', 'raccoon', 'persian cat'], [84.74, 53.94, 16.24, -3.35, -10.14])"
D:\ZSL\CNN\Test_TRIAL_DATASET_1-CLASS_1\rat\rat_10115.jpg,rat,mouse,26,9,mouse,"(['rat', 'leopard', 'pig', 'raccoon', 'persian cat'], [84.74, 53.94, 16.24, -3.35, -10.14])"
D:\ZSL\CNN\Test_TRIAL_DATASET_1-CLASS_1\rat\rat_10116.jpg,rat,mouse,26,9,mouse,"(['rat', 'leopard', 'pig', 'raccoon', 'persian cat'], [84.74, 53.94, 16.24, -3.35, -10.14])"
D:\ZSL\CNN\Test_TRIAL_DATASET_1-CLASS_1\rat\rat_10117.jpg,rat,siamese_cat,26,13,siamese cat,"(['persian cat', 'leopard', 'giant panda', 'raccoon', 'seal'], [95.16, 17.06, 6.12, -5.49, -8.13])"
D:\ZSL\CNN\Test_TRIAL_DATASET_1-CLASS_1\rat\rat_10118.jpg,rat,mouse,26,9,mouse,"(['rat', 'leopard', 'pig', 'raccoon', 'persian cat'], [84.74, 53.94, 16.24, -3.35, -10.14])"
D:\ZSL\CNN\Test_TRIAL_DATASET_1-CLASS_1\rat\rat_10119.jpg,rat,skunk,26,14,skunk,"(['rat', 'raccoon', 'seal', 'pig', 'giant panda'], [62.36, 41.18, 24.96, 18.58, -0.51])"
D:\ZSL\CNN\Test_TRIAL_DATASET_1-CLASS_1\rat\rat_10120.jpg,rat,siamese_cat,26,13,siamese cat,"(['persian cat', 'leopard', 'giant panda', 'raccoon', 'seal'], [95.16, 17.06, 6.12, -5.49, -8.13])"
D:\ZSL\CNN\Test_TRIAL_DATASET_1-CLASS_1\rat\rat_10121.jpg,rat,skunk,26,14,skunk,"(['rat', 'raccoon', 'seal', 'pig', 'giant panda'], [62.36, 41.18, 24.96, 18.58, -0.51])"
D:\ZSL\CNN\Test_TRIAL_DATASET_1-CLASS_1\rat\rat_10122.jpg,rat,mouse,26,9,mouse,"(['rat', 'leopard', 'pig', 'raccoon', 'persian cat'], [84.74, 53.94, 16.24, -3.35, -10.14])"
D:\ZSL\CNN\Test_TRIAL_DATASET_1-CLASS_1\rat\rat_10123.jpg,rat,siamese_cat,26,13,siamese cat,"(['persian cat', 'leopard', 'giant panda', 'raccoon', 'seal'], [95.16, 17.06, 6.12, -5.49, -8.13])"
D:\ZSL\CNN\Test_TRIAL_DATASET_1-CLASS_1\rat\rat_10124.jpg,rat,siamese_cat,26,13,siamese cat,"(['persian cat', 'leopard', 'giant panda', 'raccoon', 'seal'], [95.16, 17.06, 6.12, -5.49, -8.13])"
D:\ZSL\CNN\Test_TRIAL_DATASET_1-CLASS_1\rat\rat_10125.jpg,rat,mouse,26,9,mouse,"(['rat', 'leopard', 'pig', 'raccoon', 'persian cat'], [84.74, 53.94, 16.24, -3.35, -10.14])"
D:\ZSL\CNN\Test_TRIAL_DATASET_1-CLASS_1\rat\rat_10126.jpg,rat,mouse,26,9,mouse,"(['rat', 'leopard', 'pig', 'raccoon', 'persian cat'], [84.74, 53.94, 16.24, -3.35, -10.14])"
D:\ZSL\CNN\Test_TRIAL_DATASET_1-CLASS_1\rat\rat_10127.jpg,rat,mouse,26,9,mouse,"(['rat', 'leopard', 'pig', 'raccoon', 'persian cat'], [84.74, 53.94, 16.24, -3.35, -10.14])"
D:\ZSL\CNN\Test_TRIAL_DATASET_1-CLASS_1\rat\rat_10128.jpg,rat,mouse,26,9,mouse,"(['rat', 'leopard', 'pig', 'raccoon', 'persian cat'], [84.74, 53.94, 16.24, -3.35, -10.14])"
D:\ZSL\CNN\Test_TRIAL_DATASET_1-CLASS_1\rat\rat_10129.jpg,rat,mouse,26,9,mouse,"(['rat', 'leopard', 'pig', 'raccoon', 'persian cat'], [84.74, 53.94, 16.24, -3.35, -10.14])"
D:\ZSL\CNN\Test_TRIAL_DATASET_1-CLASS_1\rat\rat_10130.jpg,rat,mouse,26,9,mouse,"(['rat', 'leopard', 'pig', 'raccoon', 'persian cat'], [84.74, 53.94, 16.24, -3.35, -10.14])"
D:\ZSL\CNN\Test_TRIAL_DATASET_1-CLASS_1\rat\rat_10131.jpg,rat,mouse,26,9,mouse,"(['rat', 'leopard', 'pig', 'raccoon', 'persian cat'], [84.74, 53.94, 16.24, -3.35, -10.14])"
D:\ZSL\CNN\Test_TRIAL_DATASET_1-CLASS_1\rat\rat_10132.jpg,rat,mouse,26,9,mouse,"(['rat', 'leopard', 'pig', 'raccoon', 'persian cat'], [84.74, 53.94, 16.24, -3.35, -10.14])"
D:\ZSL\CNN\Test_TRIAL_DATASET_1-CLASS_1\rat\rat_10133.jpg,rat,mouse,26,9,mouse,"(['rat', 'leopard', 'pig', 'raccoon', 'persian cat'], [84.74, 53.94, 16.24, -3.35, -10.14])"
D:\ZSL\CNN\Test_TRIAL_DATASET_1-CLASS_1\rat\rat_10134.jpg,rat,mouse,26,9,mouse,"(['rat', 'leopard', 'pig', 'raccoon', 'persian cat'], [84.74, 53.94, 16.24, -3.35, -10.14])"
D:\ZSL\CNN\Test_TRIAL_DATASET_1-CLASS_1\rat\rat_10135.jpg,rat,mouse,26,9,mouse,"(['rat', 'leopard', 'pig', 'raccoon', 'persian cat'], [84.74, 53.94, 16.24, -3.35, -10.14])"
D:\ZSL\CNN\Test_TRIAL_DATASET_1-CLASS_1\rat\rat_10136.jpg,rat,mouse,26,9,mouse,"(['rat', 'leopard', 'pig', 'raccoon', 'persian cat'], [84.74, 53.94, 16.24, -3.35, -10.14])"
D:\ZSL\CNN\Test_TRIAL_DATASET_1-CLASS_1\rat\rat_10137.jpg,rat,siamese_cat,26,13,siamese cat,"(['persian cat', 'leopard', 'giant panda', 'raccoon', 'seal'], [95.16, 17.06, 6.12, -5.49, -8.13])"
D:\ZSL\CNN\Test_TRIAL_DATASET_1-CLASS_1\rat\rat_10138.jpg,rat,mouse,26,9,mouse,"(['rat', 'leopard', 'pig', 'raccoon', 'persian cat'], [84.74, 53.94, 16.24, -3.35, -10.14])"
D:\ZSL\CNN\Test_TRIAL_DATASET_1-CLASS_1\rat\rat_10139.jpg,rat,siamese_cat,26,13,siamese cat,"(['persian cat', 'leopard', 'giant panda', 'raccoon', 'seal'], [95.16, 17.06, 6.12, -5.49, -8.13])"
D:\ZSL\CNN\Test_TRIAL_DATASET_1-CLASS_1\rat\rat_10140.jpg,rat,mouse,26,9,mouse,"(['rat', 'leopard', 'pig', 'raccoon', 'persian cat'], [84.74, 53.94, 16.24, -3.35, -10.14])"
D:\ZSL\CNN\Test_TRIAL_DATASET_1-CLASS_1\rat\rat_10141.jpg,rat,mouse,26,9,mouse,"(['rat', 'leopard', 'pig', 'raccoon', 'persian cat'], [84.74, 53.94, 16.24, -3.35, -10.14])"
D:\ZSL\CNN\Test_TRIAL_DATASET_1-CLASS_1\rat\rat_10142.jpg,rat,mouse,26,9,mouse,"(['rat', 'leopard', 'pig', 'raccoon', 'persian cat'], [84.74, 53.94, 16.24, -3.35, -10.14])"
D:\ZSL\CNN\Test_TRIAL_DATASET_1-CLASS_1\rat\rat_10143.jpg,rat,mouse,26,9,mouse,"(['rat', 'leopard', 'pig', 'raccoon', 'persian cat'], [84.74, 53.94, 16.24, -3.35, -10.14])"
D:\ZSL\CNN\Test_TRIAL_DATASET_1-CLASS_1\rat\rat_10144.jpg,rat,mouse,26,9,mouse,"(['rat', 'leopard', 'pig', 'raccoon', 'persian cat'], [84.74, 53.94, 16.24, -3.35, -10.14])"
D:\ZSL\CNN\Test_TRIAL_DATASET_1-CLASS_1\rat\rat_10145.jpg,rat,mouse,26,9,mouse,"(['rat', 'leopard', 'pig', 'raccoon', 'persian cat'], [84.74, 53.94, 16.24, -3.35, -10.14])"
D:\ZSL\CNN\Test_TRIAL_DATASET_1-CLASS_1\rat\rat_10146.jpg,rat,mouse,26,9,mouse,"(['rat', 'leopard', 'pig', 'raccoon', 'persian cat'], [84.74, 53.94, 16.24, -3.35, -10.14])"
D:\ZSL\CNN\Test_TRIAL_DATASET_1-CLASS_1\rat\rat_10147.jpg,rat,mouse,26,9,mouse,"(['rat', 'leopard', 'pig', 'raccoon', 'persian cat'], [84.74, 53.94, 16.24, -3.35, -10.14])"
D:\ZSL\CNN\Test_TRIAL_DATASET_1-CLASS_1\rat\rat_10148.jpg,rat,mouse,26,9,mouse,"(['rat', 'leopard', 'pig', 'raccoon', 'persian cat'], [84.74, 53.94, 16.24, -3.35, -10.14])"
D:\ZSL\CNN\Test_TRIAL_DATASET_1-CLASS_1\rat\rat_10149.jpg,rat,mouse,26,9,mouse,"(['rat', 'leopard', 'pig', 'raccoon', 'persian cat'], [84.74, 53.94, 16.24, -3.35, -10.14])"
D:\ZSL\CNN\Test_TRIAL_DATASET_1-CLASS_1\rat\rat_10150.jpg,rat,mouse,26,9,mouse,"(['rat', 'leopard', 'pig', 'raccoon', 'persian cat'], [84.74, 53.94, 16.24, -3.35, -10.14])"
D:\ZSL\CNN\Test_TRIAL_DATASET_1-CLASS_1\rat\rat_10151.jpg,rat,mouse,26,9,mouse,"(['rat', 'leopard', 'pig', 'raccoon', 'persian cat'], [84.74, 53.94, 16.24, -3.35, -10.14])"
D:\ZSL\CNN\Test_TRIAL_DATASET_1-CLASS_1\rat\rat_10152.jpg,rat,mouse,26,9,mouse,"(['rat', 'leopard', 'pig', 'raccoon', 'persian cat'], [84.74, 53.94, 16.24, -3.35, -10.14])"
D:\ZSL\CNN\Test_TRIAL_DATASET_1-CLASS_1\rat\rat_10153.jpg,rat,mouse,26,9,mouse,"(['rat', 'leopard', 'pig', 'raccoon', 'persian cat'], [84.74, 53.94, 16.24, -3.35, -10.14])"
D:\ZSL\CNN\Test_TRIAL_DATASET_1-CLASS_1\rat\rat_10154.jpg,rat,mouse,26,9,mouse,"(['rat', 'leopard', 'pig', 'raccoon', 'persian cat'], [84.74, 53.94, 16.24, -3.35, -10.14])"
D:\ZSL\CNN\Test_TRIAL_DATASET_1-CLASS_1\rat\rat_10155.jpg,rat,mouse,26,9,mouse,"(['rat', 'leopard', 'pig', 'raccoon', 'persian cat'], [84.74, 53.94, 16.24, -3.35, -10.14])"
D:\ZSL\CNN\Test_TRIAL_DATASET_1-CLASS_1\rat\rat_10156.jpg,rat,mouse,26,9,mouse,"(['rat', 'leopard', 'pig', 'raccoon', 'persian cat'], [84.74, 53.94, 16.24, -3.35, -10.14])"
D:\ZSL\CNN\Test_TRIAL_DATASET_1-CLASS_1\rat\rat_10157.jpg,rat,skunk,26,14,skunk,"(['rat', 'raccoon', 'seal', 'pig', 'giant panda'], [62.36, 41.18, 24.96, 18.58, -0.51])"
D:\ZSL\CNN\Test_TRIAL_DATASET_1-CLASS_1\rat\rat_10158.jpg,rat,siamese_cat,26,13,siamese cat,"(['persian cat', 'leopard', 'giant panda', 'raccoon', 'seal'], [95.16, 17.06, 6.12, -5.49, -8.13])"
D:\ZSL\CNN\Test_TRIAL_DATASET_1-CLASS_1\rat\rat_10159.jpg,rat,mouse,26,9,mouse,"(['rat', 'leopard', 'pig', 'raccoon', 'persian cat'], [84.74, 53.94, 16.24, -3.35, -10.14])"
D:\ZSL\CNN\Test_TRIAL_DATASET_1-CLASS_1\rat\rat_10160.jpg,rat,mouse,26,9,mouse,"(['rat', 'leopard', 'pig', 'raccoon', 'persian cat'], [84.74, 53.94, 16.24, -3.35, -10.14])"
D:\ZSL\CNN\Test_TRIAL_DATASET_1-CLASS_1\rat\rat_10161.jpg,rat,mouse,26,9,mouse,"(['rat', 'leopard', 'pig', 'raccoon', 'persian cat'], [84.74, 53.94, 16.24, -3.35, -10.14])"
D:\ZSL\CNN\Test_TRIAL_DATASET_1-CLASS_1\rat\rat_10162.jpg,rat,mouse,26,9,mouse,"(['rat', 'leopard', 'pig', 'raccoon', 'persian cat'], [84.74, 53.94, 16.24, -3.35, -10.14])"
D:\ZSL\CNN\Test_TRIAL_DATASET_1-CLASS_1\rat\rat_10163.jpg,rat,mouse,26,9,mouse,"(['rat', 'leopard', 'pig', 'raccoon', 'persian cat'], [84.74, 53.94, 16.24, -3.35, -10.14])"
D:\ZSL\CNN\Test_TRIAL_DATASET_1-CLASS_1\rat\rat_10164.jpg,rat,mouse,26,9,mouse,"(['rat', 'leopard', 'pig', 'raccoon', 'persian cat'], [84.74, 53.94, 16.24, -3.35, -10.14])"
D:\ZSL\CNN\Test_TRIAL_DATASET_1-CLASS_1\rat\rat_10165.jpg,rat,mouse,26,9,mouse,"(['rat', 'leopard', 'pig', 'raccoon', 'persian cat'], [84.74, 53.94, 16.24, -3.35, -10.14])"
D:\ZSL\CNN\Test_TRIAL_DATASET_1-CLASS_1\rat\rat_10166.jpg,rat,mouse,26,9,mouse,"(['rat', 'leopard', 'pig', 'raccoon', 'persian cat'], [84.74, 53.94, 16.24, -3.35, -10.14])"
D:\ZSL\CNN\Test_TRIAL_DATASET_1-CLASS_1\rat\rat_10167.jpg,rat,mouse,26,9,mouse,"(['rat', 'leopard', 'pig', 'raccoon', 'persian cat'], [84.74, 53.94, 16.24, -3.35, -10.14])"
D:\ZSL\CNN\Test_TRIAL_DATASET_1-CLASS_1\rat\rat_10168.jpg,rat,skunk,26,14,skunk,"(['rat', 'raccoon', 'seal', 'pig', 'giant panda'], [62.36, 41.18, 24.96, 18.58, -0.51])"
D:\ZSL\CNN\Test_TRIAL_DATASET_1-CLASS_1\rat\rat_10169.jpg,rat,mouse,26,9,mouse,"(['rat', 'leopard', 'pig', 'raccoon', 'persian cat'], [84.74, 53.94, 16.24, -3.35, -10.14])"
D:\ZSL\CNN\Test_TRIAL_DATASET_1-CLASS_1\rat\rat_10170.jpg,rat,siamese_cat,26,13,siamese cat,"(['persian cat', 'leopard', 'giant panda', 'raccoon', 'seal'], [95.16, 17.06, 6.12, -5.49, -8.13])"
D:\ZSL\CNN\Test_TRIAL_DATASET_1-CLASS_1\rat\rat_10171.jpg,rat,mouse,26,9,mouse,"(['rat', 'leopard', 'pig', 'raccoon', 'persian cat'], [84.74, 53.94, 16.24, -3.35, -10.14])"
D:\ZSL\CNN\Test_TRIAL_DATASET_1-CLASS_1\rat\rat_10172.jpg,rat,mouse,26,9,mouse,"(['rat', 'leopard', 'pig', 'raccoon', 'persian cat'], [84.74, 53.94, 16.24, -3.35, -10.14])"
D:\ZSL\CNN\Test_TRIAL_DATASET_1-CLASS_1\rat\rat_10173.jpg,rat,siamese_cat,26,13,siamese cat,"(['persian cat', 'leopard', 'giant panda', 'raccoon', 'seal'], [95.16, 17.06, 6.12, -5.49, -8.13])"
D:\ZSL\CNN\Test_TRIAL_DATASET_1-CLASS_1\rat\rat_10174.jpg,rat,mouse,26,9,mouse,"(['rat', 'leopard', 'pig', 'raccoon', 'persian cat'], [84.74, 53.94, 16.24, -3.35, -10.14])"
D:\ZSL\CNN\Test_TRIAL_DATASET_1-CLASS_1\rat\rat_10175.jpg,rat,siamese_cat,26,13,siamese cat,"(['persian cat', 'leopard', 'giant panda', 'raccoon', 'seal'], [95.16, 17.06, 6.12, -5.49, -8.13])"
D:\ZSL\CNN\Test_TRIAL_DATASET_1-CLASS_1\rat\rat_10176.jpg,rat,skunk,26,14,skunk,"(['rat', 'raccoon', 'seal', 'pig', 'giant panda'], [62.36, 41.18, 24.96, 18.58, -0.51])"
D:\ZSL\CNN\Test_TRIAL_DATASET_1-CLASS_1\rat\rat_10177.jpg,rat,mouse,26,9,mouse,"(['rat', 'leopard', 'pig', 'raccoon', 'persian cat'], [84.74, 53.94, 16.24, -3.35, -10.14])"
D:\ZSL\CNN\Test_TRIAL_DATASET_1-CLASS_1\rat\rat_10178.jpg,rat,mouse,26,9,mouse,"(['rat', 'leopard', 'pig', 'raccoon', 'persian cat'], [84.74, 53.94, 16.24, -3.35, -10.14])"
D:\ZSL\CNN\Test_TRIAL_DATASET_1-CLASS_1\rat\rat_10179.jpg,rat,mouse,26,9,mouse,"(['rat', 'leopard', 'pig', 'raccoon', 'persian cat'], [84.74, 53.94, 16.24, -3.35, -10.14])"
D:\ZSL\CNN\Test_TRIAL_DATASET_1-CLASS_1\rat\rat_10180.jpg,rat,mouse,26,9,mouse,"(['rat', 'leopard', 'pig', 'raccoon', 'persian cat'], [84.74, 53.94, 16.24, -3.35, -10.14])"
D:\ZSL\CNN\Test_TRIAL_DATASET_1-CLASS_1\rat\rat_10181.jpg,rat,mouse,26,9,mouse,"(['rat', 'leopard', 'pig', 'raccoon', 'persian cat'], [84.74, 53.94, 16.24, -3.35, -10.14])"
D:\ZSL\CNN\Test_TRIAL_DATASET_1-CLASS_1\rat\rat_10182.jpg,rat,mouse,26,9,mouse,"(['rat', 'leopard', 'pig', 'raccoon', 'persian cat'], [84.74, 53.94, 16.24, -3.35, -10.14])"
D:\ZSL\CNN\Test_TRIAL_DATASET_1-CLASS_1\rat\rat_10183.jpg,rat,mouse,26,9,mouse,"(['rat', 'leopard', 'pig', 'raccoon', 'persian cat'], [84.74, 53.94, 16.24, -3.35, -10.14])"
D:\ZSL\CNN\Test_TRIAL_DATASET_1-CLASS_1\rat\rat_10184.jpg,rat,mouse,26,9,mouse,"(['rat', 'leopard', 'pig', 'raccoon', 'persian cat'], [84.74, 53.94, 16.24, -3.35, -10.14])"
D:\ZSL\CNN\Test_TRIAL_DATASET_1-CLASS_1\rat\rat_10185.jpg,rat,skunk,26,14,skunk,"(['rat', 'raccoon', 'seal', 'pig', 'giant panda'], [62.36, 41.18, 24.96, 18.58, -0.51])"
D:\ZSL\CNN\Test_TRIAL_DATASET_1-CLASS_1\rat\rat_10186.jpg,rat,skunk,26,14,skunk,"(['rat', 'raccoon', 'seal', 'pig', 'giant panda'], [62.36, 41.18, 24.96, 18.58, -0.51])"
D:\ZSL\CNN\Test_TRIAL_DATASET_1-CLASS_1\rat\rat_10187.jpg,rat,skunk,26,14,skunk,"(['rat', 'raccoon', 'seal', 'pig', 'giant panda'], [62.36, 41.18, 24.96, 18.58, -0.51])"
D:\ZSL\CNN\Test_TRIAL_DATASET_1-CLASS_1\rat\rat_10188.jpg,rat,siamese_cat,26,13,siamese cat,"(['persian cat', 'leopard', 'giant panda', 'raccoon', 'seal'], [95.16, 17.06, 6.12, -5.49, -8.13])"
D:\ZSL\CNN\Test_TRIAL_DATASET_1-CLASS_1\rat\rat_10189.jpg,rat,siamese_cat,26,13,siamese cat,"(['persian cat', 'leopard', 'giant panda', 'raccoon', 'seal'], [95.16, 17.06, 6.12, -5.49, -8.13])"
D:\ZSL\CNN\Test_TRIAL_DATASET_1-CLASS_1\rat\rat_10190.jpg,rat,monkey,26,8,monkey,"(['chimpanzee', 'pig', 'rat', 'leopard', 'giant panda'], [75.57, 41.33, 32.04, 6.61, -8.35])"
D:\ZSL\CNN\Test_TRIAL_DATASET_1-CLASS_1\rat\rat_10191.jpg,rat,mouse,26,9,mouse,"(['rat', 'leopard', 'pig', 'raccoon', 'persian cat'], [84.74, 53.94, 16.24, -3.35, -10.14])"
D:\ZSL\CNN\Test_TRIAL_DATASET_1-CLASS_1\rat\rat_10192.jpg,rat,skunk,26,14,skunk,"(['rat', 'raccoon', 'seal', 'pig', 'giant panda'], [62.36, 41.18, 24.96, 18.58, -0.51])"
D:\ZSL\CNN\Test_TRIAL_DATASET_1-CLASS_1\rat\rat_10193.jpg,rat,mouse,26,9,mouse,"(['rat', 'leopard', 'pig', 'raccoon', 'persian cat'], [84.74, 53.94, 16.24, -3.35, -10.14])"
D:\ZSL\CNN\Test_TRIAL_DATASET_1-CLASS_1\rat\rat_10194.jpg,rat,mouse,26,9,mouse,"(['rat', 'leopard', 'pig', 'raccoon', 'persian cat'], [84.74, 53.94, 16.24, -3.35, -10.14])"
D:\ZSL\CNN\Test_TRIAL_DATASET_1-CLASS_1\rat\rat_10195.jpg,rat,mouse,26,9,mouse,"(['rat', 'leopard', 'pig', 'raccoon', 'persian cat'], [84.74, 53.94, 16.24, -3.35, -10.14])"
D:\ZSL\CNN\Test_TRIAL_DATASET_1-CLASS_1\rat\rat_10196.jpg,rat,mouse,26,9,mouse,"(['rat', 'leopard', 'pig', 'raccoon', 'persian cat'], [84.74, 53.94, 16.24, -3.35, -10.14])"
D:\ZSL\CNN\Test_TRIAL_DATASET_1-CLASS_1\rat\rat_10197.jpg,rat,mouse,26,9,mouse,"(['rat', 'leopard', 'pig', 'raccoon', 'persian cat'], [84.74, 53.94, 16.24, -3.35, -10.14])"
D:\ZSL\CNN\Test_TRIAL_DATASET_1-CLASS_1\rat\rat_10198.jpg,rat,mouse,26,9,mouse,"(['rat', 'leopard', 'pig', 'raccoon', 'persian cat'], [84.74, 53.94, 16.24, -3.35, -10.14])"
D:\ZSL\CNN\Test_TRIAL_DATASET_1-CLASS_1\rat\rat_10199.jpg,rat,mouse,26,9,mouse,"(['rat', 'leopard', 'pig', 'raccoon', 'persian cat'], [84.74, 53.94, 16.24, -3.35, -10.14])"
D:\ZSL\CNN\Test_TRIAL_DATASET_1-CLASS_1\rat\rat_10200.jpg,rat,squirrel,26,15,squirrel,"(['rat', 'raccoon', 'leopard', 'pig', 'chimpanzee'], [80.96, 55.32, 17.24, 10.5, 5.34])"
D:\ZSL\CNN\Test_TRIAL_DATASET_1-CLASS_1\rat\rat_10201.jpg,rat,rabbit,26,11,rabbit,"(['pig', 'rat', 'giant panda', 'raccoon', 'leopard'], [65.11, 46.21, 18.84, 14.3, -5.72])"
D:\ZSL\CNN\Test_TRIAL_DATASET_1-CLASS_1\rat\rat_10202.jpg,rat,mouse,26,9,mouse,"(['rat', 'leopard', 'pig', 'raccoon', 'persian cat'], [84.74, 53.94, 16.24, -3.35, -10.14])"
D:\ZSL\CNN\Test_TRIAL_DATASET_1-CLASS_1\rat\rat_10203.jpg,rat,mouse,26,9,mouse,"(['rat', 'leopard', 'pig', 'raccoon', 'persian cat'], [84.74, 53.94, 16.24, -3.35, -10.14])"
D:\ZSL\CNN\Test_TRIAL_DATASET_1-CLASS_1\rat\rat_10204.jpg,rat,mouse,26,9,mouse,"(['rat', 'leopard', 'pig', 'raccoon', 'persian cat'], [84.74, 53.94, 16.24, -3.35, -10.14])"
D:\ZSL\CNN\Test_TRIAL_DATASET_1-CLASS_1\rat\rat_10205.jpg,rat,mouse,26,9,mouse,"(['rat', 'leopard', 'pig', 'raccoon', 'persian cat'], [84.74, 53.94, 16.24, -3.35, -10.14])"
D:\ZSL\CNN\Test_TRIAL_DATASET_1-CLASS_1\rat\rat_10206.jpg,rat,mouse,26,9,mouse,"(['rat', 'leopard', 'pig', 'raccoon', 'persian cat'], [84.74, 53.94, 16.24, -3.35, -10.14])"
D:\ZSL\CNN\Test_TRIAL_DATASET_1-CLASS_1\rat\rat_10207.jpg,rat,mouse,26,9,mouse,"(['rat', 'leopard', 'pig', 'raccoon', 'persian cat'], [84.74, 53.94, 16.24, -3.35, -10.14])"
D:\ZSL\CNN\Test_TRIAL_DATASET_1-CLASS_1\rat\rat_10208.jpg,rat,mouse,26,9,mouse,"(['rat', 'leopard', 'pig', 'raccoon', 'persian cat'], [84.74, 53.94, 16.24, -3.35, -10.14])"
D:\ZSL\CNN\Test_TRIAL_DATASET_1-CLASS_1\rat\rat_10209.jpg,rat,mouse,26,9,mouse,"(['rat', 'leopard', 'pig', 'raccoon', 'persian cat'], [84.74, 53.94, 16.24, -3.35, -10.14])"
D:\ZSL\CNN\Test_TRIAL_DATASET_1-CLASS_1\rat\rat_10210.jpg,rat,mouse,26,9,mouse,"(['rat', 'leopard', 'pig', 'raccoon', 'persian cat'], [84.74, 53.94, 16.24, -3.35, -10.14])"
D:\ZSL\CNN\Test_TRIAL_DATASET_1-CLASS_1\rat\rat_10211.jpg,rat,mouse,26,9,mouse,"(['rat', 'leopard', 'pig', 'raccoon', 'persian cat'], [84.74, 53.94, 16.24, -3.35, -10.14])"
D:\ZSL\CNN\Test_TRIAL_DATASET_1-CLASS_1\rat\rat_10212.jpg,rat,mouse,26,9,mouse,"(['rat', 'leopard', 'pig', 'raccoon', 'persian cat'], [84.74, 53.94, 16.24, -3.35, -10.14])"
D:\ZSL\CNN\Test_TRIAL_DATASET_1-CLASS_1\rat\rat_10213.jpg,rat,mouse,26,9,mouse,"(['rat', 'leopard', 'pig', 'raccoon', 'persian cat'], [84.74, 53.94, 16.24, -3.35, -10.14])"
D:\ZSL\CNN\Test_TRIAL_DATASET_1-CLASS_1\rat\rat_10214.jpg,rat,mouse,26,9,mouse,"(['rat', 'leopard', 'pig', 'raccoon', 'persian cat'], [84.74, 53.94, 16.24, -3.35, -10.14])"
D:\ZSL\CNN\Test_TRIAL_DATASET_1-CLASS_1\rat\rat_10215.jpg,rat,mouse,26,9,mouse,"(['rat', 'leopard', 'pig', 'raccoon', 'persian cat'], [84.74, 53.94, 16.24, -3.35, -10.14])"
D:\ZSL\CNN\Test_TRIAL_DATASET_1-CLASS_1\rat\rat_10216.jpg,rat,mouse,26,9,mouse,"(['rat', 'leopard', 'pig', 'raccoon', 'persian cat'], [84.74, 53.94, 16.24, -3.35, -10.14])"
D:\ZSL\CNN\Test_TRIAL_DATASET_1-CLASS_1\rat\rat_10217.jpg,rat,mouse,26,9,mouse,"(['rat', 'leopard', 'pig', 'raccoon', 'persian cat'], [84.74, 53.94, 16.24, -3.35, -10.14])"
D:\ZSL\CNN\Test_TRIAL_DATASET_1-CLASS_1\rat\rat_10218.jpg,rat,siamese_cat,26,13,siamese cat,"(['persian cat', 'leopard', 'giant panda', 'raccoon', 'seal'], [95.16, 17.06, 6.12, -5.49, -8.13])"
D:\ZSL\CNN\Test_TRIAL_DATASET_1-CLASS_1\rat\rat_10219.jpg,rat,siamese_cat,26,13,siamese cat,"(['persian cat', 'leopard', 'giant panda', 'raccoon', 'seal'], [95.16, 17.06, 6.12, -5.49, -8.13])"
D:\ZSL\CNN\Test_TRIAL_DATASET_1-CLASS_1\rat\rat_10220.jpg,rat,mouse,26,9,mouse,"(['rat', 'leopard', 'pig', 'raccoon', 'persian cat'], [84.74, 53.94, 16.24, -3.35, -10.14])"
D:\ZSL\CNN\Test_TRIAL_DATASET_1-CLASS_1\rat\rat_10221.jpg,rat,mouse,26,9,mouse,"(['rat', 'leopard', 'pig', 'raccoon', 'persian cat'], [84.74, 53.94, 16.24, -3.35, -10.14])"
D:\ZSL\CNN\Test_TRIAL_DATASET_1-CLASS_1\rat\rat_10222.jpg,rat,mouse,26,9,mouse,"(['rat', 'leopard', 'pig', 'raccoon', 'persian cat'], [84.74, 53.94, 16.24, -3.35, -10.14])"
D:\ZSL\CNN\Test_TRIAL_DATASET_1-CLASS_1\rat\rat_10223.jpg,rat,siamese_cat,26,13,siamese cat,"(['persian cat', 'leopard', 'giant panda', 'raccoon', 'seal'], [95.16, 17.06, 6.12, -5.49, -8.13])"
D:\ZSL\CNN\Test_TRIAL_DATASET_1-CLASS_1\rat\rat_10224.jpg,rat,siamese_cat,26,13,siamese cat,"(['persian cat', 'leopard', 'giant panda', 'raccoon', 'seal'], [95.16, 17.06, 6.12, -5.49, -8.13])"
D:\ZSL\CNN\Test_TRIAL_DATASET_1-CLASS_1\rat\rat_10225.jpg,rat,mouse,26,9,mouse,"(['rat', 'leopard', 'pig', 'raccoon', 'persian cat'], [84.74, 53.94, 16.24, -3.35, -10.14])"
D:\ZSL\CNN\Test_TRIAL_DATASET_1-CLASS_1\rat\rat_10226.jpg,rat,mouse,26,9,mouse,"(['rat', 'leopard', 'pig', 'raccoon', 'persian cat'], [84.74, 53.94, 16.24, -3.35, -10.14])"
D:\ZSL\CNN\Test_TRIAL_DATASET_1-CLASS_1\rat\rat_10227.jpg,rat,mouse,26,9,mouse,"(['rat', 'leopard', 'pig', 'raccoon', 'persian cat'], [84.74, 53.94, 16.24, -3.35, -10.14])"
D:\ZSL\CNN\Test_TRIAL_DATASET_1-CLASS_1\rat\rat_10228.jpg,rat,walrus,26,17,walrus,"(['humpback whale', 'pig', 'seal', 'hippopotamus', 'giant panda'], [49.61, 33.32, 21.44, 14.39, 6.44])"
D:\ZSL\CNN\Test_TRIAL_DATASET_1-CLASS_1\rat\rat_10229.jpg,rat,mouse,26,9,mouse,"(['rat', 'leopard', 'pig', 'raccoon', 'persian cat'], [84.74, 53.94, 16.24, -3.35, -10.14])"
D:\ZSL\CNN\Test_TRIAL_DATASET_1-CLASS_1\rat\rat_10230.jpg,rat,skunk,26,14,skunk,"(['rat', 'raccoon', 'seal', 'pig', 'giant panda'], [62.36, 41.18, 24.96, 18.58, -0.51])"
D:\ZSL\CNN\Test_TRIAL_DATASET_1-CLASS_1\rat\rat_10231.jpg,rat,mouse,26,9,mouse,"(['rat', 'leopard', 'pig', 'raccoon', 'persian cat'], [84.74, 53.94, 16.24, -3.35, -10.14])"
D:\ZSL\CNN\Test_TRIAL_DATASET_1-CLASS_1\rat\rat_10232.jpg,rat,rabbit,26,11,rabbit,"(['pig', 'rat', 'giant panda', 'raccoon', 'leopard'], [65.11, 46.21, 18.84, 14.3, -5.72])"
D:\ZSL\CNN\Test_TRIAL_DATASET_1-CLASS_1\rat\rat_10233.jpg,rat,mouse,26,9,mouse,"(['rat', 'leopard', 'pig', 'raccoon', 'persian cat'], [84.74, 53.94, 16.24, -3.35, -10.14])"
D:\ZSL\CNN\Test_TRIAL_DATASET_1-CLASS_1\rat\rat_10234.jpg,rat,mouse,26,9,mouse,"(['rat', 'leopard', 'pig', 'raccoon', 'persian cat'], [84.74, 53.94, 16.24, -3.35, -10.14])"
D:\ZSL\CNN\Test_TRIAL_DATASET_1-CLASS_1\rat\rat_10235.jpg,rat,mouse,26,9,mouse,"(['rat', 'leopard', 'pig', 'raccoon', 'persian cat'], [84.74, 53.94, 16.24, -3.35, -10.14])"
D:\ZSL\CNN\Test_TRIAL_DATASET_1-CLASS_1\rat\rat_10236.jpg,rat,mouse,26,9,mouse,"(['rat', 'leopard', 'pig', 'raccoon', 'persian cat'], [84.74, 53.94, 16.24, -3.35, -10.14])"
D:\ZSL\CNN\Test_TRIAL_DATASET_1-CLASS_1\rat\rat_10237.jpg,rat,walrus,26,17,walrus,"(['humpback whale', 'pig', 'seal', 'hippopotamus', 'giant panda'], [49.61, 33.32, 21.44, 14.39, 6.44])"
D:\ZSL\CNN\Test_TRIAL_DATASET_1-CLASS_1\rat\rat_10238.jpg,rat,squirrel,26,15,squirrel,"(['rat', 'raccoon', 'leopard', 'pig', 'chimpanzee'], [80.96, 55.32, 17.24, 10.5, 5.34])"
D:\ZSL\CNN\Test_TRIAL_DATASET_1-CLASS_1\rat\rat_10239.jpg,rat,mouse,26,9,mouse,"(['rat', 'leopard', 'pig', 'raccoon', 'persian cat'], [84.74, 53.94, 16.24, -3.35, -10.14])"
D:\ZSL\CNN\Test_TRIAL_DATASET_1-CLASS_1\rat\rat_10240.jpg,rat,mouse,26,9,mouse,"(['rat', 'leopard', 'pig', 'raccoon', 'persian cat'], [84.74, 53.94, 16.24, -3.35, -10.14])"
D:\ZSL\CNN\Test_TRIAL_DATASET_1-CLASS_1\rat\rat_10241.jpg,rat,monkey,26,8,monkey,"(['chimpanzee', 'pig', 'rat', 'leopard', 'giant panda'], [75.57, 41.33, 32.04, 6.61, -8.35])"
D:\ZSL\CNN\Test_TRIAL_DATASET_1-CLASS_1\rat\rat_10242.jpg,rat,mouse,26,9,mouse,"(['rat', 'leopard', 'pig', 'raccoon', 'persian cat'], [84.74, 53.94, 16.24, -3.35, -10.14])"
D:\ZSL\CNN\Test_TRIAL_DATASET_1-CLASS_1\rat\rat_10243.jpg,rat,mouse,26,9,mouse,"(['rat', 'leopard', 'pig', 'raccoon', 'persian cat'], [84.74, 53.94, 16.24, -3.35, -10.14])"
D:\ZSL\CNN\Test_TRIAL_DATASET_1-CLASS_1\rat\rat_10244.jpg,rat,mouse,26,9,mouse,"(['rat', 'leopard', 'pig', 'raccoon', 'persian cat'], [84.74, 53.94, 16.24, -3.35, -10.14])"
D:\ZSL\CNN\Test_TRIAL_DATASET_1-CLASS_1\rat\rat_10245.jpg,rat,mouse,26,9,mouse,"(['rat', 'leopard', 'pig', 'raccoon', 'persian cat'], [84.74, 53.94, 16.24, -3.35, -10.14])"
D:\ZSL\CNN\Test_TRIAL_DATASET_1-CLASS_1\rat\rat_10246.jpg,rat,mouse,26,9,mouse,"(['rat', 'leopard', 'pig', 'raccoon', 'persian cat'], [84.74, 53.94, 16.24, -3.35, -10.14])"
D:\ZSL\CNN\Test_TRIAL_DATASET_1-CLASS_1\rat\rat_10247.jpg,rat,mouse,26,9,mouse,"(['rat', 'leopard', 'pig', 'raccoon', 'persian cat'], [84.74, 53.94, 16.24, -3.35, -10.14])"
D:\ZSL\CNN\Test_TRIAL_DATASET_1-CLASS_1\rat\rat_10248.jpg,rat,mouse,26,9,mouse,"(['rat', 'leopard', 'pig', 'raccoon', 'persian cat'], [84.74, 53.94, 16.24, -3.35, -10.14])"
D:\ZSL\CNN\Test_TRIAL_DATASET_1-CLASS_1\rat\rat_10249.jpg,rat,mouse,26,9,mouse,"(['rat', 'leopard', 'pig', 'raccoon', 'persian cat'], [84.74, 53.94, 16.24, -3.35, -10.14])"
D:\ZSL\CNN\Test_TRIAL_DATASET_1-CLASS_1\rat\rat_10250.jpg,rat,mouse,26,9,mouse,"(['rat', 'leopard', 'pig', 'raccoon', 'persian cat'], [84.74, 53.94, 16.24, -3.35, -10.14])"
D:\ZSL\CNN\Test_TRIAL_DATASET_1-CLASS_1\rat\rat_10251.jpg,rat,mouse,26,9,mouse,"(['rat', 'leopard', 'pig', 'raccoon', 'persian cat'], [84.74, 53.94, 16.24, -3.35, -10.14])"
D:\ZSL\CNN\Test_TRIAL_DATASET_1-CLASS_1\rat\rat_10252.jpg,rat,mouse,26,9,mouse,"(['rat', 'leopard', 'pig', 'raccoon', 'persian cat'], [84.74, 53.94, 16.24, -3.35, -10.14])"
D:\ZSL\CNN\Test_TRIAL_DATASET_1-CLASS_1\rat\rat_10253.jpg,rat,mouse,26,9,mouse,"(['rat', 'leopard', 'pig', 'raccoon', 'persian cat'], [84.74, 53.94, 16.24, -3.35, -10.14])"
D:\ZSL\CNN\Test_TRIAL_DATASET_1-CLASS_1\rat\rat_10254.jpg,rat,mouse,26,9,mouse,"(['rat', 'leopard', 'pig', 'raccoon', 'persian cat'], [84.74, 53.94, 16.24, -3.35, -10.14])"
D:\ZSL\CNN\Test_TRIAL_DATASET_1-CLASS_1\rat\rat_10255.jpg,rat,siamese_cat,26,13,siamese cat,"(['persian cat', 'leopard', 'giant panda', 'raccoon', 'seal'], [95.16, 17.06, 6.12, -5.49, -8.13])"
D:\ZSL\CNN\Test_TRIAL_DATASET_1-CLASS_1\rat\rat_10256.jpg,rat,mouse,26,9,mouse,"(['rat', 'leopard', 'pig', 'raccoon', 'persian cat'], [84.74, 53.94, 16.24, -3.35, -10.14])"
D:\ZSL\CNN\Test_TRIAL_DATASET_1-CLASS_1\rat\rat_10257.jpg,rat,mouse,26,9,mouse,"(['rat', 'leopard', 'pig', 'raccoon', 'persian cat'], [84.74, 53.94, 16.24, -3.35, -10.14])"
D:\ZSL\CNN\Test_TRIAL_DATASET_1-CLASS_1\rat\rat_10258.jpg,rat,monkey,26,8,monkey,"(['chimpanzee', 'pig', 'rat', 'leopard', 'giant panda'], [75.57, 41.33, 32.04, 6.61, -8.35])"
D:\ZSL\CNN\Test_TRIAL_DATASET_1-CLASS_1\rat\rat_10259.jpg,rat,siamese_cat,26,13,siamese cat,"(['persian cat', 'leopard', 'giant panda', 'raccoon', 'seal'], [95.16, 17.06, 6.12, -5.49, -8.13])"
D:\ZSL\CNN\Test_TRIAL_DATASET_1-CLASS_1\rat\rat_10260.jpg,rat,mouse,26,9,mouse,"(['rat', 'leopard', 'pig', 'raccoon', 'persian cat'], [84.74, 53.94, 16.24, -3.35, -10.14])"
D:\ZSL\CNN\Test_TRIAL_DATASET_1-CLASS_1\rat\rat_10261.jpg,rat,siamese_cat,26,13,siamese cat,"(['persian cat', 'leopard', 'giant panda', 'raccoon', 'seal'], [95.16, 17.06, 6.12, -5.49, -8.13])"
D:\ZSL\CNN\Test_TRIAL_DATASET_1-CLASS_1\rat\rat_10262.jpg,rat,mouse,26,9,mouse,"(['rat', 'leopard', 'pig', 'raccoon', 'persian cat'], [84.74, 53.94, 16.24, -3.35, -10.14])"
D:\ZSL\CNN\Test_TRIAL_DATASET_1-CLASS_1\rat\rat_10263.jpg,rat,mouse,26,9,mouse,"(['rat', 'leopard', 'pig', 'raccoon', 'persian cat'], [84.74, 53.94, 16.24, -3.35, -10.14])"
D:\ZSL\CNN\Test_TRIAL_DATASET_1-CLASS_1\rat\rat_10264.jpg,rat,mouse,26,9,mouse,"(['rat', 'leopard', 'pig', 'raccoon', 'persian cat'], [84.74, 53.94, 16.24, -3.35, -10.14])"
D:\ZSL\CNN\Test_TRIAL_DATASET_1-CLASS_1\rat\rat_10265.jpg,rat,mouse,26,9,mouse,"(['rat', 'leopard', 'pig', 'raccoon', 'persian cat'], [84.74, 53.94, 16.24, -3.35, -10.14])"
D:\ZSL\CNN\Test_TRIAL_DATASET_1-CLASS_1\rat\rat_10266.jpg,rat,mouse,26,9,mouse,"(['rat', 'leopard', 'pig', 'raccoon', 'persian cat'], [84.74, 53.94, 16.24, -3.35, -10.14])"
D:\ZSL\CNN\Test_TRIAL_DATASET_1-CLASS_1\rat\rat_10267.jpg,rat,mouse,26,9,mouse,"(['rat', 'leopard', 'pig', 'raccoon', 'persian cat'], [84.74, 53.94, 16.24, -3.35, -10.14])"
D:\ZSL\CNN\Test_TRIAL_DATASET_1-CLASS_1\rat\rat_10268.jpg,rat,mouse,26,9,mouse,"(['rat', 'leopard', 'pig', 'raccoon', 'persian cat'], [84.74, 53.94, 16.24, -3.35, -10.14])"
D:\ZSL\CNN\Test_TRIAL_DATASET_1-CLASS_1\rat\rat_10269.jpg,rat,mouse,26,9,mouse,"(['rat', 'leopard', 'pig', 'raccoon', 'persian cat'], [84.74, 53.94, 16.24, -3.35, -10.14])"
D:\ZSL\CNN\Test_TRIAL_DATASET_1-CLASS_1\rat\rat_10270.jpg,rat,mouse,26,9,mouse,"(['rat', 'leopard', 'pig', 'raccoon', 'persian cat'], [84.74, 53.94, 16.24, -3.35, -10.14])"
D:\ZSL\CNN\Test_TRIAL_DATASET_1-CLASS_1\rat\rat_10271.jpg,rat,mouse,26,9,mouse,"(['rat', 'leopard', 'pig', 'raccoon', 'persian cat'], [84.74, 53.94, 16.24, -3.35, -10.14])"
D:\ZSL\CNN\Test_TRIAL_DATASET_1-CLASS_1\rat\rat_10272.jpg,rat,mouse,26,9,mouse,"(['rat', 'leopard', 'pig', 'raccoon', 'persian cat'], [84.74, 53.94, 16.24, -3.35, -10.14])"
D:\ZSL\CNN\Test_TRIAL_DATASET_1-CLASS_1\rat\rat_10273.jpg,rat,mouse,26,9,mouse,"(['rat', 'leopard', 'pig', 'raccoon', 'persian cat'], [84.74, 53.94, 16.24, -3.35, -10.14])"
D:\ZSL\CNN\Test_TRIAL_DATASET_1-CLASS_1\rat\rat_10274.jpg,rat,mouse,26,9,mouse,"(['rat', 'leopard', 'pig', 'raccoon', 'persian cat'], [84.74, 53.94, 16.24, -3.35, -10.14])"
D:\ZSL\CNN\Test_TRIAL_DATASET_1-CLASS_1\rat\rat_10275.jpg,rat,mouse,26,9,mouse,"(['rat', 'leopard', 'pig', 'raccoon', 'persian cat'], [84.74, 53.94, 16.24, -3.35, -10.14])"
D:\ZSL\CNN\Test_TRIAL_DATASET_1-CLASS_1\rat\rat_10276.jpg,rat,mouse,26,9,mouse,"(['rat', 'leopard', 'pig', 'raccoon', 'persian cat'], [84.74, 53.94, 16.24, -3.35, -10.14])"
D:\ZSL\CNN\Test_TRIAL_DATASET_1-CLASS_1\rat\rat_10277.jpg,rat,mouse,26,9,mouse,"(['rat', 'leopard', 'pig', 'raccoon', 'persian cat'], [84.74, 53.94, 16.24, -3.35, -10.14])"
D:\ZSL\CNN\Test_TRIAL_DATASET_1-CLASS_1\rat\rat_10278.jpg,rat,mouse,26,9,mouse,"(['rat', 'leopard', 'pig', 'raccoon', 'persian cat'], [84.74, 53.94, 16.24, -3.35, -10.14])"
D:\ZSL\CNN\Test_TRIAL_DATASET_1-CLASS_1\rat\rat_10279.jpg,rat,mouse,26,9,mouse,"(['rat', 'leopard', 'pig', 'raccoon', 'persian cat'], [84.74, 53.94, 16.24, -3.35, -10.14])"
D:\ZSL\CNN\Test_TRIAL_DATASET_1-CLASS_1\rat\rat_10280.jpg,rat,mouse,26,9,mouse,"(['rat', 'leopard', 'pig', 'raccoon', 'persian cat'], [84.74, 53.94, 16.24, -3.35, -10.14])"
D:\ZSL\CNN\Test_TRIAL_DATASET_1-CLASS_1\rat\rat_10281.jpg,rat,mouse,26,9,mouse,"(['rat', 'leopard', 'pig', 'raccoon', 'persian cat'], [84.74, 53.94, 16.24, -3.35, -10.14])"
D:\ZSL\CNN\Test_TRIAL_DATASET_1-CLASS_1\rat\rat_10282.jpg,rat,mouse,26,9,mouse,"(['rat', 'leopard', 'pig', 'raccoon', 'persian cat'], [84.74, 53.94, 16.24, -3.35, -10.14])"
D:\ZSL\CNN\Test_TRIAL_DATASET_1-CLASS_1\rat\rat_10283.jpg,rat,mouse,26,9,mouse,"(['rat', 'leopard', 'pig', 'raccoon', 'persian cat'], [84.74, 53.94, 16.24, -3.35, -10.14])"
D:\ZSL\CNN\Test_TRIAL_DATASET_1-CLASS_1\rat\rat_10284.jpg,rat,mouse,26,9,mouse,"(['rat', 'leopard', 'pig', 'raccoon', 'persian cat'], [84.74, 53.94, 16.24, -3.35, -10.14])"
D:\ZSL\CNN\Test_TRIAL_DATASET_1-CLASS_1\rat\rat_10285.jpg,rat,mouse,26,9,mouse,"(['rat', 'leopard', 'pig', 'raccoon', 'persian cat'], [84.74, 53.94, 16.24, -3.35, -10.14])"
D:\ZSL\CNN\Test_TRIAL_DATASET_1-CLASS_1\rat\rat_10286.jpg,rat,mouse,26,9,mouse,"(['rat', 'leopard', 'pig', 'raccoon', 'persian cat'], [84.74, 53.94, 16.24, -3.35, -10.14])"
D:\ZSL\CNN\Test_TRIAL_DATASET_1-CLASS_1\rat\rat_10287.jpg,rat,mouse,26,9,mouse,"(['rat', 'leopard', 'pig', 'raccoon', 'persian cat'], [84.74, 53.94, 16.24, -3.35, -10.14])"
D:\ZSL\CNN\Test_TRIAL_DATASET_1-CLASS_1\rat\rat_10288.jpg,rat,mouse,26,9,mouse,"(['rat', 'leopard', 'pig', 'raccoon', 'persian cat'], [84.74, 53.94, 16.24, -3.35, -10.14])"
D:\ZSL\CNN\Test_TRIAL_DATASET_1-CLASS_1\rat\rat_10289.jpg,rat,mouse,26,9,mouse,"(['rat', 'leopard', 'pig', 'raccoon', 'persian cat'], [84.74, 53.94, 16.24, -3.35, -10.14])"
D:\ZSL\CNN\Test_TRIAL_DATASET_1-CLASS_1\rat\rat_10290.jpg,rat,mouse,26,9,mouse,"(['rat', 'leopard', 'pig', 'raccoon', 'persian cat'], [84.74, 53.94, 16.24, -3.35, -10.14])"
D:\ZSL\CNN\Test_TRIAL_DATASET_1-CLASS_1\rat\rat_10291.jpg,rat,mouse,26,9,mouse,"(['rat', 'leopard', 'pig', 'raccoon', 'persian cat'], [84.74, 53.94, 16.24, -3.35, -10.14])"
D:\ZSL\CNN\Test_TRIAL_DATASET_1-CLASS_1\rat\rat_10292.jpg,rat,mouse,26,9,mouse,"(['rat', 'leopard', 'pig', 'raccoon', 'persian cat'], [84.74, 53.94, 16.24, -3.35, -10.14])"
D:\ZSL\CNN\Test_TRIAL_DATASET_1-CLASS_1\rat\rat_10293.jpg,rat,siamese_cat,26,13,siamese cat,"(['persian cat', 'leopard', 'giant panda', 'raccoon', 'seal'], [95.16, 17.06, 6.12, -5.49, -8.13])"
D:\ZSL\CNN\Test_TRIAL_DATASET_1-CLASS_1\rat\rat_10294.jpg,rat,mouse,26,9,mouse,"(['rat', 'leopard', 'pig', 'raccoon', 'persian cat'], [84.74, 53.94, 16.24, -3.35, -10.14])"
D:\ZSL\CNN\Test_TRIAL_DATASET_1-CLASS_1\rat\rat_10295.jpg,rat,mouse,26,9,mouse,"(['rat', 'leopard', 'pig', 'raccoon', 'persian cat'], [84.74, 53.94, 16.24, -3.35, -10.14])"
D:\ZSL\CNN\Test_TRIAL_DATASET_1-CLASS_1\rat\rat_10296.jpg,rat,mouse,26,9,mouse,"(['rat', 'leopard', 'pig', 'raccoon', 'persian cat'], [84.74, 53.94, 16.24, -3.35, -10.14])"
D:\ZSL\CNN\Test_TRIAL_DATASET_1-CLASS_1\rat\rat_10297.jpg,rat,mouse,26,9,mouse,"(['rat', 'leopard', 'pig', 'raccoon', 'persian cat'], [84.74, 53.94, 16.24, -3.35, -10.14])"
D:\ZSL\CNN\Test_TRIAL_DATASET_1-CLASS_1\rat\rat_10298.jpg,rat,mouse,26,9,mouse,"(['rat', 'leopard', 'pig', 'raccoon', 'persian cat'], [84.74, 53.94, 16.24, -3.35, -10.14])"
D:\ZSL\CNN\Test_TRIAL_DATASET_1-CLASS_1\rat\rat_10299.jpg,rat,mouse,26,9,mouse,"(['rat', 'leopard', 'pig', 'raccoon', 'persian cat'], [84.74, 53.94, 16.24, -3.35, -10.14])"
D:\ZSL\CNN\Test_TRIAL_DATASET_1-CLASS_1\rat\rat_10300.jpg,rat,mouse,26,9,mouse,"(['rat', 'leopard', 'pig', 'raccoon', 'persian cat'], [84.74, 53.94, 16.24, -3.35, -10.14])"
D:\ZSL\CNN\Test_TRIAL_DATASET_1-CLASS_1\rat\rat_10301.jpg,rat,mouse,26,9,mouse,"(['rat', 'leopard', 'pig', 'raccoon', 'persian cat'], [84.74, 53.94, 16.24, -3.35, -10.14])"
D:\ZSL\CNN\Test_TRIAL_DATASET_1-CLASS_1\rat\rat_10302.jpg,rat,mouse,26,9,mouse,"(['rat', 'leopard', 'pig', 'raccoon', 'persian cat'], [84.74, 53.94, 16.24, -3.35, -10.14])"
D:\ZSL\CNN\Test_TRIAL_DATASET_1-CLASS_1\rat\rat_10303.jpg,rat,siamese_cat,26,13,siamese cat,"(['persian cat', 'leopard', 'giant panda', 'raccoon', 'seal'], [95.16, 17.06, 6.12, -5.49, -8.13])"
D:\ZSL\CNN\Test_TRIAL_DATASET_1-CLASS_1\rat\rat_10304.jpg,rat,mouse,26,9,mouse,"(['rat', 'leopard', 'pig', 'raccoon', 'persian cat'], [84.74, 53.94, 16.24, -3.35, -10.14])"
D:\ZSL\CNN\Test_TRIAL_DATASET_1-CLASS_1\rat\rat_10305.jpg,rat,mouse,26,9,mouse,"(['rat', 'leopard', 'pig', 'raccoon', 'persian cat'], [84.74, 53.94, 16.24, -3.35, -10.14])"
D:\ZSL\CNN\Test_TRIAL_DATASET_1-CLASS_1\rat\rat_10306.jpg,rat,mouse,26,9,mouse,"(['rat', 'leopard', 'pig', 'raccoon', 'persian cat'], [84.74, 53.94, 16.24, -3.35, -10.14])"
D:\ZSL\CNN\Test_TRIAL_DATASET_1-CLASS_1\rat\rat_10307.jpg,rat,mouse,26,9,mouse,"(['rat', 'leopard', 'pig', 'raccoon', 'persian cat'], [84.74, 53.94, 16.24, -3.35, -10.14])"
D:\ZSL\CNN\Test_TRIAL_DATASET_1-CLASS_1\rat\rat_10308.jpg,rat,mouse,26,9,mouse,"(['rat', 'leopard', 'pig', 'raccoon', 'persian cat'], [84.74, 53.94, 16.24, -3.35, -10.14])"
D:\ZSL\CNN\Test_TRIAL_DATASET_1-CLASS_1\rat\rat_10309.jpg,rat,mouse,26,9,mouse,"(['rat', 'leopard', 'pig', 'raccoon', 'persian cat'], [84.74, 53.94, 16.24, -3.35, -10.14])"
D:\ZSL\CNN\Test_TRIAL_DATASET_1-CLASS_1\rat\rat_10310.jpg,rat,siamese_cat,26,13,siamese cat,"(['persian cat', 'leopard', 'giant panda', 'raccoon', 'seal'], [95.16, 17.06, 6.12, -5.49, -8.13])"
